0,88
1,141
2,102
3,108
4,78
5,56
7,65
8,39
9,120
10,85
11,121
12,40
13,42
14,124
15,205
16,44
17,293
18,326
19,69
20,71
21,90
22,104
23,130
24,130
25,93
26,212
27,79
28,29
29,30
30,80
31,60
32,61
33,84
34,35
36,180
37,137
38,199
6,65
6,138
39,120
39,285
40,122
41,67
42,99
43,224
45,186
45,46
46,47
46,144
48,89
49,72
49,73
49,170
51,75
52,107
53,299
54,175
55,132
56,95
57,195
58,157
59,114
60,96
60,115
61,116
62,160
34,117
63,164
63,64
63,119
64,183
64,119
40,121
66,122
66,139
67,86
67,221
42,184
43,125
43,204
44,226
45,167
68,209
69,70
69,188
70,168
71,72
71,145
72,170
50,211
50,231
74,127
51,91
76,77
77,78
77,174
78,152
79,94
81,133
56,154
82,113
82,114
83,96
83,135
83,158
84,160
34,242
65,219
85,98
85,287
87,126
88,100
88,140
89,210
89,248
90,127
90,146
75,105
51,75
51,147
91,129
91,147
92,109
92,93
92,150
94,194
80,132
81,153
81,111
95,111
96,196
61,159
84,215
34,366
97,136
97,162
97,181
99,123
99,202
100,126
100,140
101,142
101,143
102,103
102,169
103,169
103,145
105,128
106,107
108,148
93,235
110,151
94,337
80,238
111,176
95,315
112,113
114,177
117,161
119,182
120,286
121,267
124,125
125,270
126,224
127,252
104,146
104,128
128,171
105,172
106,129
129,254
106,190
107,190
108,256
131,173
131,149
131,312
93,363
133,259
113,177
134,178
134,135
115,240
115,197
116,197
118,283
136,137
137,198
119,164
120,285
98,347
122,220
122,268
123,165
124,223
140,246
141,207
141,142
143,166
144,187
144,273
147,253
107,391
130,191
130,334
148,192
148,280
149,193
150,313
150,235
151,212
151,500
133,338
133,153
154,155
155,214
156,239
112,157
135,340
116,342
161,179
161,216
136,181
163,198
164,164
138,183
138,218
139,200
165,245
123,201
167,187
168,247
169,250
145,329
146,233
149,311
173,396
152,174
174,236
152,337
175,434
175,301
153,260
176,260
176,315
157,239
177,178
159,241
160,241
179,216
162,180
162,181
182,217
183,265
184,202
184,288
185,353
185,185
167,228
188,230
189,249
170,330
171,233
171,172
172,297
191,255
191,279
192,193
192,280
193,257
173,312
194,237
132,238
132,259
154,316
195,214
195,239
196,317
196,240
180,244
198,262
164,199
164,264
201,245
201,269
202,269
203,223
185,324
205,226
205,408
206,227
207,227
207,290
208,291
186,208
186,272
187,292
209,229
209,327
188,247
210,248
210,249
211,277
211,296
190,331
212,336
194,433
213,237
197,318
160,525
160,215
181,305
199,264
218,219
218,266
200,268
200,371
221,371
221,446
222,372
223,351
224,289
185,225
226,385
229,294
229,357
188,275
231,359
231,276
232,278
234,332
235,363
237,300
214,339
178,418
240,240
241,343
215,344
242,282
242,366
216,419
216,216
216,243
244,261
164,284
217,306
219,266
246,289
246,324
227,466
228,307
228,292
230,294
230,275
248,309
249,377
250,468
250,469
251,358
252,310
233,252
253,254
253,297
254,331
258,362
236,397
236,379
238,303
239,456
263,420
217,321
268,383
245,349
269,350
271,409
273,308
273,292
274,327
247,328
276,295
276,590
277,296
256,361
256,280
257,427
257,394
259,303
260,338
260,380
281,343
282,344
283,319
262,440
262,320
264,367
284,321
265,322
265,266
266,461
286,346
286,370
287,370
287,382
267,348
267,422
288,373
288,323
270,425
291,291
272,355
293,308
293,375
275,328
247,247
278,360
278,310
298,334
299,392
299,413
302,303
304,341
282,345
216,437
261,319
261,381
284,485
306,322
306,443
285,402
285,346
270,351
270,384
289,352
291,374
272,325
292,307
308,356
294,328
309,388
309,377
296,360
297,390
280,393
311,394
311,395
313,362
314,336
300,502
300,398
315,364
316,364
316,339
317,341
321,368
322,369
324,352
307,386
326,375
326,450
327,387
247,376
330,359
310,411
332,494
332,378
333,378
334,412
312,453
335,428
313,454
336,431
337,415
303,417
315,435
340,418
340,477
318,365
318,342
342,343
344,480
319,381
347,382
347,403
348,403
349,372
349,350
323,350
323,373
352,539
353,407
354,449
355,386
329,358
358,410
359,645
360,590
360,411
331,391
361,414
312,395
337,433
338,475
339,874
365,399
343,554
344,345
345,345
345,366
367,401
368,441
368,442
346,506
370,421
348,444
371,536
373,406
351,447
375,491
357,387
357,467
377,468
363,571
363,429
364,476
382,533
372,446
351,424
384,424
353,540
385,409
385,511
374,449
374,426
386,589
376,566
376,388
389,390
361,545
361,393
393,452
395,497
396,453
396,597
397,432
397,455
379,455
379,415
398,416
398,502
380,521
380,522
341,478
400,437
381,481
401,484
402,461
404,423
383,464
383,405
350,562
373,488
406,447
384,448
407,408
408,640
409,465
387,450
388,686
410,568
359,410
411,513
378,412
378,514
412,470
392,516
392,517
413,414
413,517
362,428
362,454
415,501
418,573
399,524
419,526
381,457
420,483
421,462
421,463
422,423
423,558
425,636
425,637
407,563
387,492
391,615
391,494
414,496
393,518
394,519
428,570
429,430
429,571
431,520
431,471
417,434
434,666
417,473
435,476
435,522
436,479
419,504
438,439
438,458
440,528
441,442
442,486
443,486
443,487
402,634
402,532
403,534
403,508
422,509
445,510
406,488
406,489
447,489
424,538
424,448
448,538
426,614
426,589
451,594
427,546
427,519
453,597
454,616
433,501
456,551
456,550
437,504
437,655
457,458
439,527
439,505
459,529
460,529
441,485
461,531
462,507
444,508
444,535
464,560
446,537
449,564
449,614
450,542
467,492
469,644
469,512
470,544
452,518
452,546
471,499
471,520
455,622
472,548
474,475
475,549
476,599
477,523
477,574
478,523
478,503
479,480
345,480
345,1056
457,656
482,578
484,580
484,530
486,556
461,633
463,463
463,533
488,489
465,511
465,587
466,588
466,684
490,490
490,641
492,542
468,567
493,512
493,568
494,593
495,516
496,545
496,663
497,744
497,597
498,954
499,500
499,618
500,747
501,598
502,548
503,524
479,479
483,605
485,555
506,507
509,535
509,585
446,610
490,564
512,644
515,595
516,662
518,596
502,624
522,599
523,653
524,576
479,525
525,602
526,671
526,577
504,627
458,527
505,527
505,628
528,579
483,580
530,555
485,581
531,582
506,532
532,634
533,583
508,607
535,584
536,561
510,680
510,586
537,586
538,763
539,638
540,681
511,612
541,684
513,591
513,569
543,569
514,544
544,595
546,649
547,617
520,618
521,549
521,706
551,552
551,874
503,691
503,553
479,480
529,659
556,632
557,582
531,633
534,606
534,607
558,585
559,560
560,608
561,661
539,637
540,639
540,779
564,613
542,642
565,566
566,686
543,823
543,646
517,704
517,663
545,770
570,746
572,623
548,664
549,849
573,600
573,690
574,600
574,667
575,625
576,625
576,709
554,601
554,602
577,672
577,626
579,675
529,658
580,630
530,631
581,677
582,678
506,759
585,696
558,559
539,698
563,639
563,611
587,588
587,738
588,764
565,643
590,741
591,591
569,822
592,646
593,594
593,647
595,648
571,617
598,1097
598,773
599,707
600,730
601,654
479,670
603,671
604,656
527,657
527,734
578,674
579,674
555,715
583,759
583,606
584,607
584,696
608,609
609,661
586,680
612,682
612,683
614,799
589,721
567,567
567,702
615,742
594,726
617,687
571,687
618,747
619,728
620,688
622,789
623,773
624,651
624,664
625,752
601,668
601,831
602,732
479,669
626,672
578,628
629,659
605,605
605,630
630,676
631,660
631,693
632,694
633,678
634,679
606,735
558,696
558,736
610,837
610,697
635,763
637,969
638,698
638,681
639,797
611,611
611,640
640,682
641,641
613,739
613,685
642,700
642,781
643,740
567,701
646,724
615,725
647,725
647,804
594,784
597,745
616,746
616,788
650,688
621,705
621,789
652,706
654,668
627,711
655,733
655,712
656,814
628,754
578,776
658,659
605,713
660,676
660,714
607,695
661,718
643,782
567,767
644,722
645,723
590,723
662,704
662,785
663,727
664,808
665,666
666,729
653,667
654,692
654,753
668,731
669,732
669,670
671,791
626,710
627,627
673,880
657,834
657,734
658,675
676,756
678,678
680,737
681,719
682,780
683,699
683,838
684,764
641,839
686,701
689,690
690,730
667,774
653,691
691,752
692,709
692,753
670,852
672,710
672,711
627,733
674,776
677,757
694,816
678,694
695,735
695,760
698,796
700,800
700,766
701,947
702,722
702,767
703,724
703,742
704,786
687,825
688,705
688,748
705,772
707,750
708,751
708,790
653,877
710,879
711,812
674,792
675,755
693,714
693,693
693,715
715,757
678,793
716,758
696,736
717,795
718,860
719,719
641,739
720,721
722,801
723,914
703,768
726,805
726,784
727,786
727,770
728,807
728,844
729,729
706,809
706,810
709,830
731,775
732,902
713,815
714,855
735,835
696,794
737,777
737,861
697,818
641,891
739,798
720,799
720,866
721,866
740,840
740,782
724,768
742,769
725,783
743,953
687,806
748,771
749,849
750,810
751,829
733,813
734,754
754,883
755,792
759,1043
759,858
760,761
761,794
736,859
736,817
762,819
763,819
719,796
738,934
738,890
764,764
764,864
765,839
741,821
724,802
768,803
742,803
769,783
770,843
744,896
744,745
745,972
746,824
747,1031
771,846
771,898
748,898
772,920
772,873
730,774
730,876
774,900
752,830
753,775
734,854
734,754
756,815
757,855
758,856
758,885
760,930
777,907
777,888
778,818
779,820
779,797
780,838
780,889
764,863
766,800
766,781
782,893
767,868
785,895
785,842
787,843
789,873
773,773
753,923
791,833
776,883
776,928
794,931
795,817
795,836
796,1025
800,867
781,912
801,913
801,869
741,948
802,894
802,803
784,871
784,950
805,938
786,842
788,825
807,845
807,846
809,827
809,850
750,810
750,750
811,811
811,851
790,875
775,831
775,924
791,853
813,926
793,1041
793,856
817,859
797,910
798,891
798,865
799,892
821,870
822,823
823,894
804,949
804,871
824,824
806,825
806,897
826,974
808,826
808,1142
729,957
827,849
827,850
828,851
829,876
829,875
830,877
832,878
833,853
814,903
814,882
834,882
834,927
734,883
792,980
815,943
816,963
816,929
835,886
836,860
836,932
818,966
819,909
839,1109
822,937
841,895
824,1011
844,845
847,955
848,994
853,925
855,904
856,905
857,981
858,906
859,964
860,933
861,888
861,908
862,985
838,934
863,890
866,892
867,970
867,946
840,912
840,1007
868,971
868,913
869,988
871,989
842,951
843,1138
844,992
846,1013
846,919
873,920
851,874
877,900
831,901
878,901
852,902
852,999
881,903
882,903
854,927
884,943
884,904
885,905
885,1023
887,933
838,889
889,1064
838,1006
890,935
863,935
891,936
865,936
865,1066
870,937
894,1160
896,916
896,972
872,918
825,1011
825,1012
899,973
849,1035
850,939
874,1077
876,995
900,1078
831,924
831,1036
878,958
902,977
879,959
879,1001
880,978
880,1002
858,906
886,906
886,930
888,944
888,965
908,1062
908,983
892,986
911,970
912,1007
913,1008
869,1027
914,948
914,1028
915,916
915,953
915,990
916,990
917,1048
872,1231
897,1012
897,1051
898,955
920,1014
921,956
849,975
922,1016
875,1099
923,1121
923,924
901,976
883,979
928,961
904,1106
905,1080
930,982
909,967
910,1063
910,984
934,1065
935,1086
937,1136
938,950
895,1069
895,951
939,1035
939,1075
925,1057
925,1000
926,940
903,1125
927,1003
941,1059
942,1021
943,1004
904,1022
929,963
931,964
933,944
944,965
936,1026
945,986
892,1111
947,1244
947,987
948,1092
949,1009
938,1205
951,1010
952,1010
953,990
954,1398
954,991
956,1015
956,1033
957,1034
957,994
924,996
958,997
958,998
959,1000
959,1079
926,1170
960,978
961,1039
962,980
931,982
931,1044
966,1045
966,1005
909,1084
967,968
969,969
946,970
946,1088
971,1091
950,989
953,1139
972,1207
955,1014
974,1074
976,997
976,1037
977,998
977,1148
961,1020
980,1039
963,1060
981,1023
981,1042
906,906
982,1061
964,1081
965,983
967,1084
984,984
985,985
986,1066
971,987
988,1135
991,1182
991,1368
992,1071
992,1032
973,993
993,1073
973,1117
994,1034
975,1098
996,1121
996,1036
997,1055
998,1055
999,1056
1000,1123
1001,1079
1001,1019
978,1058
1002,1102
1002,1125
979,1104
979,1038
983,1172
1005,1045
1005,1131
969,1173
987,1091
1008,1027
1008,1159
989,1047
1012,1050
1015,1033
1015,1074
995,1120
995,1053
1017,1018
1017,1053
1018,1054
1020,1038
1020,1039
1004,1021
1024,1084
1025,1108
985,1085
1006,1064
1006,1065
1007,1089
1027,1159
1029,1068
1029,1046
1009,1046
1010,1115
1030,1094
1030,1162
1011,1279
1011,1050
1031,1071
1032,1072
1013,1072
1013,1164
1014,1165
1014,1073
1033,1118
1035,1143
1035,1075
1016,1075
1016,1144
1036,1037
1038,1186
1021,1216
1004,1022
1022,1153
1023,1080
1023,1128
1042,1154
1024,1343
969,1024
1025,1156
1026,1133
1026,1087
1029,1137
1048,1278
1048,1093
1049,1140
1050,1280
1051,1052
1052,1095
1031,1096
1032,1232
1034,1119
1053,1100
1054,1078
1054,1147
1037,1055
1058,1102
1039,1039
1040,1059
1040,1187
1059,1105
1004,1171
1060,1107
1041,1107
1041,1126
1042,1128
906,1191
1044,1061
1061,1191
1044,1081
1045,1130
1045,1131
1063,1132
1064,1157
1066,1110
1067,1270
1068,1180
1068,1137
1046,1161
1009,1248
1069,1114
1070,1093
1051,1183
1052,1116
1071,1208
1072,1209
1076,1145
1078,1237
1055,1148
1056,1122
1057,1123
1079,1124
1082,1083
1062,1129
1062,1130
1063,1108
1085,1193
1085,1194
1065,1158
1088,1225
1088,1202
1090,1134
1092,1299
1092,1179
1009,1009
1069,1115
1093,1229
1094,1162
1073,1117
1097,1258
1097,1118
1074,1210
1098,1143
1075,1330
1075,1236
1077,1145
1077,1146
1037,1238
1101,1215
1056,1169
1057,1122
1058,1151
1104,1104
1105,1152
1105,1288
1060,1188
1060,1290
1107,1126
1080,1241
1082,1192
1086,1174
1086,1175
1109,1176
1109,1175
1087,1195
1087,1110
1110,1196
1089,1203
1089,1134
1091,1244
1091,1112
1113,1204
1009,1161
1118,1259
1119,1142
1099,1120
1120,1166
1100,1167
1100,1168
1121,1307
1122,1309
1057,1123
1102,1265
1125,1266
1103,1185
1106,1153
1106,1218
1127,1189
1081,1155
1081,1221
1129,1172
1130,1222
1131,1268
1084,1316
1108,1156
1132,1193
1086,1295
1111,1197
1111,1177
1134,1346
1135,1272
1135,1226
1136,1179
1136,1227
1114,1205
1115,1249
1139,1206
1139,1275
1116,1183
1117,1258
1141,1211
1144,1213
1144,1212
1099,1146
1146,1333
1099,1284
1147,1168
1148,1372
1124,1407
1124,1149
1149,1150
1104,1185
1039,1359
1152,1187
1126,1189
1128,1190
1154,1190
1154,1219
1155,1192
1129,1267
1156,1173
1108,1479
1157,1194
1157,1243
1158,1174
1158,1243
1133,1176
1133,1195
1160,1228
1160,1245
1137,1273
1137,1247
1138,1349
1138,1325
1140,1182
1140,1327
1163,1257
1164,1233
1165,1234
1165,1571
1142,1282
1145,1262
1166,1284
1166,1167
1169,1215
1057,1309
1150,1170
1153,1217
1155,1221
1172,1242
1174,1388
1175,1223
1176,1223
1177,1198
1159,1272
1178,1204
1179,1457
1180,1245
1161,1274
1161,1248
1181,1249
1162,1251
1162,1230
1182,1399
1183,1301
1164,1209
1184,1260
1167,1168
1168,1263
1147,1263
1147,1237
1170,1239
1185,1286
1171,1216
1190,1292
1191,1360
1192,1242
1193,1294
1194,1318
1196,1197
1196,1319
1198,1199
1199,1296
1199,1200
1200,1297
1201,1224
1201,1202
1202,1321
1203,1225
1203,1322
1180,1246
1210,1329
1143,1261
1143,1330
1212,1236
1214,1335
1170,1310
1186,1186
1187,1287
1216,1340
1217,1240
1217,1289
1218,1218
1188,1218
1188,1290
1189,1313
1220,1315
1221,1386
1195,1429
1197,1412
1199,1269
1200,1345
1224,1271
1225,1321
1204,1559
1227,1228
1205,1414
1206,1250
1206,1326
1207,1277
1207,1278
1229,1278
1230,1253
1230,1252
1208,1257
1208,1418
1232,1352
1232,1302
1209,1302
1233,1234
1211,1304
1211,1355
1235,1305
1212,1331
1213,1331
1213,1262
1239,1285
1187,1288
1171,1240
1219,1292
1219,1314
1222,1342
1173,1343
1173,1317
1223,1295
1198,1296
1224,1298
1244,1323
1246,1362
1246,1273
1248,1347
1249,1348
1250,1300
1250,1393
1229,1251
1229,1394
1231,1253
1231,1254
1254,1350
1255,1281
1256,1546
1257,1328
1234,1419
1259,1369
1236,1283
1213,1332
1263,1306
1237,1306
1237,1371
1264,1334
1238,1307
1238,1447
1215,1308
1266,1311
1266,1338
1241,1426
1241,1291
1242,1341
1267,1293
1222,1293
1268,1316
1243,1388
1223,1411
1269,1296
1269,1345
1270,1271
1271,1456
1245,1362
1247,1273
1247,1274
1274,1390
1275,1326
1275,1539
1276,1277
1251,1363
1251,1364
1253,1365
1254,1366
1280,1351
1281,1400
1258,1354
1260,1303
1260,1304
1262,1356
1284,1357
1265,1336
1265,1337
1186,1339
1287,1359
1287,1381
1289,1312
1218,1312
1218,1425
1290,1383
1292,1314
1267,1341
1267,1387
1293,1387
1222,1410
1297,1320
1297,1361
1270,1320
1272,1433
1249,1391
1300,1392
1300,1393
1277,1459
1301,1400
1302,1353
1304,1355
1262,1404
1306,1466
1310,1375
1310,1424
1285,1424
1285,1358
1311,1337
1286,1379
1286,1380
1288,1381
1218,1382
1313,1384
1315,1385
1315,1360
1268,1342
1268,1450
1294,1453
1294,1344
1318,1344
1295,1514
1296,1482
1320,1553
1270,1455
1321,1501
1299,1324
1299,1457
1325,1349
1325,1392
1281,1351
1305,1464
1305,1422
1332,1404
1333,1356
1333,1405
1334,1371
1334,1467
1335,1406
1335,1446
1307,1447
1308,1373
1308,1309
1309,1594
1336,1358
1336,1376
1311,1377
1339,1409
1312,1382
1314,1314
1342,1428
1316,1450
1296,1534
1346,1484
1346,1389
1323,1536
1323,1432
1347,1390
1278,1460
1278,1394
1350,1366
1350,1438
1352,1418
1352,1401
1353,1401
1353,1442
1354,1420
1354,1402
1329,1491
1330,1423
1332,1444
1356,1405
1357,1370
1357,1466
1337,1376
1337,1449
1339,1408
1360,1427
1341,1497
1343,1452
1344,1499
1362,1672
1347,1434
1348,1414
1349,1435
1363,1394
1363,1364
1364,1395
1366,1437
1367,1415
1367,1368
1368,1439
1355,1492
1355,1549
1331,1465
1331,1403
1372,1373
1373,1526
1374,1527
1358,1448
1358,1376
1338,1377
1377,1449
1338,1378
1378,1379
1359,1409
1359,1689
1381,1710
1312,1472
1384,1426
1385,1475
1386,1580
1387,1410
1389,1483
1389,1535
1391,1435
1391,1562
1392,1436
1365,1396
1365,1676
1366,1618
1397,1438
1397,1398
1397,1504
1398,1489
1367,1517
1399,1440
1399,1520
1369,1402
1402,1547
1369,1490
1405,1508
1371,1776
1406,1446
1406,1493
1372,1494
1375,1407
1375,1528
1338,1495
1380,1471
1380,1408
1408,1510
1382,1473
1382,1474
1383,1425
1383,1530
1384,1531
1314,1475
1385,1496
1410,1428
1388,1480
1411,1500
1411,1514
1413,1483
1390,1434
1393,1458
1416,1440
1400,1461
1400,1545
1417,1506
1401,1462
1419,1443
1419,1639
1420,1420
1421,1464
1423,1591
1423,1522
1404,1444
1407,1469
1424,1470
1409,1510
1410,1478
1429,1500
1429,1454
1412,1582
1412,1482
1430,1455
1431,1485
1432,1536
1432,1486
1434,1487
1414,1746
1435,1537
1392,1503
1436,1458
1393,1488
1438,1585
1415,1542
1415,1586
1439,1519
1441,1566
1418,1568
1418,1462
1422,1422
1422,1572
1444,1523
1445,1467
1445,1468
1447,1493
1448,1470
1448,1686
1379,1379
1379,1471
1425,1474
1427,1533
1427,1668
1428,1581
1450,1581
1451,1452
1451,1671
1451,1512
1453,1499
1453,1498
1455,1553
1433,1486
1433,1557
1457,1516
1436,1503
1393,1458
1459,1539
1459,1460
1440,1505
1461,1544
1462,1605
1442,1569
1442,1570
1420,1547
1463,1549
1465,1507
1465,1573
1467,1509
1445,1509
1468,1524
1470,1528
1449,1495
1472,1473
1425,1627
1426,1578
1426,1532
1475,1496
1476,1477
1476,1611
1477,1552
1452,1512
1479,1513
1479,1718
1481,1631
1482,1534
1456,1599
1483,1554
1484,1484
1486,1723
1487,1502
1488,1662
1460,1617
1489,1563
1489,1540
1490,1607
1491,1492
1491,1548
1422,1464
1468,1509
1446,1524
1446,1593
1493,1525
1495,1608
1471,1529
1473,1474
1496,1533
1478,1598
1478,1581
1498,1513
1498,1651
1482,1582
1485,1614
1485,1951
1487,1694
1502,1561
1502,1634
1503,1538
1393,1584
1504,1585
1504,1563
1505,1519
1505,1543
1492,1590
1507,1522
1508,1644
1466,1666
1466,1683
1494,1684
1510,1577
1473,1610
1511,1530
1511,1531
1497,1552
1497,1669
1512,1717
1513,1651
1499,1630
1514,1654
1500,1857
1515,1632
1501,1657
1501,1554
1484,1535
1484,1555
1516,1615
1516,1616
1517,1518
1520,1543
1520,1564
1521,1566
1506,1603
1506,1567
1492,1640
1464,1664
1522,1591
1507,1624
1508,1592
1509,1574
1524,1705
1525,1593
1525,1757
1527,1576
1527,1575
1528,1625
1529,1595
1529,1609
1510,1626
1511,1578
1531,1578
1532,1579
1532,1597
1533,1668
1534,1741
1538,1601
1538,1584
1539,1635
1540,1541
1540,1699
1541,1542
1541,1602
1542,1602
1517,1586
1543,1587
1548,1607
1548,1590
1508,1645
1550,1574
1526,1646
1551,1596
1530,1596
1530,1628
1552,1613
1553,1632
1535,1554
1555,1556
1536,1723
1557,1600
1558,1600
1560,1561
1560,1694
1561,1660
1562,1674
1537,1562
1537,1601
1563,1619
1519,1587
1564,1565
1565,1637
1544,1588
1546,1730
1546,1603
1567,1604
1568,1604
1569,1605
1569,1638
1570,1733
1570,1638
1571,1606
1571,1751
1547,1606
1572,1665
1574,1704
1575,1594
1575,1667
1576,1685
1577,1626
1579,1597
1579,1629
1580,1650
1580,1715
1581,1598
1535,1743
1557,1658
1559,1744
1559,1659
1583,1633
1537,1767
1584,1661
1586,1621
1564,1728
1566,1729
1567,1663
1589,1622
1590,1862
1549,1641
1572,1735
1573,1624
1573,1679
1592,1645
1592,1682
1576,1736
1577,1595
1577,1595
1596,1628
1578,1649
1597,1649
1598,1669
1599,1742
1555,1722
1600,1658
1601,1724
1587,1727
1565,1728
1544,1677
1549,1640
1591,1643
1593,1706
1594,1758
1608,1688
1608,1781
1610,1870
1610,1711
1611,1612
1611,1716
1581,1947
1582,1656
1554,1794
1617,1725
1617,1770
1585,1618
1585,1619
1619,1748
1602,1636
1620,1636
1621,1840
1603,1731
1606,1798
1623,1799
1624,1799
1594,1707
1609,1688
1609,1648
1626,1783
1627,1628
1578,1787
1597,1629
1613,1692
1631,1763
1631,1654
1582,1721
1615,1659
1615,1745
1615,1616
1616,1633
1635,1698
1635,1769
1618,1726
1585,1748
1602,1700
1636,1700
1603,1730
1604,1663
1605,1750
1605,1638
1622,1639
1622,1734
1607,1904
1640,1863
1642,1752
1644,1681
1645,1682
1646,1684
1646,1758
1647,1647
1647,1708
1625,1737
1625,1686
1595,1648
1648,1709
1595,1783
1627,1711
1578,1786
1649,1690
1629,1713
1650,1789
1630,1719
1630,1720
1652,1653
1652,1720
1654,1811
1655,1793
1656,1740
1632,1693
1633,1764
1634,1660
1634,1695
1662,1697
1662,1768
1637,1701
1637,1771
1641,1664
1664,1752
1643,1665
1665,1735
1643,1866
1644,1800
1666,1775
1666,1703
1667,1707
1667,1736
1647,1737
1628,1712
1668,1714
1650,1738
1669,1791
1670,1671
1651,1762
1653,1834
1657,1742
1657,1880
1658,1816
1659,1745
1672,1673
1672,1919
1660,1694
1661,1724
1661,1697
1675,1698
1676,1726
1676,1795
1677,1677
1678,1774
1663,1732
1638,2033
1639,1733
1639,1734
1643,1753
1679,1680
1679,1867
1680,1681
1683,1703
1683,1846
1684,1826
1685,1708
1685,1803
1687,1780
1689,1852
1689,1710
1691,1831
1693,1814
1693,1836
1658,1837
1658,1897
1695,1696
1695,1765
1696,1746
1674,1767
1661,1819
1697,1838
1698,1747
1702,1773
1677,1796
1641,1845
1682,1754
1704,1756
1705,1847
1705,1706
1706,1757
1707,1827
1708,1778
1688,1782
1688,1709
1709,1709
1712,1759
1712,1785
1713,1930
1713,1760
1714,1760
1714,1890
1715,1832
1715,1716
1692,1790
1671,1809
1671,1717
1718,1762
1718,1761
1719,1877
1719,1792
1723,1837
1696,1766
1724,1969
1725,1770
1726,1820
1699,1748
1699,1839
1700,1821
1728,1771
1701,1772
1701,1822
1729,1773
1729,1882
1731,1732
1730,1731
1732,1973
1703,1801
1704,1776
1736,1802
1686,1804
1686,1779
1711,1784
1738,1788
1716,1806
1692,1692
1692,1807
1739,1808
1717,1855
1740,1812
1740,1813
1743,1794
1743,1815
1722,1815
1723,1952
1694,2004
1746,1766
1747,1899
1728,1881
1749,1796
1730,1844
1733,1797
1734,1751
1751,1823
1735,1824
1755,1925
1756,1777
1758,1848
1737,1804
1759,1759
1716,1874
1739,1833
1739,1876
1741,1879
1742,1936
1742,1880
1745,1967
1745,1817
1765,1766
1765,1938
1768,1769
1768,1939
1770,2050
1772,1861
1772,1822
1773,1902
1752,1864
1754,1800
1754,1775
1776,1998
1757,1868
1779,1779
1779,1780
1780,2246
1781,1828
1781,1782
1709,1783
1710,1913
1710,1981
1784,1871
1784,1829
1785,1830
1759,1785
1760,1890
1788,1831
1788,1789
1790,1806
1763,1834
1763,1856
1741,1814
1741,1895
1742,1896
1794,2296
1764,1918
1764,2027
1769,1899
1769,1939
1795,1820
1795,1940
1771,1861
1796,1841
1774,1843
1774,1844
1730,1903
1800,1885
1775,1846
1782,1849
1783,1910
1805,1870
1759,1889
1786,1787
1786,1873
1787,1960
1789,1832
1806,1853
1790,1875
1808,1915
1808,1854
1762,1986
1762,1877
1792,2101
1792,1810
1793,1916
1812,1857
1812,1813
1813,1917
1817,1859
1767,1920
1748,1860
1821,1839
1821,1953
1797,1921
1798,1823
1823,2117
1798,1957
1824,1924
1824,1884
1799,1866
1799,2016
1825,1826
1827,1929
1802,1908
1804,1804
1781,1849
1829,1830
1829,1872
1832,1914
1807,1875
1807,1931
1809,1854
1809,1985
1834,1878
1811,1856
1811,1835
1793,1835
1814,1895
1815,2045
1837,2087
1816,1897
1816,1858
1818,1918
1818,1898
1820,2006
1822,1971
1841,1842
1844,1883
1798,1941
1846,1907
1847,1868
1825,1926
1825,1927
1826,1927
1826,2096
1802,1886
1779,1804
1849,1849
1709,1945
1850,1869
1850,1851
1850,1911
1851,1852
1851,1912
1852,1912
1830,1888
1831,2020
1853,1891
1853,1892
1833,1962
1833,1876
1854,2022
1857,1894
1812,1894
1836,1895
1836,2085
1858,1937
1860,1993
1839,1900
1840,1954
1840,2007
1861,1971
1841,2054
1862,1904
1862,1975
1863,1905
1863,1942
1845,1905
1845,1864
1865,1884
1866,2016
1867,1906
1867,1944
1848,1928
1804,1979
1869,1910
1850,1869
1871,1946
1871,1872
1873,1889
1875,2021
1876,1915
1877,1932
1878,1893
1856,1948
1880,1896
1858,2003
1859,1898
1838,1990
1838,1970
1881,1901
1881,2008
1882,1902
1882,1972
1883,1883
1884,1996
1885,1944
1885,1997
1886,1909
1804,2018
1887,2039
1872,1888
1888,1888
1889,2000
1873,1873
1890,2065
1874,1914
1874,1891
1878,1933
1856,1966
1894,1949
1896,1936
1897,2106
1859,2070
1898,1918
1899,2049
1902,2009
1883,1903
1903,1956
1904,2118
1905,1995
1908,1978
1886,1909
1909,1979
1849,1945
1850,1911
1911,1912
1913,1913
1870,1983
1870,1946
1914,2127
1891,1892
1892,2128
1916,1934
1917,1950
1917,1989
1919,2004
1919,2137
1900,1994
1900,1953
1921,1974
1922,1958
1923,1924
1907,2036
1907,1925
1926,1977
1927,2038
1849,2192
1910,1980
1850,1910
1873,2040
1931,2021
1931,1961
1915,2132
1932,1964
1933,1948
1933,1987
1916,2202
1935,1949
1936,2026
1939,2005
1883,2011
1923,1976
1924,1976
1943,1959
1944,1944
1925,2121
1925,2122
1928,2123
1928,1929
1929,1978
1886,2124
1912,1913
1912,1999
1913,1981
1946,2063
1947,1961
1948,1966
1949,1988
1950,2177
1950,1989
1939,2048
1940,2110
1940,2156
1953,1994
1953,2113
1954,2007
1955,1972
1956,2012
1956,2055
1958,1975
1958,2015
1942,2015
1942,1995
1959,1996
1945,2080
1888,2098
1961,2081
1947,1961
1947,1984
1963,2067
1964,1965
1966,2024
1951,2002
1952,2002
1952,2068
1918,2181
1918,2027
1968,2029
1938,2153
1969,2073
1969,2030
1970,2031
1970,2005
1954,2075
1972,2010
1973,2012
1974,2077
1957,2013
1957,2014
1975,2078
1959,2034
1977,2038
1978,2079
1913,2060
1981,2248
1982,1982
1983,2061
1983,2019
1960,2040
1960,2064
1962,1984
1962,2066
1985,2022
1985,2292
1986,2023
1988,2103
1988,1989
1951,2045
1967,2229
1967,2069
1990,2030
1990,2031
1992,2138
1993,2111
1993,2051
1994,2051
1995,2357
1996,2034
1979,2018
1980,2080
1999,2059
1982,2039
1982,2061
2000,2098
2000,2126
1984,1984
1964,2084
2001,2102
1951,2046
2002,2105
2004,2047
2005,2048
1991,2049
1994,2089
2007,2114
1971,2207
1971,2184
2009,2010
2009,2090
2010,2140
2011,2054
1973,2032
2013,2267
2013,2014
2015,2078
2016,2240
1997,2160
1997,2241
2017,2058
1998,2122
1998,2037
2018,2165
2019,2125
2019,2062
2021,2099
2022,2082
2024,2042
2025,2043
2025,2026
2025,2150
2026,2086
2003,2179
2003,2151
2028,2152
2030,2031
1991,2050
2006,2138
2006,2139
2011,2091
2032,2033
2014,2118
2034,2093
2035,2036
1979,2164
1980,2097
2040,2126
2041,2129
1984,2100
1984,2131
2023,2083
2043,2085
2043,2104
2044,2227
2045,2313
2027,2108
2029,2137
2047,2072
2047,2205
2048,2074
1991,2088
2051,2112
2052,2183
2053,2090
2054,2323
2055,2091
2032,2115
2033,2092
2056,2116
2057,2187
2058,2094
2058,2213
2036,2120
2038,2095
2059,2168
2039,2193
2062,2063
2062,2063
2064,2146
2064,2195
2020,2220
2066,2131
2066,2132
2067,2083
2067,2175
2023,2134
2042,2253
2069,2070
2069,2229
2071,2107
2074,2154
2074,2233
2049,2154
2050,2088
2076,2157
2055,2324
2079,2190
2079,2142
2080,2144
2059,2145
2061,2169
2061,2170
2062,2125
2063,2194
2065,2171
2065,2172
2081,2099
2081,2130
2084,2135
2084,2149
2086,2136
2068,2105
2068,2203
2070,2180
2073,2392
2073,2259
2030,2259
2090,2140
2091,2141
2077,2209
2077,2210
2078,2187
2094,2214
2095,2161
2095,2242
2097,2166
2097,2167
2098,2219
2100,2147
2100,2221
2083,2148
2101,2149
2101,2176
2085,2225
2085,2178
2104,2150
2104,2226
2087,2204
2087,2106
2108,2152
2109,2257
2030,2232
2088,2282
2110,2206
2110,2155
2111,2139
2090,2185
2115,2186
2115,2285
2092,2265
2092,2116
2116,2266
2118,2462
2093,2424
2093,2119
2119,2119
2094,2120
2120,2215
2122,2189
2096,2161
2123,2190
2123,2243
2125,2170
2128,2129
2128,2198
2099,2199
2130,2147
2130,2200
2131,2174
2132,2222
2133,2175
2134,2148
2134,2135
2135,2201
2102,2367
2102,2224
2103,2202
2103,2343
2136,2227
2105,2278
2106,2279
2107,2180
2107,2181
2138,2156
2111,2262
2113,2235
2113,2263
2114,2283
2114,2236
2117,2159
2121,2188
2121,2189
2142,2143
2124,2191
2124,2244
2144,2288
2144,2166
2126,2250
2126,2195
2146,2171
2146,2290
2127,2196
2127,2197
2129,2273
2148,2275
2149,2201
2105,2203
2151,2228
2151,2297
2152,2256
2155,2156
2155,2354
2138,2261
2139,2234
2140,2237
2158,2158
2158,2237
2159,2211
2117,2159
2160,2539
2160,2268
2162,2245
2163,2216
2164,2216
2164,2165
2165,2406
2145,2217
2145,2168
2171,2290
2173,2198
2147,2200
2149,2223
2177,2344
2177,2294
2178,2225
2178,2226
2150,2480
2179,2314
2181,2230
2108,2231
2108,2255
2137,2137
2153,2281
2153,2182
2182,2258
2154,2319
2183,2264
2157,2183
2157,2207
2184,2185
2140,2284
2186,2238
2117,2267
2117,2400
2188,2215
2188,2402
2189,2376
2161,2242
2190,2243
2143,2191
2143,2191
2166,2270
2167,2270
2167,2217
2168,2218
2169,2193
2169,2249
2170,2249
2170,2311
2195,2410
2196,2252
2196,2291
2199,2273
2199,2200
2174,2221
2174,2222
2175,2274
2201,2223
2176,2223
2176,2415
2202,2276
2203,2279
2204,2279
2180,2280
2137,2257
2156,2513
2184,2302
2185,2302
2208,2304
2186,2325
2209,2266
2209,2239
2210,2211
2210,2286
2211,2286
2211,2327
2187,2434
2212,2358
2213,2214
2192,2246
2192,2425
2166,2288
2168,2334
2218,2247
2193,2289
2194,2311
2194,2219
2219,2250
2220,2251
2197,2291
2197,2338
2198,2338
2221,2312
2224,2253
2224,2596
2225,2226
2230,2231
2231,2255
2205,2348
2205,2315
2182,2318
2234,2261
2234,2299
2235,2300
2235,2321
2236,2264
2237,2303
2119,2424
2119,2305
2240,2329
2240,2306
2213,2241
2215,2359
2242,2436
2143,2244
2244,2307
2216,2287
2217,2308
2248,2271
2248,2335
2219,2409
2220,2337
2251,2252
2200,2412
2200,2339
2222,2426
2175,2342
2226,2417
2227,2347
2228,2297
2228,2254
2229,2254
2230,2509
2255,2256
2257,2388
2258,2349
2259,2352
2259,2393
2260,2512
2262,2320
2263,2283
2263,2301
2236,2355
2238,2304
2238,2325
2265,2285
2265,2356
2266,2326
2267,2433
2268,2330
2241,2375
2214,2331
2214,2359
2243,2332
2245,2307
2245,2287
2269,2407
2246,2407
2270,2362
2247,2309
2271,2309
2271,2335
2249,2336
2250,2441
2272,2378
2222,2379
2274,2275
2275,2383
2223,2366
2253,2416
2276,2527
2276,2343
2277,2295
2277,2345
2228,2454
2229,2280
2261,2485
2262,2515
2283,2355
2264,2372
2286,2327
2213,2331
2143,2360
2245,2405
2247,2363
2289,2310
2291,2544
2273,2479
2274,2342
2274,2382
2293,2414
2277,2368
2225,2346
2296,2640
2296,2385
2278,2313
2278,2369
2297,2370
2280,2509
2281,2317
2281,2318
2298,2352
2282,2483
2282,2484
2300,2320
2300,2321
2301,2321
2301,2395
2283,2460
2302,2397
2303,2323
2285,2398
2306,2519
2306,2329
2307,2361
2288,2362
2308,2334
2309,2364
2289,2606
2290,2378
2312,2340
2312,2379
2292,2673
2292,2380
2294,2344
2294,2384
2295,2384
2295,2368
2313,2385
2279,2386
2256,2455
2256,2530
2315,2316
2316,2317
2318,2420
2320,2486
2322,2487
2302,2516
2303,2373
2323,2432
2304,2557
2326,2399
2326,2558
2327,2400
2305,2588
2305,2358
2332,2436
2332,2437
2333,2360
2334,2439
2335,2408
2311,2473
2290,2497
2339,2340
2341,2413
2342,2595
2342,2382
2345,2505
2345,2428
2347,2507
2313,2551
2314,2387
2314,2429
2229,2454
2348,2430
2315,2457
2350,2391
2350,2351
2352,2392
2353,2394
2319,2394
2319,2459
2354,2512
2354,2371
2324,2488
2324,2374
2325,2398
2328,2401
2328,2704
2358,2589
2330,2467
2331,2375
2359,2468
2360,2491
2361,2403
2361,2404
2287,2405
2287,2493
2362,2523
2362,2471
2336,2377
2336,2473
2337,2477
2337,2544
2365,2545
2367,2448
2343,2451
2344,2504
2368,2428
2370,2429
2370,2481
2348,2419
2317,2457
2349,2420
2349,2421
2350,2458
2355,2372
2325,2489
2356,2536
2356,2399
2357,2464
2357,2401
2329,2466
2331,2564
2376,2402
2376,2590
2363,2439
2363,2364
2364,2440
2378,2476
2338,2478
2380,2381
2382,2445
2383,2445
2383,2446
2366,2447
2366,2501
2386,2387
2386,2552
2387,2453
2388,2530
2388,2389
2389,2390
2390,2456
2389,2390
2394,2617
2321,2583
2321,2395
2355,2534
2372,2422
2396,2487
2373,2431
2373,2461
2398,2490
2399,2517
2329,2435
2375,2467
2403,2492
2403,2404
2404,2405
2406,2493
2408,2440
2408,2494
2410,2474
2410,2497
2378,2475
2411,2476
2411,2442
2338,2572
2412,2443
2379,2594
2413,2427
2380,2444
2414,2447
2414,2446
2416,2502
2416,2449
2384,2528
2418,2452
2391,2421
2421,2555
2392,2482
2393,2482
2393,2556
2395,2460
2400,2537
2423,2463
2401,2560
2424,2465
2402,2521
2405,2540
2406,2438
2407,2438
2407,2469
2409,2635
2409,2541
2411,2411
2426,2498
2413,2499
2415,2501
2415,2448
2367,2762
2417,2505
2417,2578
2385,2597
2385,2613
2389,2531
2430,2456
2419,2430
2391,2458
2432,2461
2432,2488
2434,2464
2435,2519
2435,2466
2436,2522
2437,2522
2437,2690
2425,2470
2425,2782
2439,2592
2440,2494
2441,2496
2441,2474
2443,2479
2444,2525
2445,2526
2447,2500
2449,2502
2450,2547
2428,2679
2452,2550
2452,2640
2419,2419
2419,2510
2457,2510
2420,2532
2420,2511
2458,2533
2461,2754
2433,2648
2433,2462
2434,2518
2464,2559
2465,2562
2465,2538
2467,2520
2468,2564
2468,2708
2469,2470
2471,2605
2471,2568
2472,2606
2473,2608
2474,2636
2475,2570
2475,2542
2411,2524
2442,2524
2442,2543
2477,2571
2477,2672
2478,2479
2446,2546
2449,2503
2451,2576
2451,2548
2480,2506
2429,2580
2429,2529
2454,2481
2481,2553
2456,2531
2456,2698
2457,2581
2457,2532
2482,2616
2459,2617
2459,2483
2483,2618
2484,2512
2460,2534
2487,2535
2489,2490
2489,2602
2462,2587
2463,2587
2466,2563
2491,2565
2491,2591
2493,2668
2438,2631
2494,2633
2495,2655
2473,2607
2496,2541
2496,2669
2497,2609
2478,2573
2498,2499
2499,2575
2501,2661
2502,2596
2503,2527
2504,2548
2504,2577
2505,2679
2506,2578
2506,2579
2507,2549
2508,2551
2454,2554
2509,2663
2510,2598
2484,2619
2485,2514
2485,2700
2486,2601
2486,2583
2488,2728
2490,2602
2490,2623
2517,2536
2517,2624
2518,2687
2518,2559
2466,2519
2520,2539
2520,2652
2521,2603
2493,2540
2493,2493
2523,2566
2523,2567
2476,2542
2476,2524
2479,2573
2498,2574
2527,2676
2528,2577
2528,2742
2480,2612
2480,2549
2529,2553
2533,2533
2534,2534
2536,2666
2537,2648
2522,2758
2522,2690
2540,2630
2470,2632
2541,2669
2543,2571
2544,2713
2547,2638
2547,2611
2548,2576
2549,2680
2551,2697
2552,2642
2552,2720
2529,2643
2553,2614
2554,2614
2554,2721
2555,2748
2555,2582
2556,2645
2512,2619
2535,2621
2535,2752
2561,2562
2538,2562
2538,2588
2466,2627
2539,2563
2565,2629
2565,2628
2567,2568
2567,2654
2569,2607
2570,2593
2542,2656
2524,2761
2543,2670
2571,2671
2572,2637
2573,2657
2574,2658
2525,2659
2525,2610
2545,2610
2576,2611
2548,2718
2577,2678
2580,2642
2580,2643
2530,2681
2530,2644
2531,2644
2531,2794
2556,2796
2512,2750
2584,2620
2534,2646
2585,2727
2557,2685
2557,2622
2558,2624
2558,2586
2537,2647
2537,2701
2559,2688
2560,2625
2563,2627
2539,2651
2564,2689
2568,2605
2593,2609
2570,2656
2594,2715
2545,2595
2545,2660
2595,2716
2596,2675
2578,2793
2579,2639
2579,2612
2597,2829
2597,2641
2533,2615
2533,3018
2599,2600
2600,2601
2583,2664
2587,2686
2589,2650
2589,2667
2604,2653
2591,2628
2592,2605
2592,2693
2607,2634
2608,2635
2594,2694
2610,2740
2612,2719
2613,2641
2613,2696
2616,2795
2618,2619
2618,2682
2600,2684
2601,2684
2620,2664
2620,2726
2602,2622
2602,2623
2588,2705
2588,2650
2626,2667
2603,2708
2603,2757
2591,2653
2628,2691
2630,2734
2630,2692
2631,2863
2633,2693
2606,2655
2608,2880
2635,2710
2609,2712
2593,2712
2638,2677
2611,2695
2643,2910
2614,2745
2644,2767
2617,2645
2645,2914
2622,2685
2622,2729
2623,2666
2624,2773
2625,2703
2649,2776
2627,2777
2651,2652
2652,2707
2591,2759
2629,2691
2629,2780
2633,2736
2636,2760
2637,2807
2637,2738
2658,2715
2661,2741
2662,2793
2640,2828
2641,2811
2642,2909
2663,2812
2663,2746
2619,2833
2619,2749
2664,2835
2646,2726
2646,2751
2665,2755
2666,2773
2648,2859
2648,2860
2650,2801
2650,2731
2667,2732
2651,2707
2653,2759
2668,2692
2668,2897
2605,2709
2655,2737
2669,2711
2656,2884
2671,2672
2670,2671
2659,2673
2659,2740
2660,2660
2660,2716
2674,2716
2661,2717
2676,2763
2681,2867
2617,2832
2683,2834
2684,2857
2685,2755
2688,2730
2688,2702
2689,2841
2689,2733
2690,2842
2692,2781
2670,2786
2694,2903
2694,2823
2658,2739
2673,2790
2661,2791
2675,2826
2675,2763
2676,2764
2695,2810
2695,2718
2678,2792
2678,2742
2679,2743
2679,2853
2696,2697
2697,2830
2698,2768
2698,2794
2699,2747
2700,2797
2700,2769
2686,2860
2686,2774
2687,2774
2702,2703
2702,2775
2703,2775
2705,2756
2706,2707
2708,2779
2691,2803
2709,2783
2709,2784
2710,2805
2711,2785
2711,2806
2672,2713
2672,2848
2714,2822
2717,2762
2718,2765
2696,2766
2720,2744
2722,2746
2724,2795
2725,2832
2726,2770
2727,2813
2727,2837
2728,2838
2728,2755
2704,2816
2704,2776
2731,2732
2733,2862
2734,2780
2734,2781
2735,2783
2693,2819
2693,2804
2736,2804
2736,2820
2737,2845
2710,2821
2712,2760
2713,2849
2715,2787
2739,2851
2739,2789
2740,2852
2716,2852
2717,2825
2742,2743
2720,2854
2746,2812
2747,2768
2747,2831
2723,2831
2748,2890
2749,2750
2750,2834
2751,2813
2751,2836
2752,2837
2752,2753
2753,2753
2754,2772
2754,2838
2729,3046
2729,2799
2756,2800
2731,2801
2732,2840
2732,2801
2707,2917
2759,2802
2710,2881
2760,2922
2712,2864
2761,2865
2761,2786
2738,2807
2738,2822
2741,2808
2741,2791
2762,2928
2763,2764
2765,2792
2765,2810
2742,2905
2743,2906
2766,2811
2766,2830
2748,2891
2749,2833
2753,2798
2771,2772
2771,2798
2771,2894
2773,2895
2778,2779
2779,2862
2781,2843
2783,2818
2784,2818
2784,2819
2787,2850
2787,2788
2788,2789
2789,2904
2790,2851
2790,2945
2791,2824
2792,2970
2767,2948
2767,2949
2768,2794
2748,2869
2796,2913
2796,2855
2772,2873
2775,2775
2800,3004
2802,2803
2780,2843
2781,2844
2782,2878
2782,2986
2783,2899
2804,2940
2805,2846
2785,2821
2785,2847
2806,2847
2786,2989
2808,3015
2808,2866
2809,2826
2764,2810
2793,2853
2812,2889
2797,2856
2797,2857
2813,2871
2753,2872
2798,2872
2814,2873
2815,2875
2816,2816
2776,2816
2776,2916
2817,2877
2818,2900
2820,2941
2820,2879
2807,2885
2822,3013
2823,2850
2823,2903
2827,3080
2828,2829
2811,2888
2830,3127
2768,2951
2795,2913
2832,2953
2833,2892
2837,2915
2753,3000
2838,2874
2815,2979
2815,2958
2839,2861
2775,2861
2801,2876
2840,2961
2840,3070
2841,2917
2802,2842
2843,2920
2819,2900
2846,2881
2821,2882
2806,2883
2848,2849
2848,3010
2849,2944
2850,2924
2824,2927
2824,2825
2825,2928
2826,2969
2853,2929
2828,2907
2829,2886
2855,2914
2832,2931
2833,3041
2856,2856
2798,2894
2858,2939
2859,2875
2861,3003
2800,2876
2841,2918
2844,3138
2844,2963
2863,2921
2863,2877
2864,2922
2864,3008
2865,2923
2822,2902
2851,2925
2852,2926
2866,3015
2866,2927
2829,2907
2867,2889
2867,2911
2868,2950
2831,2890
2869,2976
2869,2952
2870,2912
2855,2977
2834,2933
2857,2935
2857,2936
2836,2893
2836,2937
2871,2938
2871,3043
2873,2954
2874,2955
2874,2939
2859,3135
2860,2959
2816,2916
2876,3158
2862,2918
2847,2883
2884,3009
2886,2908
2887,2908
2887,2888
2831,2951
2892,2932
2892,3063
2856,2935
2895,3023
2895,2979
2875,2980
2875,3002
2896,2981
2897,2963
2897,2898
2897,2898
2898,2921
2877,2985
2899,2986
2899,2964
2879,2940
2879,2879
2879,2941
2880,3007
2880,2943
2881,2943
2883,2901
2884,2884
2885,2965
2885,2902
2902,3074
2904,2990
2904,2991
2905,2970
2905,2906
2906,3207
2907,2994
2886,3103
2908,2947
2887,2947
2888,2947
2909,2930
2909,3034
2910,3034
2910,3035
2889,2974
2911,2995
2890,2976
2891,2952
2891,2912
2856,2934
2915,3043
2915,3000
2894,2954
2916,3069
2918,3087
2862,3087
2919,3072
2900,3027
2922,3141
2903,2924
2924,2990
2926,2967
2926,2968
2927,3015
2912,3038
2913,3039
2914,2977
2932,2996
2933,2933
2936,3020
2936,3042
2937,2938
2938,3317
2939,3001
2920,3089
2920,3138
2921,3199
2941,3006
2942,2942
2942,3223
2883,2988
2884,3054
2923,2989
2944,3012
2903,2924
2928,2969
2929,3077
2929,3078
2946,3061
2951,3037
2914,2953
2931,2953
2931,2978
2932,3040
2935,3042
2893,2937
2893,2999
2955,3021
2955,3001
2956,2957
2959,2981
2960,3003
2962,2983
2962,2984
2963,3051
2897,3051
2940,3006
2943,3271
2944,3011
2965,3028
2965,3098
2903,3099
2966,3014
2945,3031
2945,2967
2967,2968
2969,3076
2970,3032
2971,3035
2971,2972
2971,3036
2972,2973
2948,2975
2948,2949
2949,2950
2950,3037
2976,3105
2952,3081
2977,3019
2914,3106
2978,2996
2933,3192
2933,3064
2937,3155
2954,3066
2979,3085
2958,3134
2958,2980
2980,3024
2959,3111
2959,3068
2981,3068
2961,3070
2961,3177
2982,3050
2982,3005
2982,3113
2983,3005
2962,2983
2986,3025
2964,3026
2987,2988
2988,3052
2989,3054
2990,3165
2991,3030
2968,3100
2992,3058
2993,3033
2994,3017
2994,3209
2972,3062
2995,3190
2948,3151
2978,3214
2996,3082
2997,3020
2997,2998
2998,3083
2999,3083
2999,3155
3000,3044
2956,3320
3002,3024
3002,3048
3003,3049
3004,3069
3005,3218
2984,3218
2984,3136
2985,3159
2985,3114
2964,2964
3008,3009
3009,3054
3010,3242
3011,3095
3011,3055
3012,3055
3012,3056
3013,3057
3014,3031
2967,3202
2992,3059
2992,3075
3016,3076
3017,3017
2933,3130
2998,3065
3001,3109
3022,3023
3022,3067
3023,3085
3024,3134
3025,3090
2964,3025
3026,3027
3027,3115
3006,3092
3008,3094
3010,3095
3028,3056
3029,3244
3015,3185
3033,3080
3017,3033
3034,3149
3038,3172
3018,3038
3018,3152
3019,3039
3039,3213
3019,3106
3040,3082
3041,3063
3041,3129
3020,3108
3043,3193
3021,3066
3021,3131
3045,3110
3047,3084
3047,3067
3050,3072
3050,3113
3051,3199
2964,3091
3026,3091
3052,3118
3052,3093
3053,3093
3055,3096
3056,3096
3028,3097
3057,3121
3058,3100
3032,3060
3032,3124
3061,3102
3035,3150
3035,3036
3036,3062
3037,3104
3064,3107
3042,3153
3046,3132
3069,3112
3069,3217
3071,3087
3072,3198
3006,3181
3073,3117
3074,3098
3074,3120
3031,3143
3031,3031
3058,3122
3075,3144
3076,3205
3077,3078
3079,3102
3062,3171
3081,3105
3081,3172
3063,3253
3064,3173
3020,3256
3065,3216
3065,3154
3083,3154
3066,3258
3046,3110
3047,3156
3047,3133
3067,3133
3085,3264
3068,3176
3068,3157
3086,3196
3070,3158
3071,3197
3088,3137
3089,3137
3090,3114
3090,3305
3091,3160
3092,3116
3093,3140
3056,3096
3056,3097
3097,3163
3098,3163
3098,3120
3099,3309
3099,3142
3030,3224
3030,3143
3100,3203
3059,3166
3059,3144
3101,3187
3077,3147
3061,3078
3061,3148
3102,3148
3080,3278
3106,3213
3082,3232
3110,3174
3084,3195
3084,3156
3087,3338
3113,3198
3114,3221
3115,3160
3115,3116
3117,3223
3117,3200
3118,3161
3119,3141
3095,3162
3120,3120
3122,3293
3122,3166
3075,3184
3075,3123
3123,3204
3124,3207
3124,3206
3125,3146
3125,3147
3125,3188
3078,3438
3126,3228
3127,3169
3127,3128
3129,3254
3129,3215
3130,3192
3107,3233
3108,3153
3109,3131
3109,3238
3132,3262
3134,3175
3135,3240
3135,3300
3111,3288
3111,3176
3112,3196
3112,3217
3137,3178
3138,3304
3116,3179
3092,3180
3140,3182
3141,3183
3121,3343
3121,3307
3144,3184
3145,3186
3146,3208
3146,3188
3148,3460
3151,3281
3152,3191
3130,3284
3153,3234
3108,3255
3155,3236
3131,3237
3156,3195
3133,3336
3158,3337
3087,3289
3087,3197
3089,3219
3089,3220
3160,3406
3092,3179
3139,3181
3139,3222
3161,3273
3162,3242
3162,3397
3163,3342
3120,3243
3164,3243
3142,3142
3142,3165
3143,3246
3166,3294
3167,3227
3147,3188
3168,3169
3170,3189
3170,3345
3149,3345
3149,3296
3171,3210
3171,3230
3151,3190
3172,3313
3173,3284
3173,3233
3154,3235
3175,3385
3175,3265
3176,3288
3159,3326
3159,3221
3181,3222
3182,3274
3183,3274
3183,3275
3165,3224
3186,3249
3186,3225
3187,3187
3169,3295
3189,3377
3191,3212
3193,3286
3194,3258
3131,3259
3131,3260
3196,3349
3177,3337
3177,3447
3197,3289
3178,3303
3178,3219
3200,3270
3201,3272
3143,3354
3202,3310
3202,3203
3203,3310
3184,3247
3204,3247
3204,3248
3185,3276
3185,3225
3206,3206
3208,3250
3209,3229
3209,3279
3211,3297
3191,3297
3213,3283
3214,3214
3192,3254
3193,3346
3195,3262
3217,3350
3198,3324
3218,3340
3219,3291
3220,3292
3220,3269
3199,3326
3222,3222
3223,3328
3187,3226
3187,3227
3205,3277
3205,3412
3206,3207
3228,3278
3228,3344
3229,3280
3229,3279
3230,3380
3230,3359
3231,3415
3214,3314
3232,3252
3232,3314
3215,3253
3215,3442
3216,3285
3216,3235
3236,3316
3236,3317
3237,3260
3195,3321
3239,3298
3240,3266
3241,3290
3221,3305
3222,3327
3242,3330
3244,3307
3244,3308
3245,3308
3224,3371
3184,3247
3248,3276
3225,3249
3249,3357
3227,3227
3227,3277
3207,3459
3251,3283
3254,3418
3234,3255
3255,3256
3256,3285
3235,3335
3259,3347
3259,3318
3260,3318
3237,3238
3238,3319
3261,3421
3262,3348
3263,3264
3264,3298
3265,3266
3265,3299
3266,3299
3267,3424
3268,3325
3270,3328
3272,3558
3272,3273
3273,3408
3274,3275
3243,3342
3243,3343
3184,3332
3248,3355
3225,3356
3187,3357
3277,3437
3206,3311
3250,3374
3188,3250
3188,3375
3279,3280
3280,3376
3281,3282
3283,3441
3252,3383
3252,3315
3285,3335
3257,3443
3258,3347
3237,3318
3287,3465
3240,3300
3240,3422
3288,3388
3290,3324
3290,3339
3291,3292
3291,3341
3269,3292
3269,3304
3270,3306
3274,3353
3293,3294
3294,3372
3276,3356
3278,3634
3281,3381
3253,3315
3253,3400
3284,3418
3255,3676
3257,3361
3299,3445
3300,3386
3289,3351
3301,3366
3301,3302
3304,3392
3305,3406
3306,3369
3275,3451
3307,3453
3308,3398
3310,3354
3293,3331
3295,3376
3295,3515
3296,3378
3312,3379
3313,3417
3313,3382
3321,3348
3321,3336
3298,3385
3322,3323
3322,3425
3323,3338
3324,3339
3324,3404
3325,3340
3325,3391
3302,3429
3302,3303
3303,3367
3292,3368
3326,3394
3328,3396
3275,3329
3275,3409
3332,3372
3332,3373
3333,3514
3297,3382
3297,3471
3314,3383
3315,3383
3315,3400
3316,3360
3316,3473
3317,3419
3317,3346
3318,3420
3318,3402
3319,3402
3319,3320
3320,3444
3337,3364
3339,3448
3341,3367
3341,3368
3330,3434
3330,3488
3293,3457
3344,3344
3345,3377
3334,3440
3334,3439
3314,3472
3335,3360
3347,3384
3336,3505
3349,3424
3349,3350
3350,3466
3338,3600
3351,3351
3351,3389
3340,3390
3352,3352
3352,3393
3327,3395
3327,3432
3343,3435
3354,3455
3357,3399
3358,3412
3359,3379
3359,3380
3360,3473
3346,3502
3361,3443
3361,3384
3362,3403
3348,3403
3363,3388
3364,3478
3364,3479
3365,3404
3366,3366
3342,3435
3370,3436
3371,3454
3355,3373
3372,3373
3355,3458
3356,3458
3374,3459
3374,3375
3344,3494
3381,3381
3382,3850
3384,3526
3385,3445
3386,3422
3386,3620
3387,3423
3349,3622
3389,3448
3389,3529
3390,3426
3390,3427
3352,3487
3393,3394
3393,3487
3394,3534
3395,3407
3395,3431
3369,3467
3397,3510
3397,3452
3398,3453
3398,3436
3372,3511
3399,3562
3399,3437
3375,3564
3376,3544
3377,3469
3378,3639
3378,3590
3380,3439
3381,3415
3401,3546
3403,3464
3388,3423
3404,3530
3391,3481
3366,3483
3367,3486
3367,3368
3368,3392
3392,3605
3394,3556
3405,3509
3406,3535
3396,3467
3396,3536
3408,3659
3408,3450
3409,3451
3409,3433
3410,3411
3411,3434
3411,3468
3412,3513
3413,3495
3379,3518
3379,3496
3380,3496
3414,3440
3415,3519
3416,3498
3400,3442
3418,3524
3419,3474
3402,3548
3421,3444
3421,3504
3423,3446
3388,3477
3426,3604
3391,3532
3428,3482
3366,3484
3429,3485
3429,3486
3407,3430
3407,3431
3431,3682
3434,3468
3435,3491
3436,3454
3437,3512
3438,3633
3438,3493
3439,3591
3440,3470
3381,3519
3417,3461
3417,3500
3441,3521
3383,3523
3400,3501
3443,3646
3402,3475
3444,3597
3445,3549
3422,3619
3424,3622
3447,3479
3447,3550
3425,3550
3425,3600
3448,3480
3449,3507
3453,3540
3455,3492
3456,3716
3458,3798
3459,3563
3461,3499
3461,3500
3441,3522
3462,3522
3442,3569
3463,3526
3464,3504
3465,3527
3465,3528
3451,3559
3451,3579
3468,3731
3452,3490
3452,3510
3457,3631
3457,3584
3460,3493
3460,3587
3469,3516
3469,3517
3472,3696
3472,3523
3474,3645
3475,3764
3475,3548
3464,3571
3476,3549
3466,3506
3466,3648
3480,3553
3481,3531
3485,3508
3485,3486
3487,3708
3467,3657
3488,3489
3488,3560
3489,3490
3489,3538
3490,3538
3435,3561
3492,3611
3493,3543
3495,3514
3495,3565
3496,3689
3497,3567
3498,3520
3498,3592
3501,3594
3501,3568
3473,3525
3502,3503
3502,3596
3478,3791
3478,3679
3479,3679
3507,3530
3482,3533
3482,3483
3483,3576
3484,3576
3484,3508
3508,3554
3486,3555
3491,3609
3511,3584
3511,3542
3513,3586
3513,3613
3494,3587
3494,3588
3515,3566
3515,3635
3516,3516
3517,3589
3518,3590
3519,3642
3499,3592
3499,3500
3521,3593
3522,3762
3523,3594
3525,3570
3473,3677
3473,3595
3526,3547
3504,3805
3505,3726
3505,3527
3529,3552
3529,3573
3530,3602
3531,3574
3531,3575
3532,3533
3486,3727
3509,3534
3509,3656
3536,3729
3536,3658
3537,3580
3510,3609
3539,3715
3541,3583
3512,3585
3512,3666
3514,3672
3545,3688
3518,3614
3546,3740
3546,3675
3525,3722
3547,3725
3548,3597
3527,3617
3528,3617
3528,3647
3549,3618
3550,3599
3551,3649
3552,3650
3552,3573
3507,3651
3507,3603
3532,3575
3555,3577
3555,3653
3556,3728
3556,3625
3534,3655
3535,3626
3535,3606
3557,3682
3558,3683
3558,3659
3559,3578
3559,3608
3560,3627
3560,3628
3510,3538
3510,3630
3540,3582
3540,3661
3563,3564
3563,3669
3564,3801
3544,3565
3565,3718
3544,3719
3566,3636
3566,3686
3516,3637
3567,3673
3500,3760
3568,3569
3568,3616
3569,3616
3570,3676
3570,3763
3572,3744
3572,3678
3553,3706
3553,3601
3574,3604
3574,3624
3575,3624
3533,3533
3576,3707
3577,3605
3577,3653
3579,3580
3580,3730
3538,3629
3581,3582
3581,3660
3583,3631
3583,3664
3584,3632
3562,3735
3562,3612
3585,3612
3585,3665
3587,3844
3589,3638
3590,3640
3567,3641
3567,3691
3592,3692
3597,3701
3598,3618
3600,3747
3573,3706
3601,3602
3602,3651
3603,3652
3606,3607
3607,3710
3607,3681
3610,3660
3612,3665
3586,3667
3586,3668
3564,3670
3591,3689
3591,3690
3615,3758
3593,3913
3593,3644
3594,3697
3595,3724
3595,3645
3596,3645
3596,3742
3617,3855
3618,3806
3620,3621
3620,3702
3622,3766
3599,3810
3599,3747
3601,3768
3603,3651
3623,3652
3604,3748
3605,3771
3625,3728
3625,3709
3626,3626
3606,3681
3608,3817
3579,3608
3627,3732
3627,3628
3629,3630
3630,3713
3609,3714
3611,3840
3632,3632
3613,3668
3613,3684
3634,3671
3634,3752
3635,3719
3635,3686
3636,3754
3636,3687
3637,3687
3637,3638
3638,3688
3639,3781
3639,3756
3640,3782
3642,3720
3642,3721
3643,3721
3616,3739
3646,3742
3646,3699
3619,3831
3648,3703
3648,3896
3649,3767
3649,3705
3650,3705
3650,3921
3623,3652
3623,3748
3624,3792
3653,3727
3654,3708
3655,3709
3655,3878
3656,3680
3656,3964
3626,3772
3657,3773
3657,3774
3658,3711
3659,3712
3579,3817
3628,3629
3660,3733
3662,3663
3662,3716
3663,3664
3664,3734
3632,3717
3665,3735
3666,3667
3633,3801
3633,3884
3641,3690
3641,3691
3674,3696
3676,3741
3677,3723
3677,3724
3678,3744
3678,3806
3619,3702
3533,3769
3681,3899
3682,3793
3683,3711
3629,3713
3660,3796
3631,3734
3631,3717
3667,3751
3668,3751
3684,3800
3685,3951
3669,3905
3669,3670
3670,3842
3672,3736
3672,3718
3686,3753
3688,3823
3689,3737
3690,3846
3673,3783
3673,3847
3693,3738
3694,3761
3695,3890
3696,3851
3675,3740
3675,3804
3698,3723
3700,3788
3619,3765
3702,3807
3703,3703
3679,3832
3679,3857
3704,3767
3705,3811
3706,3833
3706,3859
3710,3793
3712,3816
3628,3795
3713,3795
3684,3799
3669,3867
3719,3932
3687,3755
3691,3783
3720,3759
3720,3888
3721,3848
3692,3825
3692,3826
3697,3892
3697,3739
3723,3853
3724,3786
3699,3787
3699,3829
3725,3895
3725,3830
3701,3743
3726,3805
3726,3855
3651,3834
3727,3770
3708,3771
3708,3728
3709,3862
3710,3947
3730,3731
3730,3776
3731,3777
3714,3795
3715,3837
3715,3779
3716,3840
3717,3797
3735,3950
3718,3802
3739,3852
3740,3893
3741,3804
3741,3763
3742,3787
3743,3789
3744,3918
3745,3977
3746,3766
3746,3790
3746,3856
3703,3790
3749,3792
3729,3774
3729,3775
3711,3983
3711,3864
3714,3778
3750,3779
3736,3752
3736,3821
3753,3754
3756,3781
3756,3969
3737,3757
3737,3846
3758,3759
3738,3760
3760,3826
3738,3870
3761,3870
3761,3850
3763,3936
3764,3830
3701,3764
3701,3789
3766,3808
3747,3874
3748,3876
3770,3813
3771,3861
3772,3814
3773,3815
3773,3774
3776,3777
3777,3865
3778,3837
3779,3929
3751,3841
3751,3930
3752,3868
3780,3822
3753,3952
3754,3845
3755,3845
3755,3885
3781,3909
3782,3824
3783,3886
3758,3910
3759,3887
3784,3849
3762,3785
3787,3894
3790,3896
3791,3809
3791,3832
3767,3960
3768,3859
3768,3834
3748,3943
3792,3812
3769,3812
3772,3863
3794,3836
3776,3902
3796,3929
3796,3903
3797,3866
3797,4000
3798,3818
3801,3843
3802,3821
3802,3822
3762,3803
3762,3954
3803,3914
3788,3829
3788,3993
3805,3917
3806,3938
3769,3860
3769,3877
3813,3922
3814,3879
3815,3900
3774,3815
3798,4129
3819,3841
3799,3799
3799,3800
3800,3951
3820,4091
3801,3884
3823,3885
3823,3909
3824,3969
3825,3869
3825,3889
3826,3889
3827,3912
3803,3954
3828,3851
3804,4041
3829,3937
3830,4122
3789,4061
3807,3919
3807,3872
3808,3958
3808,3856
3832,3857
3810,3942
3810,3873
3833,3921
3833,3875
3834,3962
3835,3876
3812,3944
3812,3860
3793,3947
3816,3926
3836,3901
3776,3881
3838,4016
3839,3948
3840,3948
3840,3949
3841,3966
3800,3930
3842,3906
3842,3843
3843,3843
3844,3907
3844,3931
3821,4003
3822,3908
3846,4018
3847,3886
3847,4019
3848,3972
3848,3849
3826,3973
3852,3892
3852,3915
3854,3894
3855,4230
3831,3957
3831,3939
3856,3981
3858,3897
3861,4010
3774,3923
3816,3864
3864,3925
3816,3816
3817,4013
3836,3927
3837,3928
3867,3905
3867,3906
3868,3868
3845,3952
3849,3933
3869,3953
3869,3889
3870,3934
3850,3911
3851,3914
3853,3936
3853,3871
3832,4105
3857,3941
3873,4106
3873,3959
3874,3996
3874,3959
3859,3962
3860,3963
3861,4144
3862,3878
3863,3946
3863,3880
3880,3898
3816,3925
3817,4072
3865,3881
3865,3882
3882,3883
3883,3883
3866,4000
3866,3866
3884,3967
3885,3968
3886,3971
3851,4120
3891,3974
3893,3916
3893,3976
3893,4041
3872,3919
3872,3920
3896,3981
3897,3921
3897,3961
3876,3943
3878,4067
3879,3946
3898,3899
3899,4068
3901,3927
3901,3902
3881,3902
3903,3965
3903,3904
3905,4002
3906,3986
3907,3967
3907,4193
3868,3987
3909,3968
3887,3910
3910,3988
3887,3888
3888,3972
3911,3989
3911,4079
3890,3990
3892,3974
3915,3935
3915,4005
3853,4042
3894,3992
3894,4043
3918,3938
3920,3994
3920,4026
3896,4084
3922,4009
3922,3998
3862,3945
3862,4067
3879,4011
3924,3983
3925,4049
3927,3999
3928,3929
3928,3984
3843,3986
3908,4004
3908,3932
3932,4114
3887,3972
3933,3953
3933,3972
3890,3912
3890,4020
3912,3913
3913,4039
3914,4022
3892,3991
3916,3935
3916,3975
3936,4121
3937,4043
3937,3993
3918,4024
3938,3977
3939,3978
3939,4046
3919,3978
3940,3979
3940,3980
3940,4103
3941,3942
3941,4157
3942,4047
3921,3961
3943,4008
3944,3997
3877,3963
3877,4009
3923,3923
3929,4033
3949,4000
3930,3966
3932,4036
3952,4052
3953,4056
3934,4057
3934,3989
3913,4097
3954,4021
3935,4188
3955,4045
3956,3957
3957,4007
3919,4025
3958,3980
3921,4028
3962,4237
3943,4029
3944,4030
3964,4011
3946,4011
3947,4012
3902,4161
3929,3985
3965,3985
3948,4074
3948,4214
3966,4075
3930,4075
3951,4001
3951,4051
3969,3970
3970,3970
3973,4057
3974,4040
3935,4098
3975,3976
3975,3976
3977,4154
3978,4025
3979,3995
3980,4104
3958,4027
3959,3996
3960,4107
3960,4085
3963,4065
3982,4031
3926,4071
3926,4013
3984,4050
3984,4015
3929,3965
3965,3985
3986,4002
3967,4133
3987,4092
3987,4148
3968,4017
3969,4037
3971,4019
3991,4226
3991,4005
3994,3995
3994,4026
3995,4063
3979,4063
3981,4084
3961,4064
3961,4048
3997,4008
3998,4010
3983,4069
3983,4125
3965,4113
4001,4034
4003,4004
4003,4035
3970,4037
3971,4038
3988,4019
3988,4186
3989,4058
3990,4119
3990,4096
3975,4098
3992,4171
3992,4043
3993,4060
4006,4024
4007,4046
4007,4155
3996,4107
3997,4158
3998,4124
4011,4011
4012,4211
3923,4031
4014,4090
4015,4033
4016,4113
4016,4126
4002,4147
3986,4219
4004,4036
4017,4053
4017,4054
4018,4055
4018,4095
4021,4022
4021,4168
4022,4059
4005,4295
4023,4080
4024,4100
4025,4062
4027,4083
4027,4082
4028,4048
4028,4236
4008,4108
4030,4065
4009,4142
4010,4124
4010,4144
4012,4068
4032,4069
4013,4110
4015,4073
3965,4033
3965,3965
4000,4377
4035,4093
4004,4135
4036,4114
4037,4137
4038,4055
4019,4117
4020,4096
4020,4152
4039,4097
4039,4153
4040,4120
4040,4187
4044,4045
4044,4122
4026,4102
4029,4087
4030,4088
4031,4109
4049,4089
4049,4264
4001,4051
4001,4132
4034,4132
4035,4134
4052,4077
4053,4149
4055,4116
4038,4116
4038,4117
4056,4078
4056,4196
4058,4079
4058,4165
4045,4099
4061,4081
4062,4102
4063,4103
4047,4157
4047,4106
4064,4086
4064,4176
4048,4176
4065,4088
4065,4141
4066,4143
4068,4159
4070,4071
4071,4145
4072,4090
4072,4111
4050,4191
4050,4112
4076,4131
4051,4217
4077,4114
4053,4136
4057,4165
4079,4119
4059,4168
4059,4198
4080,4202
4080,4171
4043,4252
4061,4123
4081,4279
4081,4300
4046,4232
4062,4172
4063,4206
4082,4104
4082,4173
4084,4105
4085,4086
4085,4175
4088,4141
4067,4262
4069,4263
4073,4112
4073,4162
4074,4128
4075,4130
4094,4095
4078,4151
4078,4118
4057,4276
4041,4251
4041,4170
4100,4101
4100,4231
4102,4256
4106,4209
4107,4234
4086,4175
4087,4177
4029,4087
4029,4108
4108,4158
4089,4125
4089,4212
4111,4160
4112,4266
4091,4218
4091,4192
4115,4194
4095,4150
4118,4151
4118,4197
4119,4334
4096,4277
4097,4166
4098,4250
4121,4201
4122,4203
4099,4203
4099,4139
4123,4139
4123,4204
4103,4207
4083,4156
4105,4174
4110,4145
4090,4146
4090,4160
4113,4346
4126,4181
4126,4127
4128,4324
4130,4131
4130,4215
4131,4216
4132,4243
4093,4135
4114,4114
4117,4164
4097,4167
4138,4153
4120,4198
4120,4199
4121,4170
4121,4227
4139,4355
4123,4140
4101,4231
4102,4172
4102,4205
4142,4143
4142,4190
4143,4178
4124,4178
4144,4210
4125,4212
4145,4265
4110,4146
4128,4214
4133,4182
4133,4163
4134,4148
4093,4134
4135,4245
4149,4272
4149,4246
4150,4185
4116,4185
4116,4164
4153,4167
4123,4387
4104,4281
4104,4233
4156,4173
4156,4258
4157,4340
4141,4190
4110,4238
4146,4239
4161,4179
4162,4363
4147,4192
4147,4269
4163,4163
4148,4244
4134,4244
4093,4245
4114,4220
4114,4221
4164,4248
4151,4196
4165,4312
4152,4277
4152,4166
4169,4200
4154,4231
4172,4205
4174,4174
4158,4284
4178,4285
4180,4181
4163,4193
4183,4270
4184,4195
4184,4247
4184,4311
4185,4223
4166,4167
4168,4224
4187,4199
4187,4225
4170,4427
4170,4227
4171,4229
4173,4257
4189,4259
4174,4208
4175,4235
4175,4176
4177,4361
4177,4371
4179,4362
4180,4267
4182,4219
4182,4290
4163,4290
4193,4328
4196,4249
4198,4313
4188,4296
4188,4250
4200,4408
4200,4314
4201,4227
4201,4228
4202,4298
4202,4299
4203,4336
4204,4300
4204,4337
4205,4255
4206,4207
4206,4280
4174,4303
4209,4342
4190,4394
4190,4438
4210,4285
4210,4261
4160,4240
4160,4160
4191,4266
4213,4241
4215,4242
4215,4309
4216,4217
4217,4326
4192,4218
4192,4365
4182,4349
4220,4291
4194,4246
4194,4443
4222,4273
4195,4274
4195,4311
4197,4249
4197,4332
4199,4313
4225,4226
4225,4313
4228,4297
4229,4299
4229,4252
4230,4253
4207,4301
4233,4281
4233,4257
4173,4302
4209,4319
4234,4260
4234,4304
4237,4283
4212,4286
4238,4306
4238,4305
4239,4306
4239,4240
4241,4287
4214,4308
4242,4268
4242,4309
4216,4347
4243,4327
4243,4289
4218,4327
4219,4366
4245,4350
4221,4291
4221,4272
4247,4292
4247,4353
4223,4292
4223,4293
4226,4294
4228,4428
4252,4315
4230,4253
4253,4369
4232,4475
4254,4255
4255,4256
4256,4317
4257,4302
4258,4259
4258,4360
4259,4339
4260,4446
4260,4304
4236,4320
4236,4282
4263,4286
4264,4396
4264,4323
4265,4323
4265,4375
4240,4345
4160,4345
4267,4307
4268,4398
4268,4378
4270,4610
4244,4270
4271,4401
4246,4310
4273,4274
4273,4331
4195,4274
4275,4293
4249,4383
4276,4333
4277,4334
4250,4314
4278,4315
4230,4388
4231,4369
4280,4357
4280,4358
4282,4283
4285,4373
4261,4373
4261,4343
4263,4439
4286,4322
4212,4395
4266,4363
4287,4364
4288,4398
4289,4326
4289,4348
4290,4328
4270,4482
4291,4329
4195,4381
4293,4367
4276,4332
4276,4425
4295,4296
4250,4296
4297,4335
4297,4384
4298,4335
4298,4299
4300,4337
4300,4429
4279,4368
4279,4338
4301,4318
4281,4318
4302,4493
4303,4412
4282,4370
4284,4321
4267,4346
4307,4566
4308,4325
4308,4376
4309,4347
4290,4422
4272,4329
4272,4351
4274,4352
4195,4352
4294,4407
4294,4457
4295,4354
4316,4458
4317,4357
4317,4432
4281,4359
4303,4461
4304,4342
4320,4391
4320,4370
4321,4413
4321,4372
4284,4372
4323,4375
4306,4479
4324,4324
4327,4348
4328,4399
4329,4380
4330,4331
4330,4443
4330,4402
4331,4402
4311,4403
4311,4404
4292,4353
4292,4367
4312,4333
4333,4425
4314,4408
4335,4385
4315,4472
4336,4355
4337,4410
4338,4368
4318,4359
4339,4412
4339,4389
4319,4341
4319,4390
4342,4390
4344,4374
4325,4376
4325,4377
4347,4379
4326,4419
4348,4420
4327,4521
4350,4400
4350,4401
4352,4381
4332,4456
4334,4502
4313,4426
4336,4386
4355,4387
4338,4356
4356,4388
4301,4358
4358,4460
4301,4433
4340,4434
4340,4528
4361,4477
4361,4392
4343,4448
4343,4513
4345,4397
4362,4441
4362,4450
4364,4547
4364,4417
4346,4417
4365,4421
4365,4548
4366,4421
4329,4453
4353,4404
4367,4455
4312,4485
4312,4486
4338,4430
4369,4431
4359,4492
4360,4389
4371,4392
4371,4413
4372,4545
4373,4416
4374,4449
4363,4516
4379,4418
4379,4625
4366,4442
4380,4401
4380,4453
4381,4403
4367,4454
4382,4455
4384,4428
4384,4385
4385,4444
4387,4506
4368,4430
4388,4507
4357,4432
4357,4459
4390,4462
4393,4414
4394,4415
4394,4438
4375,4464
4375,4563
4397,4479
4397,4440
4377,4517
4378,4451
4378,4418
4399,4423
4399,4468
4402,4729
4381,4470
4403,4471
4404,4523
4405,4484
4405,4524
4406,4503
4407,4426
4407,4457
4408,4555
4409,4410
4410,4445
4411,4433
4389,4494
4412,4494
4370,4577
4414,4415
4414,4447
4415,4447
4395,4515
4395,4396
4396,4464
4417,4565
4376,4517
4398,4481
4418,4520
4419,4420
4419,4466
4420,4586
4422,4422
4424,4551
4425,4456
4426,4629
4428,4538
4384,4444
4389,4510
4434,4461
4435,4496
4392,4413
4392,4477
4436,4437
4438,4511
4416,4512
4416,4448
4441,4637
4441,4465
4421,4467
4442,4452
4442,4708
4422,4452
4401,4611
4425,4485
4427,4537
4427,4525
4444,4539
4429,4473
4429,4489
4430,4490
4430,4616
4431,4474
4432,4631
4433,4509
4434,4528
4413,4559
4448,4513
4439,4478
4439,4515
4450,4450
4451,4481
4451,4498
4452,4533
4443,4499
4454,4896
4454,4501
4455,4501
4456,4657
4457,4629
4445,4557
4445,4473
4432,4491
4459,4460
4459,4527
4460,4508
4461,4699
4462,4476
4462,4495
4446,4576
4446,4496
4437,4546
4463,4497
4464,4464
4450,4667
4453,4591
4469,4535
4470,4550
4470,4500
4471,4500
4471,4523
4472,4488
4472,4504
4458,4540
4458,4505
4473,4558
4449,4478
4464,4530
4481,4531
4482,4549
4482,4534
4483,4534
4484,4551
4486,4487
4486,4569
4487,4593
4487,4502
4489,4489
4489,4490
4489,4543
4490,4543
4491,4617
4491,4527
4492,4509
4492,4493
4493,4544
4476,4619
4476,4620
4495,4576
4496,4622
4477,4720
4447,4546
4447,4578
4497,4529
4497,4561
4449,4581
4478,4562
4479,4564
4479,4602
4480,4567
4498,4520
4498,4585
4499,4522
4499,4641
4500,4550
4501,4656
4485,4552
4503,4553
4503,4570
4488,4573
4488,4556
4505,4526
4505,4541
4506,4574
4506,4557
4489,4542
4507,4696
4507,4697
4508,4509
4508,4527
4510,4544
4495,4597
4511,4578
4511,4561
4514,4765
4518,4519
4518,4519
4480,4519
4480,4607
4520,4625
4521,4691
4521,4587
4522,4536
4522,4592
4523,4642
4502,4614
4525,4572
4525,4678
4504,4540
4526,4595
4528,4618
4512,4529
4512,4599
4513,4599
4513,4687
4515,4600
4515,4635
4516,4603
4516,4547
4517,4747
4517,4819
4518,4654
4519,4606
4532,4639
4533,4708
4533,4588
4534,4589
4535,4536
4536,4592
4537,4555
4539,4573
4539,4594
4504,4556
4540,4647
4526,4648
4543,4575
4527,4617
4545,4560
4545,4598
4529,4561
4530,4635
4547,4582
4518,4583
4531,4584
4531,4585
4548,4626
4548,4707
4535,4750
4535,4710
4550,4642
4553,4614
4553,4676
4554,4628
4554,4660
4554,4677
4537,4645
4538,4678
4556,4630
4504,4662
4559,4560
4560,4741
4546,4633
4562,4581
4562,4600
4530,4636
4563,4564
4563,4653
4564,4601
4565,4582
4565,4669
4566,4604
4566,4704
4518,4624
4567,4607
4549,4671
4549,4589
4568,4613
4551,4627
4552,4644
4569,4757
4569,4593
4570,4714
4570,4615
4571,4661
4555,5010
4572,4645
4538,4594
4538,4694
4573,4646
4574,4737
4574,4649
4575,4683
4575,4616
4576,4621
4559,4651
4578,4633
4579,4721
4580,4580
4580,4664
4567,4584
4586,4587
4586,4706
4587,4691
4590,4611
4592,4640
4593,4758
4595,4736
4595,4680
4596,4808
4596,4631
4596,4685
4577,4740
4577,4763
4561,4701
4599,4687
4581,4634
4601,4724
4601,4602
4602,4637
4582,4668
4604,4623
4604,4638
4605,4725
4583,4654
4583,4624
4584,4670
4585,4608
4609,4610
4609,4749
4589,4672
4611,4779
4591,4709
4591,4799
4612,4643
4614,4658
4615,4615
4594,4695
4557,4681
4557,4682
4617,4698
4597,4620
4620,4650
4597,4686
4622,4632
4598,4741
4598,4652
4600,4723
4603,4668
4623,4638
4623,4746
4606,4624
4606,4607
4567,4670
4585,4655
4625,4639
4626,4822
4626,4727
4610,4749
4613,4643
4613,4674
4627,4754
4627,4711
4615,4659
4628,4659
4629,4660
4630,4646
4630,4662
4616,4696
4631,4773
4618,4719
4618,4619
4621,4686
4621,4632
4632,4663
4622,4663
4635,4665
4637,4744
4639,4705
4589,4671
4643,4731
4644,4756
4644,4692
4628,4733
4646,4716
4647,4679
4649,4681
4649,4832
4619,4650
4619,4700
4621,4663
4633,4742
4634,4664
4634,4743
4636,4665
4636,4666
4653,4666
4653,4815
4638,4689
4654,4767
4640,4751
4640,4641
4641,4673
4642,4867
4658,4783
4658,4676
4629,4760
4629,4734
4662,4852
4647,4717
4648,4679
4648,4718
4650,4700
4664,4702
4665,4814
4667,4745
4669,4703
4607,4859
4670,4776
4655,4748
4655,4726
4671,4728
4641,4866
4673,4673
4656,4730
4656,4753
4674,4731
4675,4754
4657,4712
4657,4755
4659,4770
4661,4850
4678,4806
4679,4717
4680,4718
4680,4736
4681,4921
4682,4683
4682,4761
4683,4787
4684,4697
4685,4772
4650,4811
4686,4812
4687,4765
4688,4722
4688,4688
4667,4766
4669,4817
4690,4705
4690,4706
4691,4880
4672,4728
4673,4893
4692,4713
4692,4769
4676,4714
4677,4759
4660,4677
4660,4760
4693,4734
4693,4715
4661,4715
4694,4806
4694,4735
4685,4762
4698,4738
4698,4900
4699,4903
4699,4739
4700,4774
4663,4789
4702,4972
4702,4837
4668,4856
4668,4841
4703,4704
4689,4704
4689,4746
4705,4768
4690,4768
4706,4861
4709,4779
4709,4826
4710,4750
4710,4751
4711,4712
4660,4869
4693,4785
4715,4849
4661,4771
4695,4735
4695,4851
4718,4786
4697,4833
4720,4764
4720,4904
4701,4873
4701,4792
4721,4722
4703,4818
4727,4798
4707,4727
4707,4778
4708,4778
4711,4732
4712,4898
4713,4769
4713,4757
4714,4868
4735,4851
4717,4786
4736,4737
4719,4739
4719,4774
4740,4790
4740,5017
4721,4905
4688,4722
4723,4743
4743,4837
4723,4775
4744,4855
4744,4745
4725,4746
4747,4795
4747,4819
4748,4776
4726,4777
4726,4860
4728,4825
4750,4800
4751,4780
4752,4801
4731,4827
4754,4802
4755,4781
4756,4781
4756,4782
4757,4803
4758,4829
4758,4804
4714,4830
4733,4759
4759,4869
4760,4846
4734,4784
4737,4832
4696,5028
4696,4807
4739,4810
4763,4764
4763,4764
4741,4928
4742,4887
4742,4791
4745,4766
4725,4795
4767,4890
4767,4909
4748,4820
4768,4821
4728,4824
4755,4984
4769,5007
4733,4805
4733,4919
4761,5011
4761,4787
4762,4772
4762,4809
4773,4809
4773,4788
4774,4968
4765,4836
4775,4814
4775,4907
4766,4816
4704,4818
4704,4953
4746,4857
4776,4879
4777,4777
4778,4823
4749,4892
4749,4958
4779,4938
4780,4881
4780,4865
4783,4884
4783,4885
4770,4805
4770,4770
4785,4870
4771,4849
4771,5042
4786,4831
4787,4991
4772,4808
4789,4812
4789,4853
4790,4813
4764,4854
4792,4793
4792,4834
4765,4889
4766,4839
4796,4796
4797,4860
4798,4822
4798,5004
4802,4828
4781,4844
4770,4868
4770,4805
4784,4846
4784,4847
4785,4848
4787,4787
4807,4833
4772,4924
4809,4924
4810,4903
4810,5029
4790,4926
4794,4838
4816,4840
4817,4841
4817,4818
4795,5001
4819,4936
4796,4878
4777,4820
4821,5074
4821,4861
4823,4891
4824,4825
4825,4937
4799,4864
4799,4800
4800,4881
4801,4894
4827,4843
4828,4843
4803,4803
4803,4845
4804,4845
4804,4829
4830,4885
4830,4868
4806,4941
4806,4851
4788,5132
4788,4788
4788,4900
4834,4873
4834,4949
4835,4836
4835,4874
4835,4888
4837,4972
4814,4907
4814,4998
4815,4952
4815,4876
4838,4855
4839,4999
4839,5000
4816,4877
4841,4856
4820,4957
4822,4911
4824,5024
4842,4913
4800,4959
4827,5057
4843,4882
4802,4916
4802,4897
4803,4883
4845,4883
4829,4884
4847,4870
4849,5061
4831,4942
4831,4943
4808,4923
4812,4945
4812,4853
4853,4926
4854,4947
4854,4993
4836,4888
4836,4889
4855,5022
4840,4877
4840,4933
4856,4973
4857,4908
4858,4890
4859,4878
4859,4879
4860,4978
4862,4912
4863,4864
4864,4959
4865,4866
4866,4939
4801,4961
4801,4895
4867,4896
4867,4895
4828,4882
4828,4916
4770,4918
4846,4986
4848,4987
4848,4988
4852,4871
4852,4989
4832,4965
4832,4899
4872,4886
4873,4995
4875,4931
4877,4932
4841,4973
4818,4935
4861,5076
4881,5006
4865,4982
4882,5097
4883,4962
4884,4917
4869,4920
4833,4922
4808,5012
4872,4901
4887,4994
4887,4948
4874,4970
4874,4888
4889,4996
4878,4956
4880,5003
4880,4911
4891,5039
4893,4915
4893,4940
4894,4940
4894,4961
4885,4963
4885,5008
4868,4918
4870,5026
4899,4921
4899,4965
4900,4944
4901,4944
4901,4967
4902,4925
4902,5014
4904,4993
4888,5067
4906,4950
4907,5051
4908,5036
4890,5002
4909,4977
4909,4976
4879,5073
4879,4957
4910,4980
4911,5004
4913,4937
4914,4915
4915,4960
4895,5056
4896,5056
4917,4963
4917,5131
4919,4920
4918,4919
4920,4964
4870,5009
4922,4966
4923,5012
4924,5043
4886,4886
4903,4925
4903,5136
4926,5016
4904,4927
4904,5032
4927,4928
4928,5033
4905,4971
4929,5019
4929,4971
4929,5068
4930,4931
4930,4931
4932,5000
4932,4933
4933,5168
4934,5054
4935,5145
4935,4974
4936,4975
4912,4958
4912,5024
4937,5005
4913,5005
4914,4983
4914,4960
4940,5151
4916,5233
4868,5008
4942,4989
4942,4943
4921,4990
4944,4967
4886,5084
4925,5014
4946,4969
4946,4946
4947,5048
4947,5031
4927,5032
4948,4995
4949,4970
4949,5182
4950,5019
4930,4950
4951,4952
4953,4974
4953,5036
4936,5112
4954,4955
4954,5002
4955,4976
4956,4977
4956,5073
4958,5055
4959,5115
4939,5025
4939,4983
4960,5151
4961,5209
4963,5153
4943,5272
4966,4966
4944,5044
4886,4967
4886,5013
4925,5197
4968,5015
4968,5085
4945,5102
4945,5016
4969,5065
4969,5030
4946,5030
4970,5034
4930,4930
4972,5111
4951,4998
4951,5020
4973,5354
4974,5092
4976,5072
4957,5037
4978,5037
4978,5038
4979,4980
4980,5003
4981,5039
4983,5025
4984,5152
4984,5041
4962,5059
4962,5060
4985,4986
4986,5009
4965,4990
4990,5011
4991,5027
4991,5028
4966,4992
4992,5155
4993,5031
4994,5018
4994,5181
4996,4997
4971,5050
4971,5035
4952,5020
4952,5021
4999,5053
4999,5000
4975,5112
5002,5205
4977,5093
5004,5149
4982,5006
5006,5173
4982,5077
5007,5175
5007,5059
4918,5008
4918,5080
5009,5026
4987,5098
4987,4988
4988,5061
4989,5453
4965,5099
5011,5027
4886,5045
5013,5045
5014,5063
5018,5066
5018,5086
4996,5087
4998,5052
5020,5052
5021,5089
5021,5126
5022,5023
5022,5069
5001,5147
5003,5191
5005,5246
5025,5077
5010,5119
5010,5062
5012,5043
4886,5133
5015,5046
5015,5160
5016,5138
5017,5064
5017,5065
5031,5105
5033,5199
5033,5066
5035,5110
5035,5143
5023,5069
5023,5053
5000,5090
5036,5146
5038,5127
5024,5130
5005,5194
5040,5078
5026,5098
5042,5118
5042,5119
5027,5100
5028,5082
5012,5083
5045,5134
5029,5136
5029,5122
5047,5103
5047,5064
5030,5198
5032,5106
5049,5124
5049,5108
5050,5088
5050,5109
5019,5068
5019,5125
5051,5144
5052,5089
5053,5090
5054,5220
5054,5091
5037,5127
5038,5074
5038,5170
5039,5149
5055,5230
5055,5094
5057,5096
5057,5097
5058,5117
5041,5117
5041,5152
5061,5118
5062,5081
5043,5120
5044,5121
5044,5133
5063,5101
5063,5135
5047,5254
5064,5104
5065,5164
5067,5087
5067,5107
5068,5143
5051,5051
5070,5112
5071,5205
5072,5169
5072,5093
5073,5263
5074,5265
5075,5128
5076,5171
5076,5148
5056,5269
5059,5248
5079,5348
5081,5327
5085,5122
5085,5137
5066,5142
5066,5123
5086,5123
5086,5166
5088,5167
5088,5109
5089,5126
5069,5242
5090,5189
5091,5221
5091,5243
5092,5146
5092,5190
5093,5226
5094,5207
5095,5150
5077,5247
5078,5210
5078,5116
5096,5116
5098,5154
5082,5155
5084,5157
5084,5252
5101,5158
5102,5161
5102,5162
5103,5163
5103,5139
5104,5140
5105,5106
5105,5141
5087,5107
5087,5183
5108,5124
5109,5110
5051,5186
5089,5187
5113,5193
5114,5208
5096,5362
5097,5270
5118,5326
5100,5365
5121,5156
5121,5251
5101,5180
5122,5159
5106,5333
5123,5215
5107,5182
5109,5167
5110,5143
5051,5203
5112,5224
5128,5342
5128,5171
5129,5285
5130,5193
5115,5150
5115,5172
5116,5211
5116,5212
5117,5174
5131,5153
5131,5291
5133,5134
5134,5179
5136,5159
5137,5160
5142,5199
5107,5183
5108,5184
5110,5217
5126,5187
5146,5222
5147,5260
5127,5170
5148,5244
5148,5228
5149,5192
5130,5245
5150,5267
5152,5175
5119,5292
5119,5308
5120,5132
5132,5178
5156,5178
5156,5196
5133,5251
5135,5180
5135,5237
5137,5214
5138,5162
5138,5387
5141,5165
5141,5332
5166,5181
5166,5215
5124,5200
5124,5124
5143,5240
5144,5203
5168,5204
5168,5280
5145,5354
5145,5190
5169,5262
5169,5225
5171,5228
5172,5173
5172,5231
5173,5286
5151,5268
5174,5233
5174,5290
5153,5249
5154,5271
5154,5176
5176,5177
5155,5310
5178,5235
5157,5179
5179,5385
5157,5294
5158,5386
5158,5236
5180,5236
5159,5214
5160,5296
5162,5238
5140,5254
5140,5164
5182,5239
5183,5335
5184,5185
5184,5216
5185,5201
5185,5216
5167,5201
5167,5217
5186,5202
5186,5241
5187,5258
5188,5279
5170,5264
5193,5322
5151,5232
5175,5248
5177,5349
5195,5310
5196,5235
5196,5368
5197,5237
5197,5434
5164,5198
5164,5298
5198,5298
5200,5277
5201,5278
5202,5219
5202,5241
5203,5203
5189,5375
5189,5204
5204,5280
5190,5222
5205,5261
5206,5227
5192,5303
5192,5304
5207,5230
5210,5289
5210,5211
5211,5426
5213,5271
5215,5275
5216,5278
5217,5337
5218,5257
5220,5338
5220,5243
5190,5281
5222,5318
5223,5282
5226,5227
5229,5284
5230,5359
5207,5285
5208,5246
5208,5343
5232,5345
5209,5268
5209,5288
5233,5347
5234,5290
5235,5293
5236,5237
5214,5435
5199,5351
5181,5275
5181,5396
5239,5389
5239,5371
5219,5257
5242,5279
5242,5375
5221,5317
5221,5392
5224,5260
5224,5423
5226,5340
5228,5402
5244,5283
5244,5652
5245,5305
5247,5287
5247,5345
5232,5324
5248,5248
5250,5309
5251,5385
5252,5294
5252,5253
5253,5416
5253,5311
5254,5331
5255,5276
5255,5256
5256,5277
5256,5314
5240,5337
5240,5470
5257,5315
5219,5352
5259,5316
5243,5317
5261,5262
5261,5262
5263,5341
5264,5302
5264,5265
5265,5342
5246,5323
5266,5267
5267,5360
5269,5289
5249,5363
5249,5465
5272,5273
5274,5366
5252,5311
5255,5336
5277,5374
5278,5490
5203,5241
5258,5471
5258,5299
5279,5316
5280,5376
5281,5377
5281,5443
5282,5318
5282,5319
5260,5301
5227,5356
5227,5320
5283,5284
5284,5321
5286,5287
5268,5288
5289,5346
5270,5362
5270,5406
5290,5561
5291,5348
5291,5363
5271,5479
5272,5410
5295,5296
5297,5387
5275,5351
5276,5373
5276,5336
5241,5491
5203,5391
5300,5338
5301,5319
5283,5358
5285,5516
5305,5306
5307,5382
5286,5344
5287,5344
5268,5324
5268,5405
5288,5325
5292,5326
5292,5430
5308,5431
5308,5409
5272,5364
5309,5328
5309,5350
5293,5433
5293,5368
5311,5542
5296,5417
5312,5436
5298,5331
5298,5388
5313,5370
5316,5458
5317,5392
5319,5319
5301,5355
5303,5321
5303,5380
5304,5380
5304,5447
5305,5322
5286,5394
5324,5405
5248,5562
5326,5349
5328,5365
5329,5384
5330,5414
5332,5333
5333,5369
5334,5685
5313,5396
5335,5373
5335,5372
5314,5336
5314,5374
5337,5470
5315,5352
5318,5513
5318,5400
5339,5378
5320,5356
5320,5341
5342,5402
5321,5379
5321,5445
5322,5381
5305,5381
5344,5395
5345,5395
5348,5408
5328,5432
5310,5383
5310,5608
5332,5457
5352,5439
5353,5391
5338,5421
5354,5377
5355,5459
5355,5393
5340,5596
5340,5356
5341,5401
5357,5552
5358,5379
5358,5444
5359,5447
5359,5403
5343,5534
5343,5360
5344,5450
5361,5426
5347,5407
5349,5429
5364,5410
5364,5482
5350,5411
5350,5454
5366,5383
5367,5412
5368,5415
5331,5436
5331,5388
5369,5506
5351,5418
5370,5419
5372,5397
5373,5398
5336,5438
5374,5399
5375,5575
5354,5422
5378,5424
5378,5461
5379,5444
5381,5464
5360,5654
5362,5427
5347,5428
5363,5465
5365,5483
5383,5484
5366,5485
5384,5455
5386,5416
5386,5502
5389,5419
5389,5390
5371,5593
5371,5397
5376,5575
5376,5441
5392,5472
5377,5473
5319,5400
5393,5459
5393,5530
5380,5446
5382,5448
5394,5449
5363,5408
5383,5539
5387,5417
5388,5544
5396,5489
5398,5437
5398,5509
5399,5438
5391,5440
5400,5580
5401,5463
5401,5495
5380,5477
5403,5559
5404,5478
5382,5496
5395,5497
5405,5498
5406,5427
5406,5451
5407,5499
5408,5583
5409,5430
5409,5480
5411,5482
5412,5466
5412,5456
5413,5414
5415,5501
5415,5522
5385,5501
5385,5540
5416,5570
5417,5488
5399,5420
5391,5492
5421,5441
5423,5460
5424,5474
5424,5475
5425,5461
5402,5476
5403,5532
5427,5633
5430,5537
5411,5566
5432,5454
5432,5483
5413,5456
5414,5486
5433,5486
5433,5521
5434,5590
5434,5435
5419,5507
5420,5511
5441,5527
5441,5576
5421,5556
5442,5493
5422,5493
5422,5549
5443,5512
5443,5513
5423,5514
5444,5445
5445,5477
5447,5532
5449,5582
5450,5518
5450,5497
5426,5535
5426,5601
5428,5451
5428,5499
5452,5519
5429,5452
5429,5520
5431,5480
5431,5481
5410,5453
5453,5565
5410,5638
5454,5566
5455,5500
5413,5640
5435,5467
5436,5663
5437,5508
5437,5509
5438,5510
5420,5510
5439,5573
5439,5491
5461,5475
5462,5596
5464,5478
5464,5533
5448,5533
5448,5496
5449,5518
5451,5602
5465,5536
5452,5585
5466,5553
5467,5468
5467,5503
5468,5504
5468,5469
5457,5505
5472,5529
5472,5548
5473,5578
5473,5512
5460,5514
5460,5474
5476,5627
5477,5895
5478,5516
5479,5519
5480,5637
5481,5538
5482,5607
5485,5587
5485,5610
5466,5554
5487,5488
5488,5662
5489,5665
5490,5555
5490,5525
5470,5616
5491,5547
5471,5492
5471,5787
5493,5670
5459,5557
5459,5530
5474,5550
5475,5550
5475,5626
5476,5651
5496,5517
5498,5632
5498,5675
5479,5563
5483,5586
5484,5702
5484,5539
5486,5568
5501,5540
5502,5543
5502,5571
5503,5504
5503,5591
5505,5506
5489,5524
5489,5644
5507,5524
5507,5545
5508,5594
5508,5509
5510,5511
5492,5619
5512,5691
5513,5579
5514,5531
5495,5551
5495,5597
5515,5552
5516,5629
5517,5534
5499,5656
5499,5800
5519,5604
5519,5584
5500,5610
5500,5567
5521,5522
5501,5569
5523,5642
5504,5572
5506,5685
5524,5545
5511,5615
5525,5555
5525,5766
5526,5646
5528,5556
5528,5577
5528,5622
5530,5648
5494,5649
5494,5551
5517,5630
5534,5718
5518,5582
5497,5560
5497,5599
5535,5600
5535,5676
5520,5635
5520,5564
5537,5564
5538,5606
5539,5609
5540,5541
5543,5570
5543,5681
5511,5708
5546,5617
5547,5547
5527,5621
5527,5576
5529,5577
5529,5548
5548,5595
5549,5624
5549,5578
5550,5581
5551,5597
5552,5627
5532,5598
5533,5774
5537,5605
5553,5611
5553,5588
5554,5588
5522,5641
5542,5589
5542,5680
5544,5592
5544,5643
5505,5684
5545,5614
5547,5618
5557,5580
5557,5692
5558,5650
5560,5631
5560,5674
5561,5698
5561,5720
5563,5603
5564,5636
5565,5638
5567,5611
5554,5612
5569,5641
5555,5645
5573,5617
5573,5618
5574,5646
5575,5621
5556,5576
5556,5622
5577,5623
5580,5625
5581,5693
5581,5713
5559,5628
5559,5629
5562,5752
5583,5657
5584,5659
5584,5634
5566,5802
5586,5608
5586,5639
5587,5609
5587,5820
5567,5703
5588,5612
5568,5640
5568,5879
5569,5863
5540,5725
5570,5681
5590,5613
5590,5661
5592,5663
5593,5666
5593,5765
5575,5689
5576,5668
5595,5670
5578,5647
5579,5747
5579,5625
5598,5628
5582,5673
5582,5696
5599,5632
5599,5674
5600,5655
5600,5734
5601,5735
5601,5677
5602,5678
5602,5656
5603,5604
5604,5658
5585,5634
5585,5660
5605,5636
5605,5721
5607,5723
5608,5701
5609,5702
5610,5703
5612,5822
5591,5928
5591,5740
5592,5728
5616,5686
5616,5687
5619,5667
5619,5620
5620,5620
5622,5669
5595,5789
5624,5690
5625,5827
5626,5731
5626,5713
5596,5694
5597,5650
5627,5671
5628,5733
5630,5750
5630,5796
5631,5696
5631,5674
5633,5735
5583,5754
5603,5679
5634,5659
5635,5660
5635,5636
5637,5721
5637,5699
5606,5722
5606,5700
5611,5704
5641,5756
5642,5839
5642,5705
5613,5840
5613,5726
5643,5683
5614,5785
5614,5666
5615,5708
5615,5645
5617,5811
5618,5710
5618,5730
5646,5688
5623,5789
5624,5670
5648,5692
5648,5712
5597,5714
5652,5716
5652,5815
5653,5695
5598,5772
5598,5733
5629,5717
5654,5776
5654,5775
5632,5697
5655,5675
5633,5678
5656,5799
5657,5753
5658,5778
5658,5659
5639,5724
5639,5738
5640,5803
5662,5740
5662,5706
5664,5684
5665,5958
5665,5707
5645,5810
5645,5742
5617,5710
5667,5768
5667,5744
5620,5769
5621,5689
5621,5813
5669,5866
5669,5711
5623,5711
5647,5690
5647,5746
5649,5770
5649,5714
5650,5792
5671,5715
5671,5749
5651,5793
5651,5716
5672,5732
5655,5797
5676,5677
5676,5719
5633,5835
5678,5799
5659,5778
5660,5778
5680,5757
5680,5804
5661,5726
5661,5727
5682,5728
5683,5729
5683,5761
5684,5729
5687,5786
5687,5709
5620,5744
5668,5851
5670,5790
5692,5827
5693,5712
5673,5817
5696,5833
5675,5751
5677,5777
5698,5736
5698,5720
5699,5779
5699,5722
5700,5755
5700,5975
5638,5723
5701,5738
5701,5838
5703,5704
5704,5822
5705,5781
5681,5758
5706,5760
5663,5884
5663,5782
5685,5913
5666,5741
5666,5764
5686,5786
5710,5767
5688,5891
5688,5745
5689,5745
5711,5853
5691,5746
5691,5747
5712,5918
5693,5748
5713,5791
5694,5731
5694,5770
5714,5830
5715,5792
5716,5814
5695,5732
5695,5772
5717,5773
5717,5795
5674,5833
5719,5734
5719,5798
5721,5779
5722,5755
5638,5859
5723,5780
5702,5820
5705,5839
5706,5759
5728,5782
5728,5783
5729,5844
5708,5809
5708,5810
5686,5825
5689,5813
5731,5938
5715,5831
5732,5968
5733,5871
5734,5797
5735,5856
5735,5835
5736,5800
5736,5874
5720,5752
5737,5737
5737,5754
5722,5801
5724,5976
5724,5738
5703,5860
5725,5880
5725,5781
5726,5824
5740,5882
5685,5784
5685,5997
5742,5766
5742,5825
5686,5826
5730,5767
5730,5743
5744,5849
5745,5813
5690,5790
5746,5916
5747,6049
5749,5831
5749,5793
5750,5908
5751,5834
5751,5898
5754,5819
5737,5819
5755,5858
5738,5901
5703,5821
5758,5805
5758,5840
5759,5841
5759,5883
5760,5883
5760,5806
5761,5783
5761,5807
5762,5784
5763,5887
5741,5785
5741,5764
5764,5765
5765,5888
5766,5825
5743,5933
5743,5768
5769,5787
5769,5935
5770,5829
5771,5830
5772,5870
5774,5855
5750,5910
5775,5776
5776,5817
5777,5798
5777,5945
5752,5900
5753,5818
5753,5837
5779,5875
5739,5861
5739,5878
5756,5926
5756,5862
5757,6147
5757,5805
5782,5884
5782,5842
5783,5842
5783,5843
5784,5886
5785,5887
5786,5826
5767,5932
5768,5848
5788,5850
5791,5937
5791,5828
5793,5793
5794,5795
5795,5896
5773,5896
5773,5774
5796,5872
5775,5897
5797,5972
5803,5878
5803,5879
5781,5881
5806,5955
5807,5843
5808,5886
5764,5845
5809,5846
5809,5847
5810,5847
5812,5849
5787,5865
5789,5892
5789,6090
5790,5916
5814,5940
5814,5815
5815,5920
5816,5871
5817,5971
5798,5899
5799,5946
5800,5874
5818,5836
5818,5992
5819,5994
5801,5875
5801,5858
5821,5860
5821,5950
5822,5902
5805,5840
5823,5824
5824,5903
5806,5904
5826,5905
5787,5984
5827,6036
5828,5919
5830,5893
5792,5868
5792,5831
5793,5869
5832,5894
5835,5873
5837,5857
5820,5925
5842,5885
5848,5934
5848,5890
5849,5890
5813,5851
5852,5915
5829,5986
5829,5854
5855,5989
5834,5943
5834,5898
5837,5993
5838,5901
5838,5924
5860,5949
5862,5863
5862,5952
5863,5927
5839,6127
5841,5912
5843,5885
5864,5914
5847,6016
5825,5960
5850,5865
5851,5915
5853,5866
5853,5892
5867,5868
5867,5893
5867,5906
5868,5906
5831,5939
5869,5939
5869,5966
5870,5941
5870,5907
5871,5907
5833,6067
5856,5945
5856,5873
5858,5975
5858,5948
5876,5923
5877,5976
5861,5902
5861,5978
5878,5978
5879,5911
5880,5881
5880,5927
5841,5882
5883,5954
5884,5979
5885,5980
5843,5980
5887,6014
5888,5889
5825,6029
5865,5936
5850,5891
5866,5963
5892,6048
5894,5920
5894,5967
5872,5942
5897,5991
5897,6040
5833,6123
5898,5921
5873,5946
5874,5922
5875,5947
5901,6027
5902,6011
5882,5928
5904,5954
5904,5955
5886,5929
5888,5930
5889,5930
5889,5914
5890,5934
5850,6034
5891,6034
5866,6077
5893,6023
5893,5965
5906,6005
5896,6142
5908,5909
5909,5910
5910,5942
5872,5990
5872,5970
5899,5972
5899,6041
5911,5951
5911,6202
5903,5953
5912,5996
5913,6046
5913,5956
5914,5999
5905,5931
5915,5963
5916,6078
5917,6021
5918,5964
5919,5938
5920,5967
5896,6039
5908,6082
5921,5944
5873,6024
5923,5975
5923,6059
5924,5925
5925,5977
5927,6204
5903,5928
5905,5983
5931,5961
5931,6018
5932,5962
5932,5933
5933,6032
5918,5985
5937,5964
5937,6003
5939,6038
5941,5969
5907,6007
5943,6008
5944,6095
5946,6178
5947,5974
5924,6028
5926,5951
5926,5995
5952,5995
5952,6116
5903,6148
5954,5996
5955,5979
5929,6045
5957,5958
5930,6015
5959,5982
5959,5960
5959,6000
5960,6000
5935,6019
5963,6020
5964,6037
5938,6051
5965,6053
5965,6005
5940,5987
5940,6006
5942,5990
5970,5991
5970,6066
5971,6057
5971,6056
5972,6058
5973,6010
5947,6026
5949,6060
5949,5950
5950,6156
5978,6011
5951,6202
5979,6012
5981,6117
5958,6013
5982,6016
5982,6000
5983,6017
5961,6030
5932,6031
5934,6033
5935,6001
5985,6022
5985,6037
5986,6052
5966,6054
5966,5987
5987,6063
5988,6006
5967,6154
5968,6092
5968,6081
5990,6066
5945,6069
5945,6024
5992,6179
5992,5993
5993,6260
5994,6043
5994,6261
5947,6025
5976,6248
5995,6116
5996,6186
5955,6129
5980,6012
5998,6088
5930,6047
5984,6001
5984,6133
6002,6035
6003,6004
6003,6062
6006,6064
5989,6039
5989,6110
5991,6055
6009,6114
5975,6072
6011,6044
5980,6097
5997,6159
5997,6046
6013,6118
6014,6073
6014,6187
6015,6073
6015,6047
6017,6029
5983,6017
5983,6018
6018,6030
6001,6019
6020,6168
6020,6135
6022,6050
6023,6226
6023,6053
6005,6080
6008,6068
6024,6177
6010,6114
6010,6070
6025,6084
6025,6026
6026,6071
6012,6265
6013,6098
6016,6221
6029,6099
6030,6164
6032,6132
6032,6033
6019,6075
6034,6076
6021,6036
6036,6191
6021,6050
6022,6140
6037,6171
6039,6143
6040,6055
6040,6112
6042,6179
5975,6071
6027,6181
6027,6028
6028,6126
6044,6146
6044,6085
6047,6074
6031,6165
6031,6132
6033,6075
6035,6152
6035,6049
6049,6170
6051,6052
6038,6120
6038,6054
6039,6109
6055,6083
6041,6124
6041,6069
6059,6247
6060,6200
6060,6183
6045,6209
6046,6160
6061,6131
6047,6073
5983,6119
6048,6101
6048,6089
6050,6139
6051,6105
6053,6079
6054,6091
6063,6091
6063,6064
6065,6143
6066,6121
6056,6094
6056,6057
6057,6123
6067,6068
6008,6008
6058,6095
6058,6124
6069,6177
6059,6072
6019,6100
6076,6224
6076,6134
6077,6137
6077,6190
6078,6103
6078,6150
6062,6104
6053,6079
6079,6080
6064,6107
6081,6092
6081,6229
6082,6144
6082,6111
6083,6122
6083,6145
6070,6125
6070,6180
6071,6232
6059,6198
6085,6146
6085,6115
6086,6096
6086,6128
6087,6097
6088,6266
6088,6161
6075,6100
6090,6103
6090,6169
6062,6062
6053,6227
6080,6106
6091,6239
6092,6141
6093,6229
6094,6113
6095,6245
6072,6198
6096,6185
6087,6097
6087,6117
6073,6220
6099,6163
6099,6119
6019,6166
6104,6193
6062,6104
6107,6108
6107,6172
6109,6110
6110,6258
6112,6145
6094,6155
6097,6208
6098,6098
6098,6118
6119,6164
6102,6149
6103,6275
6106,6120
6120,6239
6108,6172
6108,6173
6109,6175
6110,6230
6121,6122
6121,6176
6122,6176
6112,6113
6113,6155
6123,6317
6124,6245
6127,6158
6128,6216
6129,6218
6129,6265
6117,6209
6130,6161
6118,6131
6131,6219
6100,6166
6133,6167
6134,6189
6135,6136
6135,6168
6136,6137
6138,6169
6139,6192
6062,6171
6144,6258
6112,6196
6114,6262
6114,6125
6125,6180
6126,6182
6126,6213
6116,6202
6116,6203
6127,6147
6147,6205
6128,6206
6148,6207
6148,6264
6117,6236
6137,6190
6149,6149
6150,6291
6150,6151
6139,6438
6140,6192
6140,6211
6153,6193
6106,6257
6154,6173
6154,6241
6142,6242
6142,6143
6143,6175
6145,6195
6146,6235
6157,6204
6157,6158
6158,6308
6127,6249
6159,6324
6159,6160
6118,6252
6162,6188
6162,6268
6163,6221
6164,6299
6165,6222
6132,6165
6166,6167
6168,6273
6169,6210
6170,6300
6170,6225
6174,6212
6176,6259
6155,6281
6177,6231
6156,6201
6156,6214
6146,6234
6184,6203
6157,6215
6185,6205
6160,6287
6161,6419
6163,6269
6132,6289
6189,6238
6190,6274
6151,6255
6191,6277
6171,6278
6193,6358
6194,6228
6172,6280
6173,6240
6175,6230
6195,6243
6196,6243
6196,6281
6178,6282
6178,6197
6179,6260
6180,6283
6180,6246
6199,6319
6181,6248
6181,6233
6182,6233
6182,6284
6183,6201
6201,6367
6204,6286
6205,6249
6185,6206
6206,6298
6207,6264
6207,6217
6186,6217
6186,6403
6208,6387
6208,6236
6209,6323
6187,6219
6187,6311
6167,6270
6149,6210
6210,6373
6192,6256
6193,6302
6198,6364
6200,6213
6200,6285
6185,6322
6185,6298
6216,6251
6216,6250
6207,6310
6219,6288
6188,6220
6220,6326
6188,6267
6221,6338
6223,6253
6224,6254
6224,6238
6149,6313
6225,6276
6225,6292
6211,6256
6211,6278
6226,6303
6226,6279
6227,6228
6228,6257
6212,6241
6212,6293
6232,6263
6232,6318
6233,6351
6213,6284
6202,6334
6203,6368
6217,6310
6236,6323
6237,6325
6227,6279
6229,6294
6242,6424
6242,6361
6230,6295
6244,6329
6245,6305
6231,6330
6231,6282
6246,6382
6247,6364
6247,6319
6214,6234
6234,6307
6235,6321
6250,6370
6250,6251
6236,6416
6252,6354
6252,6288
6253,6289
6253,6355
6254,6270
6255,6341
6255,6314
6256,6301
6257,6539
6241,6393
6230,6345
6258,6295
6243,6346
6262,6731
6262,6283
6246,6331
6248,6296
6248,6297
6214,6582
6249,6309
6251,6430
6269,6338
6269,6390
6238,6271
6271,6272
6273,6274
6274,6290
6276,6315
6276,6375
6278,6301
6279,6457
6243,6304
6281,6395
6282,6349
6260,6350
6261,6350
6261,6381
6283,6331
6264,6335
6265,6386
6266,6287
6287,6336
6266,6337
6288,6371
6267,6326
6267,6268
6268,6533
6238,6554
6272,6357
6290,6313
6290,6435
6275,6328
6275,6291
6291,6341
6277,6342
6280,6360
6280,6423
6294,6316
6294,6344
6260,6428
6296,6365
6296,6366
6297,6320
6284,6351
6284,6285
6285,6413
6286,6352
6286,6444
6298,6369
6289,6568
6270,6408
6272,6327
6292,6375
6292,6300
6300,6342
6301,6456
6303,6392
6303,6359
6295,6426
6305,6330
6305,6363
6306,6382
6306,6332
6308,6309
6309,6322
6310,6402
6299,6339
6299,6406
6312,6491
6271,6327
6313,6373
6314,6315
6314,6315
6315,6455
6302,6358
6302,6377
6304,6379
6304,6395
6317,6347
6317,6348
6320,6366
6307,6321
6321,6472
6308,6486
6322,6399
6323,6388
6324,6389
6326,6490
6271,6356
6328,6374
6316,6394
6316,6440
6330,6330
6318,6464
6318,6412
6319,6467
6333,6429
6334,6525
6334,6526
6324,6404
6336,6450
6336,6417
6325,6337
6337,6417
6325,6418
6338,6593
6339,6390
6327,6372
6341,6374
6314,6437
6342,6376
6343,6360
6343,6422
6344,6378
6346,6362
6346,6379
6329,6348
6348,6481
6329,6460
6330,6442
6349,6501
6349,6380
6331,6463
6332,6382
6352,6383
6352,6474
6335,6384
6335,6401
6353,6385
6354,6420
6354,6405
6339,6406
6355,6433
6355,6452
6356,6570
6327,6356
6341,6436
6358,6421
6361,6424
6361,6441
6363,6461
6363,6442
6350,6428
6350,6381
6365,6468
6365,6469
6366,6470
6368,6383
6368,6473
6369,6370
6369,6415
6370,6400
6325,6451
6371,6432
6371,6489
6340,6407
6340,6408
6357,6372
6372,6493
6357,6595
6374,6454
6375,6409
6376,6391
6377,6421
6377,6392
6378,6440
6380,6519
6380,6500
6364,6466
6351,6524
6351,6471
6386,6529
6387,6476
6387,6506
6389,6449
6389,6404
6390,6534
6373,6453
6376,6537
6391,6391
6360,6619
6360,6423
6393,6423
6393,6558
6379,6540
6381,6521
6396,6462
6397,6412
6398,6413
6383,6473
6384,6430
6384,6447
6402,6504
6385,6402
6385,6448
6388,6416
6388,6449
6405,6420
6405,6432
6406,6534
6407,6434
6409,6455
6409,6555
6392,6439
6394,6459
6410,6426
6395,6481
6411,6562
6411,6427
6381,6545
6382,6443
6412,6465
6399,6414
6399,6445
6415,6445
6400,6446
6401,6447
6401,6504
6403,6448
6403,6488
6416,6476
6417,6509
6418,6419
6418,6451
6419,6477
6408,6510
6391,6497
6422,6458
6422,6575
6425,6560
6426,6600
6427,6482
6429,6548
6430,6475
6431,6505
6420,6478
6434,6479
6435,6494
6435,6495
6436,6437
6436,6630
6437,6496
6421,6480
6441,6517
6441,6518
6442,6543
6428,6544
6443,6463
6443,6485
6413,6503
6413,6565
6429,6547
6444,6486
6415,6550
6446,6446
6448,6587
6416,6507
6449,6530
6450,6508
6450,6509
6451,6477
6432,6489
6433,6568
6433,6492
6452,6479
6452,6614
6455,6535
6438,6556
6438,6456
6439,6516
6439,6498
6458,6539
6458,6575
6423,6576
6424,6440
6460,6481
6461,6542
6461,6499
6464,6465
6467,6604
6472,6547
6444,6474
6446,6551
6475,6624
6475,6527
6476,6506
6479,6614
6453,6495
6453,6572
6456,6557
6457,6498
6457,6574
6459,6578
6440,6727
6424,6424
6460,6541
6482,6542
6483,6519
6462,6521
6462,6502
6484,6502
6463,6546
6485,6639
6485,6663
6464,6522
6465,6580
6466,6622
6467,6664
6468,6605
6468,6469
6469,6523
6471,6524
6471,6564
6472,6608
6473,6610
6487,6611
6445,6550
6447,6528
6488,6505
6477,6478
6489,6553
6490,6533
6490,6532
6493,6570
6493,6571
6497,6537
6497,6556
6498,6597
6424,6517
6482,6716
6465,6522
6486,6549
6488,6625
6477,6590
6491,6566
6491,6567
6511,6512
6511,6595
6494,6596
6494,6495
6495,6615
6496,6630
6496,6535
6513,6514
6513,6555
6513,6616
6514,6536
6515,7046
6516,6516
6517,6632
6518,6559
6518,6633
6481,6561
6499,6542
6499,6636
6519,6621
6501,6782
6501,6563
6520,6563
6521,6662
6502,6680
6523,6682
6523,6681
6503,6607
6503,6565
6525,6609
6525,6526
6526,6583
6527,6528
6527,6624
6528,6585
6504,6586
6505,6588
6506,6626
6507,6626
6507,6530
6509,6646
6489,6763
6531,6553
6531,6532
6512,6652
6538,6598
6540,6601
6540,6659
6541,6602
6541,6562
6501,6638
6544,6603
6522,6904
6524,6641
6524,6564
6549,6611
6549,6687
6550,6584
6551,6584
6529,6589
6530,6552
6553,6647
6531,6591
6532,6612
6533,6592
6534,6741
6534,6649
6554,6650
6554,6570
6535,6631
6536,6537
6556,6675
6539,6598
6561,6602
6561,6715
6562,6716
6543,6637
6543,6579
6563,6661
6522,6699
6565,6642
6547,6686
6566,6594
6566,6613
6568,6627
6569,6690
6572,6615
6572,6628
6573,6629
6535,6555
6536,6616
6574,6617
6574,6723
6575,6618
6576,6619
6576,6656
6577,6656
6558,6752
6558,6578
6578,6753
6559,6633
6559,6560
6560,6599
6580,6640
6581,6623
6582,6608
6582,6666
6547,6667
6583,6703
6583,6610
6584,6644
6585,6669
6586,6645
6586,6707
6587,6645
6587,6689
6588,6589
6588,6708
6589,6708
6591,6647
6591,6612
6592,6648
6593,6648
6593,6671
6570,6651
6571,6651
6571,6595
6596,6721
6596,6722
6535,6713
6555,6692
6555,6654
6597,6617
6598,6693
6599,6600
6601,6634
6601,6635
6602,6715
6579,6697
6579,6620
6603,6698
6580,6699
6564,6606
6564,6683
6606,6607
6606,6683
6607,6642
6608,6685
6609,6668
6609,6702
6611,6704
6590,6772
6590,6670
6612,6739
6594,6649
6594,6613
6614,6673
6570,6745
6616,6655
6537,6655
6537,6675
6618,6619
6599,6677
6600,6677
6600,6658
6620,6621
6604,6701
6604,6835
6623,6666
6623,6684
6610,6838
6624,6705
6625,6689
6625,6792
6626,6709
6613,6742
6627,6672
6627,6710
6595,6746
6595,6711
6615,6891
6615,6712
6628,6629
6628,6712
6629,6691
6630,6631
6631,6713
6618,6676
6632,6657
6632,6694
6633,6778
6634,6635
6636,6637
6637,6755
6620,6679
6621,6679
6638,6878
6638,6661
6640,6700
6640,6732
6622,6700
6622,6833
6643,6946
6644,6688
6644,6734
6649,6820
6650,6888
6650,6745
6651,6746
6652,6711
6652,6747
6653,6691
6654,6655
6617,6750
6619,6725
6634,6695
6634,6857
6635,6659
6660,6859
6636,6861
6661,6783
6662,6730
6662,6680
6665,6718
6641,6682
6641,6988
6667,6686
6667,6720
6668,6720
6668,6760
6669,6706
6645,6735
6626,6852
6647,6738
6671,6740
6672,6874
6672,6795
6674,6690
6630,6748
6654,6766
6656,6751
6677,6779
6659,6678
6682,6719
6683,6759
6642,6767
6642,6684
6666,6810
6686,6812
6688,6704
6688,6814
6670,6762
6670,6816
6648,6951
6673,6843
6673,6764
6674,6743
6690,6744
6655,6798
6675,6776
6693,6724
6693,6825
6676,6714
6676,6725
6694,6800
6696,6754
6697,6755
6679,6697
6679,6782
6698,6804
6698,6729
6680,6863
6699,6757
6700,6732
6681,6733
6681,6719
6642,6768
6684,6868
6702,6703
6703,6838
6687,6869
6687,6769
6704,6761
6705,6706
6706,6841
6689,6737
6708,6771
6709,6771
6710,6914
6710,6795
6691,6765
6713,6823
6692,6823
6692,6766
6694,6827
6659,6858
6715,6780
6717,6788
6718,6733
6702,6760
6707,6841
6707,6735
6709,6793
6690,6844
6711,6774
6721,6747
6712,6845
6712,6775
6723,6724
6723,6824
6725,6826
6726,6727
6716,6920
6728,6754
6729,6785
6729,6804
6731,6787
6731,6805
6732,7009
6718,6808
6733,6809
6719,6789
6720,6837
6705,6791
6736,6770
6742,6773
6742,6976
6743,6764
6743,6844
6747,6774
6721,6822
6749,6916
6724,6824
6751,6752
6751,6777
6752,6777
6755,6781
6730,6961
6730,6902
6756,6756
6756,6806
6757,6758
6757,6832
6759,7012
6759,6767
6734,6885
6734,6839
6705,6790
6735,6770
6762,6772
6762,6816
6763,6926
6763,6993
6739,6912
6739,6950
6740,6794
6741,6819
6741,6820
6745,6797
6746,6797
6748,6877
6748,6893
6727,6799
6754,6921
6768,6836
6760,6837
6761,6769
6769,6869
6761,6813
6770,6842
6772,6815
6764,6843
6745,6876
6774,6890
6765,6854
6766,6846
6727,6856
6778,6800
6778,7000
6779,6801
6779,7000
6781,6848
6781,6849
6783,6784
6783,7003
6785,6786
6785,6901
6787,6829
6787,6830
6788,6830
6756,6788
6789,6881
6789,6850
6767,6836
6768,6906
6790,6840
6791,6840
6791,6908
6794,6817
6764,6875
6796,6844
6797,6889
6775,6845
6775,6854
6798,6846
6798,6933
6777,6958
6799,6856
6799,6935
6780,6860
6780,6940
6802,6898
6803,6849
6804,6862
6805,6879
6805,7074
6806,6864
6806,6831
6807,6903
6809,6867
6809,6881
6811,6812
6812,7057
6813,6814
6814,6885
6735,6968
6735,6969
6792,6870
6771,6792
6816,6853
6817,6886
6818,6818
6818,6819
6819,6873
6821,6928
6795,6914
6824,6825
6800,6827
6782,6803
6782,6922
6828,7004
6756,6864
6806,6865
6831,6943
6833,6944
6834,6866
6808,6965
6808,6867
6836,7036
6810,6882
6810,6883
6838,6925
6813,7014
6841,6991
6771,6971
6771,6871
6793,6871
6818,6886
6820,6953
6820,6994
6823,6893
6847,6894
6825,7026
6827,6895
6830,7084
6831,6865
6832,6904
6832,7086
6833,6880
6835,6905
6851,6883
6837,6990
6840,6908
6793,6909
6852,7017
6852,6973
6853,6911
6843,6915
6844,6997
6845,6891
6846,7116
6855,6917
6856,6981
6800,6959
6857,6938
6857,6897
6858,6919
6858,7100
6862,6901
6862,6942
6864,6962
6865,7032
6833,6924
6866,6880
6866,6905
6869,6947
6870,6970
6870,7016
6872,6927
6874,6913
6874,6995
6875,6887
6875,6915
6876,6930
6876,6889
6845,6980
6859,6919
6859,6939
6861,6941
6861,6985
6878,6986
6878,7030
6879,7006
6867,7054
6868,6906
6868,6882
6882,6989
6884,6907
6871,6972
6886,6975
6873,6952
6873,6953
6888,6954
6888,6930
6891,7023
6877,7276
6877,6892
6894,6956
6895,6936
6895,6959
6896,6937
6897,6983
6898,6899
6900,6984
6849,7028
6902,7072
6902,7005
6903,6943
6903,7033
6904,6963
6880,7053
6881,6966
6883,6967
6884,6925
6907,6946
6885,7038
6910,6974
6911,6949
6913,6929
6913,7065
6914,6977
6914,6996
6915,7175
6889,6978
6890,6931
6890,6979
6893,7045
6916,6999
6916,6956
6894,6957
6918,6937
6898,6940
6901,7031
6925,7058
6908,7015
6871,7089
6909,6972
6909,6973
6926,6927
6926,6927
6927,7019
6928,6929
6928,6929
6930,6954
6931,6978
6932,6979
6893,7080
6933,6998
6933,7024
6934,6955
6917,7026
6917,6958
6935,6981
6935,6982
6937,7001
6918,6938
6919,7049
6898,7050
6920,7002
6920,6984
6921,7027
6921,6941
6922,7029
6922,6986
6942,7004
6942,7104
6923,7052
6923,7198
6944,7009
6944,7124
6924,6945
6924,7053
6906,7055
6948,7014
6926,7153
6950,7134
6950,6951
6951,7020
6952,7043
6952,7155
6928,7021
6931,7096
6956,7025
6936,6982
6936,7048
6918,7001
6938,6983
6941,7051
6960,6985
6943,7033
6963,7034
6964,7010
6965,7010
6965,7035
6966,7011
6946,7148
6968,6969
6969,6992
6949,7061
6949,6993
6926,7019
6975,7063
6975,7043
6953,7156
6976,6994
6976,7079
6954,7066
6955,6998
6955,7081
6957,7067
6957,7047
6958,7140
6982,7099
6959,7048
6940,7119
6984,7027
6986,7071
6961,7031
6961,7072
6962,7084
6962,7032
6987,6988
6988,7012
6906,7108
6967,6989
6989,7108
6967,7056
6990,7037
6990,7013
6968,6991
6992,7039
6970,7039
6970,7016
6973,7017
6974,7078
6974,7041
6977,6995
6995,7094
6977,7192
6997,7044
6997,7066
6978,7160
6979,7096
6980,7023
6980,6980
6998,7081
6999,7046
6999,7025
6956,7067
6981,7069
6983,7163
6940,7142
6985,7070
7003,7211
7003,7120
7004,7104
7005,7073
7008,7086
7009,7123
7010,7126
7011,7127
7014,7109
7015,7059
7015,7169
6991,7059
6968,7076
6992,7088
7018,7078
6993,7172
6993,7190
7019,7092
6994,7093
7021,7135
7021,7064
7022,7044
6978,7115
7023,7097
7000,7333
7001,7162
7027,7101
7028,7029
7029,7103
7031,7144
7005,7083
7006,7105
7033,7107
7035,7054
7012,7036
7012,7075
7036,7075
7037,7057
6991,7130
7016,7266
7017,7090
7040,7077
7041,7111
7042,7191
7020,7062
7043,7173
7044,7095
6954,7160
6954,7159
7045,7137
7046,7205
7025,7195
7047,7067
7047,7068
7026,7139
7051,7102
7051,7070
7028,7103
7030,7071
7030,7336
7052,7073
7052,7198
7032,7414
7032,7106
7033,7106
7007,7107
7007,7085
7034,7085
7053,7125
7035,7126
7054,7246
7056,7146
7056,7128
7037,7202
7058,7167
7058,7168
7038,7265
7059,7130
7041,7152
7060,7111
7060,7061
7061,7171
7062,7063
7062,7112
7063,7154
7066,7095
7045,7204
7048,7099
7070,7143
7072,7144
7074,7105
7074,7084
7075,7166
7057,7147
7039,7150
7039,7218
7060,7304
7020,7112
7079,7093
7079,7157
7065,7225
7065,7094
7080,7116
7082,7161
7071,7103
7073,7083
7083,7145
7086,7181
7057,7184
7057,7129
7087,7129
7076,7088
7088,7131
7077,7132
7077,7091
7078,7151
7078,7189
7095,7158
7080,7239
7081,7116
7067,7195
7098,7206
7098,7118
7101,7102
7101,7197
7085,7107
7034,7213
7034,7180
7086,7199
7108,7146
7110,7186
7090,7219
7090,7132
7111,7221
7092,7153
7092,7133
7112,7328
7093,7174
7113,7157
7094,7192
7114,7238
7096,7176
7117,7177
7098,7513
7099,7256
7100,7163
7100,7293
7119,7164
7102,7209
7120,7241
7120,7210
7104,7258
7121,7145
7122,7242
7105,7122
7122,7243
7106,7229
7107,7212
7124,7125
7126,7262
7128,7214
7128,7146
7109,7149
7109,7286
7076,7170
7076,7076
7133,7134
7133,7223
7136,7175
7115,7193
7137,7194
7138,7196
7140,7291
7140,7206
7141,7178
7142,7277
7142,7257
7143,7179
7144,7144
7145,7337
7124,7260
7125,7182
7147,7231
7147,7215
7129,7184
7148,7185
7149,7185
7130,7301
7130,7170
7076,7131
7131,7187
7132,7219
7132,7203
7151,7188
7151,7220
7134,7235
7154,7224
7155,7173
7155,7156
7156,7174
7157,7157
7135,7271
7135,7225
7158,7159
7159,7226
7160,7193
7116,7428
7161,7177
7161,7196
7139,7430
7139,7310
7163,7207
7164,7178
7119,7164
7119,7277
7143,7312
7103,7279
7105,7244
7105,7281
7125,7297
7165,7182
7165,7183
7166,7201
7167,7202
7167,7168
7168,7285
7148,7232
7149,7286
7152,7189
7152,7221
7171,7304
7171,7172
7172,7190
7153,7288
7153,7267
7174,7236
7158,7275
7160,7254
7177,7309
7178,7293
7144,7258
7180,7199
7181,7260
7181,7283
7182,7261
7165,7183
7183,7298
7166,7247
7146,7450
7186,7216
7186,7324
7169,7216
7169,7325
7170,7248
7076,7233
7150,7187
7150,7217
7189,7287
7191,7222
7191,7234
7173,7224
7192,7251
7175,7252
7175,7253
7194,7204
7194,7239
7163,7334
7198,7368
7180,7259
7165,7261
7200,7314
7184,7215
7184,7341
7185,7373
7187,7217
7150,7218
7188,7524
7188,7220
7190,7222
7190,7421
7154,7270
7157,7250
7193,7255
7204,7276
7195,7458
7195,7385
7196,7309
7208,7240
7210,7241
7210,7211
7211,7294
7198,7435
7212,7245
7212,7282
7201,7263
7201,7284
7202,7372
7216,7300
7220,7287
7221,7347
7222,7234
7157,7306
7226,7254
7226,7275
7227,7228
7228,7290
7229,7245
7213,7282
7213,7259
7230,7262
7214,7264
7214,7231
7215,7231
7233,7248
7217,7233
7218,7357
7219,7346
7223,7267
7223,7249
7235,7269
7224,7289
7237,7250
7225,7271
7238,7273
7238,7274
7239,7384
7206,7291
7206,7409
7240,7257
7240,7388
7241,7319
7242,7243
7242,7280
7243,7295
7244,7295
7244,7281
7229,7296
7245,7296
7217,7345
7235,7305
7224,7270
7250,7329
7251,7272
7251,7307
7253,7273
7253,7331
7254,7308
7255,7362
7256,7292
7256,7332
7258,7366
7262,7340
7246,7313
7247,7417
7247,7263
7263,7323
7265,7356
7265,7342
7248,7301
7266,7399
7266,7303
7234,7288
7234,7378
7267,7439
7268,7379
7269,7315
7269,7305
7270,7328
7271,7348
7272,7307
7252,7272
7252,7331
7273,7361
7275,7308
7257,7411
7278,7312
7278,7278
7279,7364
7279,7318
7281,7392
7282,7465
7259,7394
7260,7297
7261,7338
7246,7353
7284,7450
7284,7323
7287,7474
7270,7404
7289,7359
7290,7509
7276,7490
7291,7363
7293,7572
7277,7387
7294,7319
7294,7495
7280,7320
7280,7369
7297,7436
7298,7321
7298,7339
7246,7354
7299,7355
7285,7470
7285,7373
7286,7545
7300,7343
7300,7375
7302,7303
7303,7399
7288,7401
7288,7402
7305,7326
7306,7329
7307,7330
7308,7480
7312,7351
7278,7351
7278,7335
7295,7448
7296,7414
7313,7322
7313,7354
7314,7322
7314,7355
7286,7356
7301,7344
7304,7347
7315,7326
7315,7422
7316,7384
7310,7430
7310,7363
7317,7431
7311,7333
7319,7447
7321,7370
7321,7466
7324,7374
7324,7343
7325,7375
7325,7344
7327,7327
7329,7424
7330,7349
7330,7426
7307,7360
7331,7381
7309,7385
7309,7511
7333,7410
7318,7364
7318,7336
7337,7536
7337,7367
7320,7368
7320,7369
7338,7436
7338,7370
7322,7396
7323,7371
7341,7397
7341,7418
7343,7398
7344,7473
7345,7580
7345,7357
7346,7358
7346,7400
7326,7379
7327,7380
7327,7508
7328,7403
7348,7349
7350,7408
7332,7386
7332,7459
7351,7446
7335,7389
7336,7390
7352,7395
7340,7415
7355,7396
7356,7471
7342,7419
7342,7420
7357,7581
7358,7376
7347,7453
7359,7423
7348,7489
7349,7426
7360,7381
7361,7361
7363,7409
7335,7433
7365,7483
7366,7391
7366,7496
7368,7435
7369,7448
7370,7466
7353,7415
7353,7416
7354,7416
7371,7449
7371,7468
7372,7397
7372,7469
7374,7420
7377,7452
7380,7403
7348,7456
7361,7382
7383,7527
7386,7431
7386,7459
7387,7387
7388,7432
7364,7434
7390,7462
7390,7534
7393,7464
7396,7617
7355,7467
7397,7418
7373,7521
7374,7472
7398,7451
7398,7472
7375,7451
7399,7506
7376,7547
7376,7438
7358,7438
7358,7400
7400,7522
7378,7421
7378,7401
7402,7476
7402,7475
7379,7507
7380,7477
7403,7440
7404,7441
7404,7423
7405,7442
7406,7454
7406,7455
7362,7480
7362,7586
7384,7457
7407,7428
7407,7443
7407,7529
7408,7491
7385,7444
7409,7512
7410,7493
7410,7494
7387,7445
7387,7411
7411,7482
7388,7591
7389,7433
7389,7434
7412,7435
7392,7517
7392,7463
7413,7463
7394,7554
7394,7484
7395,7484
7395,7485
7415,7542
7416,7542
7418,7502
7419,7471
7419,7504
7420,7504
7375,7505
7401,7475
7422,7508
7423,7478
7424,7455
7425,7456
7361,7527
7427,7701
7428,7457
7429,7510
7432,7574
7432,7446
7433,7461
7414,7498
7414,7576
7417,7467
7417,7449
7437,7473
7438,7547
7421,7582
7439,7476
7439,7507
7440,7441
7442,7454
7442,7478
7424,7488
7424,7479
7426,7426
7428,7528
7444,7531
7444,7492
7430,7551
7445,7533
7434,7713
7436,7501
7417,7543
7450,7519
7451,7486
7452,7548
7452,7522
7440,7585
7440,7625
7441,7565
7455,7487
7456,7526
7426,7738
7457,7629
7443,7529
7431,7571
7431,7635
7445,7514
7460,7482
7446,7516
7447,7462
7447,7612
7448,7538
7463,7553
7465,7465
7449,7557
7468,7557
7468,7519
7450,7520
7469,7503
7469,7558
7475,7583
7454,7525
7479,7487
7479,7627
7361,7651
7361,7722
7480,7550
7408,7706
7408,7530
7458,7491
7458,7510
7459,7588
7481,7589
7462,7611
7435,7595
7464,7539
7464,7498
7484,7554
7485,7500
7466,7518
7467,7688
7470,7503
7470,7521
7472,7486
7486,7561
7473,7546
7473,7601
7474,7698
7474,7754
7476,7584
7476,7563
7478,7565
7491,7530
7494,7589
7494,7658
7482,7514
7482,7678
7483,7495
7483,7661
7496,7497
7496,7552
7499,7616
7502,7691
7502,7645
7503,7600
7471,7693
7471,7504
7505,7546
7505,7561
7507,7564
7487,7549
7489,7700
7489,7526
7490,7568
7490,7603
7510,7531
7492,7531
7492,7511
7511,7632
7493,7657
7493,7608
7515,7574
7495,7612
7517,7538
7517,7553
7500,7540
7501,7715
7501,7597
7518,7667
7518,7640
7519,7577
7520,7578
7521,7559
7506,7621
7506,7672
7523,7548
7523,7524
7524,7838
7508,7624
7525,7626
7525,7549
7487,7566
7526,7650
7527,7628
7509,8007
7509,7568
7528,7529
7510,7707
7512,7708
7512,7570
7513,7587
7532,7573
7514,7590
7516,7746
7534,7713
7534,7611
7535,7593
7536,7537
7537,7575
7539,7615
7498,7539
7498,7576
7465,7616
7465,7596
7540,7541
7540,7639
7542,7686
7543,7689
7543,7643
7544,7599
7545,7560
7504,7834
7522,7622
7548,7720
7507,7812
7550,7652
7550,7586
7528,7740
7529,7630
7530,7631
7492,7723
7551,7793
7551,7655
7513,7571
7513,7634
7536,7613
7537,7594
7538,7680
7553,7614
7554,7683
7555,7668
7555,7598
7556,7642
7520,7644
7544,7578
7544,7618
7558,7646
7558,7619
7559,7579
7560,7579
7545,7693
7561,7671
7546,7647
7547,7696
7547,7622
7562,7698
7549,7566
7567,7651
7568,7905
7569,7629
7570,7587
7570,7633
7571,7604
7572,7637
7572,7659
7573,7610
7574,7746
7575,7595
7575,7594
7557,7643
7559,7670
7579,7620
7560,7620
7580,7581
7582,7673
7582,7699
7583,7623
7583,7584
7584,7755
7585,7649
7585,7674
7565,7625
7549,7737
7566,7627
7531,7707
7531,7723
7587,7709
7588,7607
7588,7656
7573,7638
7592,7766
7593,7661
7593,7851
7576,7681
7597,7667
7597,7730
7598,7685
7577,7643
7577,7644
7579,7670
7601,7647
7601,7719
7580,7648
7581,7695
7586,7652
7587,7677
7604,7634
7605,7606
7604,7605
7606,7635
7608,7657
7609,7636
7609,7637
7609,7725
7610,7659
7610,7638
7590,7712
7590,7678
7591,7660
7611,7727
7612,7824
7594,7613
7595,7662
7614,7680
7614,7663
7615,7665
7615,7801
7599,7618
7600,7619
7619,7669
7600,7894
7622,7697
7623,7699
7624,7649
7625,7674
7626,7675
7626,7736
7627,7841
7629,7739
7629,7759
7630,7676
7630,7741
7631,7706
7631,7742
7632,7654
7632,7724
7635,7762
7607,7744
7608,7658
7589,7636
7589,7710
7613,7768
7616,7682
7640,7684
7641,7687
7617,7642
7617,7688
7644,8026
7618,7718
7599,7690
7645,7732
7645,7646
7646,7940
7620,7692
7621,7777
7621,7753
7623,7778
7624,7877
7624,7735
7649,7756
7627,7737
7650,7650
7602,7738
7602,7758
7628,7722
7628,7652
7653,7705
7653,7843
7653,7704
7654,7655
7633,7708
7634,7743
7604,7910
7656,7744
7656,7763
7657,7763
7636,7765
7637,7725
7659,7798
7638,7711
7662,7679
7663,7664
7663,7827
7664,7665
7665,7890
7666,7802
7639,7770
7639,7806
7640,7750
7642,7773
7643,7689
7599,7775
7647,7671
7648,7719
7648,7752
7672,7788
7672,7696
7674,7779
7625,7721
7675,7721
7675,7736
7650,7700
7651,7758
7651,7780
7676,7703
7655,7781
7633,7677
7677,7709
7658,7764
7678,7784
7660,7932
7660,7821
7661,7850
7661,7748
7662,7825
7679,7728
7680,7852
7664,7912
7681,7682
7681,7801
7682,7869
7667,7730
7684,7716
7684,7750
7668,7936
7668,7731
7685,7686
7687,7717
7690,7691
7690,7775
7691,7833
7670,7809
7692,7809
7692,7776
7693,7776
7694,7733
7671,7734
7647,7896
7697,7720
7697,7837
7699,7840
7700,7757
7701,7702
7676,7760
7704,7705
7704,7817
7707,7761
7654,7724
7654,7781
7709,7743
7711,7745
7711,7847
7713,7767
7714,7747
7683,7803
7683,7828
7715,7771
7716,7772
7685,7731
7685,7871
7686,7717
7688,7774
7689,7808
7689,7872
7719,7836
7695,7752
7695,7777
7696,7857
7720,7838
7698,7839
7721,7779
7722,7780
7701,7863
7701,7882
7705,7791
7723,7965
7633,7846
7710,7796
7710,7765
7712,7745
7712,7784
7726,7822
7727,7747
7727,7799
7715,7729
7715,7806
7730,7785
7686,7871
7732,7751
7733,7734
7733,7787
7734,7787
7696,7856
7698,7858
7735,7878
7735,7756
7736,7813
7740,7759
7740,7816
7741,7925
7741,7760
7706,7818
7742,7761
7742,7792
7724,7966
7708,7845
7744,7783
7746,8038
7747,7868
7748,7850
7728,7934
7728,7800
7749,7826
7716,7853
7731,7807
7733,7835
7753,7788
7754,7789
7754,7859
7756,7959
7738,7815
7758,7903
7739,7882
7739,7759
7743,7909
7764,7888
7764,7820
7725,7797
7725,7969
7745,7848
7766,7822
7766,7849
7748,7748
7768,7987
7768,7911
7769,7804
7770,7829
7770,7805
7750,7915
7773,7995
7773,7831
7775,7832
7775,7833
7751,7893
7732,7751
7732,7873
7752,7810
7777,7855
7755,7778
7778,7811
7755,7811
7755,7876
7756,7879
7737,7814
7737,7841
7760,7842
7761,7885
7781,7907
7762,7782
7762,7819
7783,7794
7783,7865
7763,7930
7767,7823
7767,7867
7771,7914
7771,7785
7785,7870
7772,7917
7774,7831
7774,7854
7776,7954
7786,7874
7789,7839
7789,7859
7779,8029
7757,7757
7757,7790
7757,7861
7790,7815
7780,7904
7759,7943
7792,7844
7793,7845
7793,7929
7708,7846
7795,7820
7796,7888
7796,7889
7765,7889
7765,7797
7765,7866
7797,7866
7784,8178
7799,8016
7799,7868
7748,7851
7800,7826
7800,7934
7801,7913
7802,7803
7803,7828
7805,7806
7808,7854
7809,7895
7787,7896
7810,7897
7810,7898
7811,8082
7812,7978
7779,7923
7813,7860
7813,7901
7814,7860
7814,7979
7790,7881
7817,7981
7791,7817
7791,7884
7819,8061
7819,7967
7820,7887
7798,7947
7798,7847
7821,7932
7821,7933
7823,7867
7826,7988
7801,8091
7804,7828
7804,7829
7805,7971
7772,7916
7807,7830
7807,7937
7831,7892
7808,7872
7832,7951
7833,7939
7809,7954
7834,7835
7834,7835
7835,7919
7788,7875
7788,7899
7837,7900
7837,7921
7840,8003
7840,8004
7779,7960
7841,7924
7815,7881
7815,7961
7842,7944
7842,7883
7843,7864
7818,7926
7844,7927
7847,8036
7822,7849
7823,7849
7824,7986
7824,7949
7851,8065
7827,7852
7852,7989
7827,8018
7802,7935
7802,7970
7806,8070
7835,7975
7836,8112
7836,7897
7855,7898
7855,7976
7838,7921
7839,7858
7858,7977
7860,8005
7861,8239
7863,7905
7863,7906
7846,7908
7866,7931
7822,8038
7867,7985
7869,7913
7869,7935
7870,7990
7870,7991
7853,7992
7853,7916
7871,7918
7854,7938
7873,7893
7873,7940
7834,7941
7875,7920
7875,7956
7856,7899
7856,7857
7838,7958
7839,8053
7859,8054
7877,7978
7877,7878
7878,7879
7879,7959
7880,7922
7881,8207
7862,8169
7862,8006
7864,7883
7843,7864
7884,7926
7886,7928
7865,8062
7865,8013
7887,7968
7887,8015
7888,8015
7889,7946
7868,8041
7850,8017
7890,7912
7890,8019
7891,7991
7895,8049
7874,8077
7874,7941
7896,7997
7898,8078
7856,8000
7857,7900
7857,8079
7900,8052
7876,8056
7876,8028
7901,8030
7901,8005
7904,7942
7904,8058
7905,8008
7882,8032
7882,7962
7883,8033
7883,7964
7884,7981
7885,7927
7885,7965
7907,7945
7907,7982
7845,7929
7845,7983
7908,7983
7908,7909
7909,7910
7849,7948
7867,7948
7911,8042
7911,7987
7912,8199
7913,8124
7915,8044
7915,8021
7918,7937
7918,7994
7872,7973
7872,8025
7893,7996
7893,8111
7894,7952
7894,7953
7919,7955
7919,7975
7897,7998
7920,7976
7920,7999
7899,7957
7922,7959
7922,7960
7924,7979
7924,8084
7903,7980
7903,8057
7843,7843
7843,8011
7928,7966
7928,7945
7929,8104
7910,8105
7932,8037
7935,8108
7935,7970
7914,7950
7914,7990
7916,7972
7917,7972
7917,7993
7936,7993
7936,7937
7939,7996
7940,7974
7941,8131
7921,8052
7923,7960
7923,8029
7902,7961
7902,7980
7943,7963
7943,8174
7925,8009
7925,7944
7944,8010
7926,8189
7927,8059
7945,8012
7930,8014
7931,7946
7946,8143
7931,7969
7947,7984
7947,8035
7933,8037
7934,8067
7934,7988
7950,8020
7916,8022
7951,8109
7939,8110
7952,7974
7952,8047
7953,8092
7953,8075
7954,8076
7956,7957
7957,8000
7958,8001
7958,8080
7942,8057
7942,8031
7965,8034
7966,8060
7967,8105
7967,8088
7930,8013
7968,8014
7968,8387
7948,8090
7949,7986
7949,8017
7971,8068
7971,8069
7972,8072
7973,8026
7973,8045
7974,8074
7954,8050
7975,8285
7976,8051
7956,7999
7977,8001
7977,8081
7980,8085
7982,8122
7982,8104
7985,8040
7985,8039
7988,8158
7970,8043
7990,7991
7991,8044
7972,8073
7993,8073
7994,8023
7994,8126
7996,8046
8000,8165
8001,8097
8002,8098
8003,8055
8003,8004
8004,8082
7978,8206
7959,7960
7979,8083
8006,8251
8007,8008
8007,8086
8009,8009
8010,8033
8010,8252
8011,8188
8011,8139
7981,8139
7983,8195
8015,8106
7969,7984
7984,8089
8016,8063
8016,8041
7986,8041
7987,8065
7987,8156
7989,8217
7989,8018
8018,8145
8019,8091
8019,8200
7992,8021
8021,8125
7992,8022
8022,8072
8023,8024
8023,8126
7995,8024
7995,8181
8025,8128
8025,8045
7998,8095
7998,8078
7956,8113
8027,8116
7978,8099
8029,8118
8005,8100
8005,8101
8031,8121
8008,8138
8034,8103
8034,8190
8014,8142
7969,8123
8035,8036
8036,8177
8037,8198
8038,8038
8040,8063
8040,8107
8017,8144
7990,8219
8024,8161
7995,8127
8045,8148
8026,8148
8026,8109
8046,8110
8046,8111
8047,8074
8047,8150
8048,8092
7999,8051
7999,8113
8052,8096
8055,8098
8028,8117
8028,8153
8030,8118
8030,8100
8057,8085
8006,8137
8006,8170
8032,8172
8032,8173
8033,8175
8061,8088
8061,8211
8013,8062
8062,8271
8013,8142
8035,8089
8039,8090
8039,8107
8063,8232
8064,8155
8065,8321
8042,8157
8066,8067
8043,8180
8043,8280
8070,8071
8044,8160
8072,8073
8049,8184
8049,8050
8050,8129
8076,8129
8076,8130
8077,8130
8077,8163
8051,8186
8080,8114
8080,8224
8081,8133
8081,8115
8053,8115
8053,8187
8054,8116
8054,8204
8055,8167
8082,8134
8056,8134
8083,8102
8083,8119
8084,8119
8084,8135
8058,8121
8058,8136
8086,8268
8086,8154
8059,8189
8059,8103
8060,8141
8060,8192
8087,8176
8088,8210
8089,8197
8090,8214
8041,8215
8042,8042
8067,8158
8091,8159
8068,8432
8068,8069
8069,8070
8072,8305
8074,8111
8075,8150
8075,8236
8092,8162
8093,8261
8094,8164
8095,8112
8095,8151
8078,8151
8096,8114
8096,8263
8097,8291
8097,8133
8100,8249
8101,8102
8085,8120
8104,8194
8038,8426
8110,8221
8074,8247
8112,8164
8114,8224
8116,8187
8098,8204
8098,8167
8117,8152
8099,8153
8099,8206
8118,8345
8101,8168
8119,8135
8103,8447
8105,8196
8105,8210
8107,8232
8042,8156
8108,8124
8124,8201
8108,8180
8125,8160
8125,8392
8126,8202
8127,8161
8127,8181
8128,8182
8128,8183
8109,8282
8109,8259
8132,8186
8113,8203
8115,8166
8135,8228
8136,8250
8136,8169
8137,8169
8137,8170
8138,8171
8139,8188
8140,8141
8141,8297
8122,8193
8122,8194
8142,8271
8123,8143
8123,8241
8145,8217
8145,8199
8146,8202
8126,8256
8126,8161
8149,8220
8111,8221
8150,8248
8129,8185
8130,8223
8131,8163
8151,8287
8133,8291
8102,8227
8154,8240
8154,8268
8138,8172
8143,8300
8144,8242
8144,8216
8160,8304
8148,8183
8163,8223
8165,8203
8165,8289
8166,8264
8166,8265
8167,8441
8134,8226
8152,8205
8153,8205
8171,8240
8172,8269
8173,8229
8173,8318
8174,8229
8174,8295
8175,8188
8139,8364
8177,8231
8177,8178
8178,8213
8179,8215
8155,8216
8155,8243
8156,8322
8156,8244
8158,8233
8159,8234
8159,8218
8180,8280
8161,8307
8147,8281
8147,8182
8182,8258
8183,8258
8162,8222
8162,8337
8185,8311
8185,8237
8186,8312
8153,8238
8168,8249
8168,8227
8170,8251
8175,8252
8190,8386
8190,8296
8191,8297
8176,8192
8176,8193
8194,8298
8195,8209
8196,8209
8196,8329
8197,8241
8197,8320
8199,8351
8200,8234
8200,8303
8201,8218
8201,8332
8180,8333
8164,8261
8164,8286
8203,8288
8187,8265
8204,8315
8205,8266
8206,8267
8207,8239
8169,8316
8170,8317
8189,8446
8208,8296
8192,8553
8193,8298
8195,8365
8195,8366
8210,8270
8211,8319
8211,8230
8212,8299
8213,8347
8215,8242
8158,8255
8217,8278
8202,8472
8181,8257
8181,8245
8221,8246
8222,8236
8222,8337
8224,8290
8225,8292
8226,8292
8226,8343
8227,8361
8207,8586
8229,8363
8231,8368
8231,8369
8213,8253
8214,8272
8214,8273
8232,8254
8233,8277
8233,8302
8218,8279
8235,8304
8220,8260
8220,8336
8236,8395
8238,8266
8238,8267
8239,8594
8240,8328
8232,8469
8216,8243
8243,8274
8244,8301
8244,8275
8234,8303
8234,8279
8245,8354
8245,8488
8247,8248
8223,8284
8241,8423
8198,8389
8198,8467
8242,8349
8216,8349
8255,8277
8256,8306
8256,8307
8258,8335
8259,8260
8259,8323
8260,8409
8246,8308
8246,8309
8247,8283
8247,8411
8248,8395
8262,8287
8263,8313
8263,8314
8264,8342
8264,8265
8267,8344
8250,8362
8250,8316
8251,8317
8268,8443
8270,8329
8270,8319
8271,8422
8241,8330
8253,8451
8253,8347
8274,8428
8276,8301
8277,8302
8278,8391
8278,8351
8280,8334
8281,8354
8281,8433
8282,8394
8282,8375
8283,8310
8283,8411
8284,8355
8285,8396
8285,8356
8286,8287
8286,8324
8265,8326
8266,8399
8293,8596
8251,8327
8295,8363
8295,8384
8252,8385
8252,8419
8297,8719
8298,8448
8299,8300
8300,8423
8272,8426
8272,8348
8274,8371
8275,8322
8275,8350
8301,8350
8255,8430
8255,8431
8303,8373
8279,8485
8305,8392
8305,8353
8306,8393
8309,8310
8309,8376
8261,8356
8261,8338
8312,8325
8312,8491
8288,8325
8288,8339
8289,8339
8289,8340
8313,8341
8290,8314
8314,8378
8290,8398
8291,8379
8291,8342
8315,8326
8315,8440
8292,8414
8316,8415
8318,8402
8318,8403
8296,8386
8319,8421
8299,8404
8320,8367
8320,8368
8322,8372
8302,8390
8304,8352
8323,8375
8323,8489
8308,8376
8310,8376
8311,8457
8324,8338
8324,8377
8325,8458
8313,8413
8313,8378
8290,8438
8292,8357
8266,8344
8317,8416
8327,8417
8294,8383
8330,8346
8330,8626
8331,8388
8331,8425
8332,8333
8332,8485
8333,8407
8334,8407
8334,8486
8307,8455
8308,8336
8337,8412
8338,8397
8340,8341
8341,8437
8342,8439
8326,8459
8344,8461
8345,8360
8328,8401
8329,8420
8346,8367
8347,8405
8348,8468
8350,8429
8351,8391
8333,8470
8352,8523
8352,8471
8307,8393
8307,8454
8354,8474
8335,8408
8335,8394
8336,8410
8356,8396
8339,8458
8340,8436
8341,8504
8343,8357
8357,8414
8358,8359
8358,8536
8359,8360
8360,8510
8345,8494
8361,8380
8361,8463
8365,8366
8365,8540
8366,8449
8346,8424
8368,8450
8348,8542
8370,8468
8349,8452
8371,8406
8374,8522
8375,8528
8377,8502
8377,8503
8378,8413
8379,8398
8343,8399
8380,8381
8382,8416
8363,8513
8384,8385
8385,8419
8364,8514
8364,8570
8386,8515
8387,8404
8387,8482
8367,8424
8367,8450
8369,8450
8369,8451
8388,8498
8371,8427
8372,8453
8372,8556
8393,8472
8394,8456
8395,8435
8396,8397
8397,8502
8379,8532
8343,8509
8344,8442
8344,8493
8400,8401
8401,8512
8383,8418
8383,8444
8402,8444
8402,8403
8384,8599
8385,8623
8404,8517
8389,8605
8389,8467
8406,8452
8406,8427
8390,8431
8390,8519
8391,8500
8407,8470
8393,8473
8408,8434
8408,8456
8409,8410
8409,8489
8410,8560
8412,8475
8398,8438
8398,8506
8399,8479
8381,8562
8381,8697
8415,8565
8415,8511
8416,8566
8417,8567
8418,8465
8403,8466
8419,8701
8420,8421
8421,8768
8422,8482
8422,8572
8424,8450
8405,8483
8405,8425
8426,8609
8427,8577
8428,8453
8429,8430
8431,8499
8392,8524
8392,8559
8433,8474
8433,8635
8411,8435
8435,8529
8412,8615
8413,8437
8441,8460
8441,8477
8414,8478
8442,8492
8344,8442
8445,8446
8446,8481
8447,8481
8447,8552
8448,8602
8448,8496
8420,8541
8423,8705
8451,8497
8425,8498
8428,8577
8429,8589
8430,8484
8432,8579
8432,8521
8454,8473
8454,8526
8411,8561
8457,8475
8437,8504
8413,8505
8438,8531
8439,8533
8439,8547
8440,8507
8440,8460
8460,8534
8414,8508
8462,8463
8463,8562
8464,8564
8443,8495
8465,8512
8418,8465
8418,8588
8444,8588
8466,8513
8466,8538
8449,8540
8449,8541
8423,8604
8467,8606
8469,8543
8469,8555
8452,8518
8453,8649
8471,8524
8472,8525
8473,8525
8455,8526
8455,8488
8456,8636
8457,8669
8476,8671
8458,8546
8459,8547
8459,8507
8477,8478
8479,8492
8461,8643
8461,8535
8480,8600
8480,8539
8481,8539
8450,8807
8468,8543
8468,8542
8484,8499
8484,8629
8485,8590
8470,8520
8487,8559
8488,8580
8474,8527
8490,8616
8477,8534
8478,8548
8479,8641
8493,8549
8493,8618
8494,8550
8494,8816
8480,8601
8496,8554
8482,8572
8482,8625
8483,8497
8497,8573
8483,8574
8498,8575
8499,8664
8500,8501
8486,8557
8486,8578
8471,8523
8489,8560
8489,8652
8475,8530
8491,8545
8491,8546
8505,8591
8505,8531
8477,8583
8508,8548
8508,8676
8510,8536
8510,8550
8511,8566
8512,8718
8513,8823
8481,8685
8515,8516
8517,8625
8500,8519
8519,8630
8520,8557
8520,8590
8521,8522
8522,8544
8523,8633
8525,8650
8526,8634
8527,8580
8527,8581
8528,8636
8475,8669
8502,8798
8503,8754
8503,8545
8504,8673
8504,8591
8506,8617
8506,8592
8532,8592
8532,8533
8533,8655
8507,8656
8534,8693
8511,8587
8537,8597
8514,8659
8514,8569
8515,8648
8542,8686
8543,8610
8518,8706
8521,8611
8544,8558
8524,8559
8528,8667
8529,8614
8529,8615
8531,8617
8492,8584
8492,8549
8536,8619
8550,8696
8551,8568
8539,8684
8554,8602
8541,8767
8556,8689
8556,8589
8557,8578
8558,8632
8545,8546
8547,8640
8547,8656
8549,8618
8562,8593
8563,8585
8564,8565
8551,8567
8567,8699
8551,8658
8568,8622
8568,8598
8569,8570
8569,8702
8570,8683
8540,8603
8571,8624
8572,8624
8575,8605
8575,8628
8555,8687
8555,8576
8578,8631
8579,8725
8579,8611
8581,8691
8581,8612
8560,8652
8561,8638
8561,8613
8582,8639
8548,8583
8548,8676
8585,8594
8585,8678
8564,8646
8564,8565
8566,8597
8588,8821
8574,8627
8589,8707
8580,8709
8582,8670
8582,8616
8591,8654
8594,8757
8586,8595
8596,8621
8596,8645
8587,8818
8566,8587
8566,8759
8597,8699
8598,8658
8598,8622
8599,8647
8600,8683
8600,8601
8602,8660
8540,8767
8574,8628
8605,8888
8607,8608
8606,8607
8608,8609
8609,8744
8590,8964
8611,8725
8559,8894
8612,8651
8612,8635
8613,8614
8613,8653
8614,8668
8615,8711
8615,8752
8616,8732
8592,8674
8619,8787
8619,8695
8593,8620
8586,8621
8564,8680
8597,8597
8622,8681
8623,8647
8623,8762
8601,8684
8603,8661
8624,8662
8625,8743
8604,8722
8604,8705
8626,8792
8627,8771
8574,8627
8606,8724
8610,8774
8610,8687
8577,8663
8577,8688
8631,8747
8634,8665
8634,8690
8635,8728
8636,8666
8637,8692
8640,8655
8640,8675
8618,8786
8642,8643
8643,8713
8593,8644
8586,8714
8645,8679
8645,8698
8646,8679
8646,8680
8648,8765
8625,8908
8626,8793
8628,8829
8649,8688
8649,8689
8629,8746
8629,8664
8630,8811
8633,8812
8633,8864
8650,8727
8650,8665
8651,8691
8652,8779
8638,8692
8638,8653
8653,8668
8639,8731
8639,8670
8617,8736
8617,8737
8657,8694
8641,8694
8641,8756
8593,8801
8621,8714
8564,8716
8597,8760
8658,8820
8647,8789
8659,8701
8648,8648
8660,8741
8660,8703
8661,8703
8662,8704
8662,8721
8626,8770
8663,8706
8663,8808
8664,8777
8665,8813
8666,8748
8666,8749
8667,8749
8667,8779
8652,8729
8669,8731
8670,8732
8671,8798
8671,8814
8672,8899
8654,8673
8654,8735
8655,8674
8674,8737
8655,8712
8675,8712
8656,8675
8656,8784
8676,8785
8677,8713
8678,8758
8621,8698
8680,8715
8682,8717
8659,8802
8683,8763
8684,8764
8648,8883
8661,8742
8686,8847
8686,8773
8688,8775
8689,8776
8690,8709
8690,8813
8668,8751
8669,9009
8673,8838
8693,8784
8693,8940
8694,8872
8698,8817
8679,8715
8699,8760
8700,8717
8700,8761
8701,8739
8685,8764
8685,8740
8703,8742
8704,8768
8704,8721
8687,8848
8687,8889
8706,8849
8707,8745
8707,8809
8708,8727
8709,9024
8692,8781
8710,8751
8711,8837
8711,8752
8669,8797
8712,8755
8656,8871
8713,8923
8696,8788
8696,8876
8715,8716
8716,8818
8699,8819
8717,8879
8700,8880
8702,8763
8719,8720
8720,8766
8705,8827
8723,8771
8724,8772
8724,8830
8725,8831
8726,8852
8727,8778
8730,8750
8731,8797
8733,8782
8734,8754
8735,8736
8736,8783
8737,8783
8738,8757
8718,8761
8718,8821
8739,8762
8739,8802
8719,9002
8742,8948
8721,8790
8705,8826
8746,8795
8746,8891
8747,8850
8728,8896
8749,8796
8729,8867
8729,8780
8730,8780
8750,8781
8752,8970
8732,8856
8753,8753
8753,8856
8754,8815
8735,8900
8755,8800
8755,8901
8756,8786
8756,8873
8758,8877
8714,8817
8759,8878
8759,8760
8761,8880
8762,8905
8740,8824
8740,8803
8765,8803
8765,8959
8766,8884
8768,8805
8743,8825
8769,8806
8771,8911
8744,8830
8744,8931
8773,8774
8773,8847
8774,8848
8776,8963
8776,8912
8745,8810
8745,8795
8777,8811
8748,8866
8748,8796
8729,8868
8780,8853
8781,8920
8668,8836
8668,8854
8784,8871
8785,8941
8785,8872
8787,8858
8788,8902
8788,8974
8757,8998
8763,8881
8764,8824
8767,8842
8790,8791
8792,8827
8792,8846
8770,8846
8770,8828
8794,8807
8777,8891
8778,8917
8778,8865
8779,8835
8779,8919
8782,8897
8782,8814
8798,9118
8783,8900
8786,8874
8714,8859
8760,8925
8789,8840
8802,8906
8763,8977
8804,8883
8805,8844
8805,8929
8790,8929
8806,8825
8793,8828
8793,8886
8808,8890
8808,8951
8809,8810
8810,8933
8795,8933
8812,8851
8812,8914
8813,8865
8796,8835
8751,8854
8751,8855
8814,8898
8799,8815
8815,8857
8799,8857
8801,8816
8818,8878
8820,8861
8820,8879
8821,8822
8822,8823
8822,8904
8803,8927
8825,8961
8827,8909
8807,8910
8830,8863
8809,8913
8831,8892
8831,8952
8832,8893
8833,8851
8834,8915
8796,8918
8837,8855
8837,8937
8838,8869
8838,8870
8816,8876
8801,8956
8801,9031
8819,8925
8819,8860
8823,8839
8823,8904
8839,8840
8840,8946
8824,8927
8841,9003
8842,8885
8842,8960
8843,8862
8843,8844
8844,9020
8845,8962
8828,8930
8829,8887
8829,8888
8848,8932
8811,8934
8850,8892
8850,9078
8852,8916
8852,9007
8796,8866
8835,8936
8853,8868
8853,8969
8836,8920
8836,8921
8856,9085
8858,8924
8859,8877
8859,9090
8860,8903
8860,8975
8861,8903
8861,8879
8821,9034
8839,8946
8862,8907
8843,8862
8847,8931
8849,8983
8849,8890
8851,8966
8864,8915
8865,8935
8867,8919
8867,8868
8854,8921
8855,8937
8856,9048
8857,8971
8869,8899
8869,8922
8872,8942
8858,8944
8875,8902
8875,8924
8876,8974
8816,8945
8877,8999
8882,8926
8883,8947
8846,8909
8846,8930
8888,9113
8890,8951
8891,8934
8892,8965
8893,9006
8864,8914
8894,8916
8894,8988
8895,9066
8896,8968
8866,8968
8898,9117
8898,8991
8857,8938
8899,9051
8870,8953
8870,9134
8871,9052
8871,8972
8873,8993
8873,8943
8874,8943
8874,8994
8878,8957
8903,8975
8879,8976
8880,8976
8880,9223
8904,9017
8881,9001
8881,8926
8884,9035
8884,8928
8909,8980
8886,9060
8886,8910
8910,8981
8911,9128
8889,8932
8912,8913
8893,8987
8916,8988
8917,8935
8917,8967
8866,9044
8921,8990
8900,8954
8923,8995
8924,8997
8925,9033
8905,9125
8905,8958
8906,8958
8906,9000
8926,8978
8927,9018
8885,8979
8907,8949
8907,9004
8929,9020
8908,8950
8908,9005
8911,8982
8911,9037
8931,9146
8889,9075
8889,9038
8912,8984
8913,9039
8893,9129
8893,8986
8914,9064
8915,9080
8919,8936
8920,8989
8939,9010
8938,8939
8940,8973
8940,9027
8941,8973
8941,8992
8942,9011
8942,9012
8943,9013
8923,8996
8945,9014
8945,9055
8946,9106
8947,8959
8947,9057
8948,9003
8948,8979
8949,9058
8949,9072
8933,9040
8934,8985
8935,9023
8936,9081
8919,9008
8938,9049
8954,8954
8955,8972
8944,8996
8944,9029
8902,9030
8902,9101
8960,9019
8960,9058
8962,9111
8962,9021
8930,9059
8930,9036
8932,9095
8951,8983
8951,9062
8964,9269
8964,9078
8952,8965
8952,9006
8966,9114
8966,9064
8969,9186
8937,9025
8937,9083
8970,9046
8972,9026
8956,9032
8956,9015
8957,9240
8957,9070
8976,9105
8958,9091
8977,9000
8977,9001
8959,9057
8961,9005
8961,9021
8980,9143
8980,9059
8981,9060
8981,9061
8965,9079
8986,8987
8987,9041
8988,9042
8967,9022
8968,9043
8968,9132
8989,9150
8989,9082
8990,9045
8990,9025
8970,9009
8970,9099
8971,9118
8971,9086
8973,9121
8992,9122
8992,9011
8993,9012
8993,9087
8994,8995
8994,9028
8995,9123
8996,9175
8974,9088
8974,9054
8998,9016
8998,9453
8999,9016
8975,9033
9000,9092
8978,9001
8978,9056
9002,9126
8979,9019
9005,9094
8982,9061
8982,9037
8983,9215
8984,9076
8984,9077
9006,9063
8986,9041
9007,9042
9007,9066
8967,9023
9010,9050
9011,9053
9012,9053
9013,9028
8997,9029
9014,9054
9015,9069
9015,9089
8999,9016
8975,9158
9017,9207
9017,9106
9018,9056
9018,9093
9002,9160
9003,9035
9004,9072
9004,9195
8967,9131
9024,9043
9024,9253
9008,9185
9008,9219
9027,9120
9027,9135
9013,9087
9029,9154
8997,9068
9030,9068
9030,9101
8999,9090
9003,9035
9019,9318
9020,9108
9021,9110
9036,9212
9036,9060
9039,9096
9039,9040
9042,9080
9043,9254
9044,9132
9044,9081
9046,9083
9046,9099
9009,9084
9009,9116
9047,9116
9048,9151
9026,9052
9052,9189
9026,9120
9028,9137
9014,9054
9014,9103
9031,9055
9055,9103
9031,9104
9032,9104
9032,9069
9033,9158
9034,9124
9058,9140
9059,9164
9061,9127
9037,9112
9038,9095
9038,9075
9062,9147
9040,9040
9063,9079
9063,9129
9041,9097
9065,9130
9066,9199
9023,9131
9023,9098
9045,9082
9025,9045
9067,9085
9048,9172
9049,9086
9049,9221
9051,9153
9051,9119
9026,9173
9053,9136
9068,9154
9054,9102
9070,9241
9070,9157
9034,9159
9034,9178
9056,9302
9057,9107
9071,9161
9073,9141
9073,9109
9074,9144
9074,9145
9074,9146
9075,9180
9076,9250
9076,9077
9041,9184
9064,9217
9064,9115
9081,9218
9082,9133
9025,9025
9025,9171
9084,9099
9084,9202
9085,9277
9086,9118
9088,9101
9069,9089
9091,9092
9092,9228
9093,9435
9093,9229
9072,9162
9072,9282
9077,9096
9096,9268
9040,9148
9079,9183
9079,9324
9097,9114
9097,9149
9080,9198
9098,9200
9083,9234
9087,9190
9088,9102
9090,9138
9091,9208
9108,9141
9094,9142
9094,9163
9110,9111
9111,9143
9078,9216
9078,9251
9114,9149
9116,9202
9085,9187
9100,9152
9120,9173
9121,9135
9121,9203
9122,9203
9122,9136
9087,9222
9123,9174
9123,9236
9101,9155
9088,9176
9103,9206
9104,9206
9104,9156
9106,9125
9125,9226
9107,9229
9107,9194
9126,9179
9126,9194
9109,9142
9110,9163
9127,9592
9112,9127
9112,9165
9113,9128
9128,9166
9113,9248
9095,9249
9131,9169
9132,9232
9133,9150
9133,9276
9099,9201
9117,9151
9117,9152
9100,9220
9134,9259
9134,9293
9135,9295
9101,9191
9138,9192
9139,9157
9124,9223
9124,9224
9106,9225
9108,9196
9141,9196
9110,9246
9143,9164
9113,9284
9144,9145
9144,9396
9146,9197
9095,9306
9148,9181
9148,9268
9129,9271
9149,9184
9149,9217
9130,9272
9130,9198
9150,9255
9151,9172
9118,9188
9136,9333
9137,9190
9137,9204
9154,9297
9102,9176
9102,9177
9157,9193
9160,9179
9160,9210
9161,9244
9161,9281
9140,9211
9140,9162
9162,9211
9164,9247
9165,9166
9166,9231
9145,9197
9147,9167
9168,9182
9129,9309
9170,9254
9171,9276
9171,9233
9151,9257
9152,9257
9153,9258
9153,9330
9174,9204
9174,9205
9175,9296
9175,9262
9176,9237
9158,9242
9178,9207
9178,9300
9179,9243
9163,9245
9143,9230
9180,9267
9181,9182
9183,9270
9183,9324
9185,9219
9185,9288
9172,9277
9188,9220
9188,9291
9190,9235
9193,9241
9193,9335
9165,9266
9147,9215
9147,9383
9181,9286
9182,9399
9184,9271
9200,9366
9186,9275
9202,9256
9191,9373
9191,9237
9192,9355
9192,9278
9207,9301
9208,9227
9209,9280
9194,9243
9210,9317
9210,9244
9195,9379
9195,9572
9212,9213
9214,9248
9197,9305
9217,9342
9198,9272
9198,9343
9199,9252
9218,9288
9218,9273
9219,9274
9186,9255
9220,9290
9221,9292
9221,9258
9173,9370
9203,9332
9203,9333
9222,9235
9204,9261
9206,9263
9225,9301
9225,9432
9226,9227
9226,9265
9227,9265
9228,9279
9228,9360
9229,9435
9211,9282
9230,9283
9230,9413
9215,9339
9216,9269
9216,9251
9186,9328
9233,9234
9233,9289
9173,9294
9222,9563
9235,9261
9238,9311
9239,9312
9240,9312
9240,9241
9223,9314
9223,9315
9224,9315
9224,9299
9208,9392
9208,9279
9244,9317
9245,9394
9245,9319
9246,9303
9246,9304
9212,9395
9212,9380
9231,9320
9231,9284
9248,9440
9250,9340
9250,9285
9252,9252
9252,9344
9253,9287
9253,9326
9254,9327
9232,9273
9234,9345
9256,9329
9256,9463
9173,9353
9236,9372
9236,9262
9262,9406
9237,9310
9264,9355
9242,9335
9242,9428
9243,9376
9243,9317
9249,9338
9249,9397
9267,9596
9251,9270
9270,9341
9254,9326
9232,9327
9274,9275
9274,9486
9255,9422
9276,9422
9277,9487
9257,9290
9258,9387
9259,9330
9259,9331
9261,9372
9237,9373
9279,9392
9280,9336
9280,9316
9281,9473
9281,9456
9266,9608
9266,9320
9284,9439
9268,9362
9286,9384
9286,9444
9251,9364
9271,9309
9272,9418
9199,9325
9232,9367
9273,9878
9275,9328
9277,9346
9290,9368
9293,9331
9293,9388
9260,9351
9260,9294
9294,9352
9295,9371
9295,9332
9296,9334
9296,9406
9297,9334
9298,9354
9299,9391
9301,9469
9265,9496
9302,9375
9302,9361
9303,9319
9303,9457
9305,9396
9305,9337
9306,9381
9306,9397
9307,9340
9285,9521
9285,9322
9269,9323
9269,9363
9308,9309
9288,9560
9291,9368
9291,9347
9292,9349
9292,9387
9260,9352
9310,9311
9311,9354
9312,9427
9313,9356
9313,9314
9315,9357
9299,9358
9300,9358
9300,9374
9316,9360
9316,9336
9282,9378
9320,9438
9321,9478
9323,9577
9323,9598
9271,9417
9271,9400
9325,9343
9325,9365
9326,9386
9327,9420
9329,9345
9330,9405
9332,9450
9334,9373
9310,9451
9335,9390
9314,9410
9317,9436
9318,9377
9282,9475
9319,9437
9337,9338
9337,9479
9338,9459
9340,9383
9309,9417
9342,9400
9342,9658
9344,9419
9328,9462
9345,9402
9329,9402
9348,9489
9349,9369
9349,9465
9331,9405
9350,9351
9351,9467
9352,9353
9353,9370
9333,9389
9333,9531
9334,9425
9354,9407
9357,9410
9357,9391
9358,9411
9359,9430
9360,9471
9339,9480
9339,9382
9362,9384
9363,9445
9364,9445
9364,9416
9341,9416
9324,9341
9343,9446
9365,9484
9365,9526
9346,9404
9346,9508
9368,9488
9355,9493
9356,9454
9374,9411
9374,9430
9336,9375
9375,9434
9361,9434
9376,9517
9376,9436
9377,9377
9378,9379
9378,9499
9379,9500
9380,9477
9380,9635
9362,9481
9384,9443
9363,9578
9343,9525
9385,9401
9366,9385
9366,9485
9386,9485
9386,9460
9387,9465
9388,9448
9388,9423
9352,9467
9370,9510
9371,9449
9371,9450
9389,9424
9373,9425
9373,9426
9390,9586
9390,9428
9392,9471
9336,9472
9393,9590
9377,9474
9394,9412
9394,9534
9397,9506
9383,9442
9398,9507
9385,9528
9403,9463
9404,9464
9404,9508
9405,9644
9406,9564
9407,9408
9407,9451
9408,9408
9408,9452
9409,9548
9411,9455
9412,9519
9413,9457
9413,9501
9395,9501
9414,9439
9396,9594
9396,9479
9415,9504
9397,9505
9399,9444
9399,9537
9324,9539
9324,9540
9400,9680
9418,9446
9418,9483
9401,9419
9401,9558
9420,9460
9420,9461
9421,9461
9402,9599
9423,9466
9423,9448
9424,9531
9426,9468
9427,9624
9427,9548
9428,9514
9429,9429
9429,9568
9410,9454
9391,9495
9430,9469
9431,9432
9432,9629
9433,9470
9435,9589
9436,9497
9437,9476
9437,9552
9395,9477
9395,9553
9439,9502
9440,9441
9440,9535
9441,9458
9444,9536
9445,9523
9416,9538
9417,9540
9446,9483
9419,9527
9422,9766
9447,9541
9405,9562
9448,9620
9450,9544
9372,9563
9372,9564
9425,9491
9451,9545
9408,9566
9452,9492
9452,9511
9453,9512
9434,9516
9457,9552
9441,9503
9441,9554
9458,9503
9458,9478
9459,9504
9459,9505
9443,9481
9443,9536
9460,9559
9461,9529
9463,9541
9449,9544
9454,9494
9455,9532
9469,9648
9472,9515
9472,9516
9456,9604
9456,9551
9473,9591
9473,9518
9474,9498
9475,9498
9476,9534
9479,9611
9482,9482
9483,9524
9484,9525
9484,9616
9487,9509
9487,9617
9488,9509
9488,9663
9465,9489
9490,9542
9467,9543
9449,9510
9492,9492
9453,9622
9453,9546
9494,9568
9494,9549
9454,9549
9470,9496
9496,9569
9471,9588
9499,9500
9500,9572
9476,9574
9501,9717
9504,9654
9480,9520
9480,9842
9507,9521
9507,9556
9481,9612
9485,9793
9489,9601
9467,9467
9510,9646
9511,9566
9511,9567
9492,9603
9512,9546
9512,9623
9493,9513
9493,9725
9495,9587
9470,9470
9497,9571
9497,9533
9499,9756
9519,9573
9477,9553
9477,9634
9502,9651
9502,9535
9503,9555
9478,9636
9505,9575
9506,9575
9482,9537
9482,9740
9522,9576
9523,9538
9523,9579
9524,9615
9524,9582
9525,9583
9526,9585
9527,9682
9527,9683
9528,9558
9528,9707
9530,9561
9508,9722
9509,9618
9465,9665
9465,9542
9492,9567
9514,9625
9514,9695
9516,9630
9517,9550
9517,9570
9518,9551
9518,9591
9478,9593
9478,9610
9506,9595
9506,9675
9521,9737
9521,9556
9536,9597
9537,9613
9538,9580
9539,9580
9539,9656
9540,9657
9526,9584
9542,9602
9531,9710
9547,9693
9548,9647
9549,9627
9532,9628
9470,9629
9551,9605
9552,9633
9535,9673
9554,9555
9554,9673
9556,9638
9557,9655
9561,9642
9541,9687
9541,9600
9531,9772
9565,9749
9545,9691
9545,9621
9566,9567
9546,9622
9568,9626
9570,9571
9571,9714
9572,9889
9573,9606
9573,9672
9534,9672
9534,9757
9574,9607
9553,9758
9555,9609
9575,9637
9578,9598
9578,9639
9579,9639
9581,9658
9582,9583
9583,9659
9584,9616
9584,9585
9585,9641
9558,9684
9559,9744
9559,9661
9561,9685
9562,9644
9562,9645
9563,9802
9564,9711
9569,9699
9588,9699
9588,9728
9590,9713
9590,9631
9570,9732
9498,9632
9593,9594
9594,9653
9597,9612
9597,9704
9576,9705
9576,9655
9577,9937
9579,9706
9580,9706
9582,9640
9599,9662
9600,9797
9600,9989
9602,9847
9602,9619
9544,9709
9544,9666
9564,9667
9587,9670
9589,9649
9589,9650
9604,9605
9605,9701
9591,9716
9607,9633
9592,9635
9592,9760
9608,9718
9608,9702
9593,9652
9611,9654
9611,9674
9595,9675
9595,9596
9596,9676
9613,9704
9613,9739
9577,9614
9614,9678
9614,9679
9598,9679
9599,9686
9617,9618
9601,9664
9601,9665
9620,9688
9620,9747
9566,9751
9623,9692
9623,9849
9624,9647
9624,9694
9625,9726
9625,9829
9626,9668
9626,9669
9569,9629
9569,9569
9631,9650
9631,9834
9604,9701
9633,9735
9634,9758
9634,9759
9635,9759
9610,9636
9610,9652
9612,9638
9638,9703
9577,9678
9615,9719
9615,9640
9640,9659
9642,9881
9642,9685
9643,9708
9617,9767
9618,9768
9644,9826
9645,9688
9646,9771
9646,9709
9622,9692
9627,9669
9627,9864
9628,9670
9628,9696
9648,9698
9648,9697
9630,9729
9630,9671
9649,9731
9649,9650
9604,9734
9604,9715
9632,9779
9632,9838
9651,9702
9651,9873
9636,9783
9652,9653
9653,9674
9654,9736
9637,9736
9637,9761
9655,9819
9639,9762
9656,9741
9657,9680
9658,9742
9616,9681
9616,9720
9641,9743
9641,9682
9660,9744
9662,9686
9662,9721
9663,9723
9663,9745
9664,9799
9647,9694
9647,9955
9668,9695
9668,9830
9670,9752
9629,9698
9629,9753
9569,9727
9671,9700
9672,9757
9673,9783
9674,9784
9676,9814
9676,9813
9677,9817
9677,9705
9678,9679
9657,9875
9680,9788
9659,9790
9682,9765
9683,9765
9683,9684
9684,9792
9661,9794
9661,9846
9685,9882
9686,9796
9664,9800
9689,9724
9667,9711
9690,9750
9691,9750
9691,9773
9692,9904
9669,9830
9696,9866
9696,9752
9701,9808
9703,9738
9703,9854
9677,9818
9706,9763
9682,9743
9708,9882
9708,9795
9687,9721
9687,9797
9665,9800
9665,9769
9688,9746
9709,9827
9710,9901
9710,9772
9667,9724
9667,9950
9711,9749
9693,9725
9693,9712
9694,9927
9695,9830
9698,9929
9699,9754
9699,9805
9700,9730
9713,9732
9713,9755
9714,9733
9715,9807
9715,9836
9716,9869
9716,9868
9717,9735
9718,9760
9718,9780
9702,9781
9673,9891
9673,9810
9652,9892
9675,9761
9675,9813
9704,9787
9705,9874
9705,9819
9719,9822
9719,9913
9720,9791
9720,9743
9707,9792
9707,9793
9726,9804
9726,9850
9727,9754
9727,9774
9728,9996
9728,9775
9730,9731
9730,9776
9732,9806
9714,9777
9733,9734
9733,9777
9734,9778
9702,9782
9736,9811
9737,9842
9737,9786
9738,9786
9738,9853
9739,9787
9739,9816
9740,9816
9740,9912
9679,9981
9742,9789
9721,9919
9722,9858
9722,9798
9745,9799
9745,9825
9748,9861
9724,9950
9750,9902
9725,9972
9753,9930
9753,9774
9754,9774
9700,9832
9731,9833
9755,9834
9755,9867
9756,9889
9757,9976
9735,9809
9717,9809
9717,9839
9758,9977
9759,9909
9760,9872
9761,9812
9763,9820
9741,9938
9742,9843
9764,9821
9765,9857
9744,9845
9744,9794
9767,9823
9767,9824
9770,9826
9747,9848
9747,9861
9749,9886
9751,9773
9773,9903
9751,9863
9752,9831
9752,9866
9776,9832
9776,9833
9777,9835
9779,9837
9779,9851
9756,9870
9780,9781
9780,9890
9781,9841
9782,9841
9782,9958
9783,9979
9785,9811
9785,9812
9787,9855
9763,9961
9788,9789
9789,9896
9790,9791
9766,9880
9795,9796
9796,10021
9797,9919
9768,9824
9768,9921
9799,9898
9800,10177
9772,9901
9801,9802
9801,9949
9801,9862
9802,9862
9803,9804
9804,9850
9752,9865
9775,9805
9775,9973
9806,9835
9806,9867
9778,9888
9778,9807
9807,9836
9809,9932
9811,9852
9785,9852
9813,10051
9814,9894
9815,9910
9786,9911
9786,9853
9816,9912
9817,9818
9817,9912
9818,9874
9819,9960
9788,9876
9789,9856
9822,9844
9822,10037
9791,9915
9792,9986
9793,9986
9793,9877
9794,9897
9766,9879
9766,9918
9795,9942
9798,9883
9798,9823
9823,9920
9824,9859
9826,9885
9828,9886
9831,9864
9831,9865
9805,10013
9835,9888
9807,10080
9808,9836
9808,9868
9838,9851
9838,9975
9839,9840
9840,9871
9840,9933
9841,9934
9842,9911
9843,9856
9821,9843
9821,9844
9790,9914
9790,9915
9845,9877
9825,9860
9825,9825
9847,9884
9827,9967
9827,9948
9829,9887
9830,10097
9832,10065
9833,10066
9834,10162
9837,9957
9837,9851
9839,9933
9852,9893
9855,9895
9855,10000
9821,9963
9844,9963
9743,9984
9743,9916
9857,9917
9857,9985
9845,9940
9858,9989
9858,9883
9847,9990
9848,9900
9848,9924
9862,9925
9863,9992
9863,10076
9849,9905
9849,9906
9850,9928
9829,9928
9830,9994
9866,9908
9836,10029
9868,9869
9869,9931
9871,10084
9872,9978
9872,9890
9812,9893
9812,10032
9853,9936
9854,9936
9854,9895
9874,9959
9856,9939
9877,9987
9878,10004
9878,9964
9880,9881
9881,10042
9882,9941
9883,9943
9859,9920
9859,9921
9847,9922
9884,9899
9884,9945
9885,9899
9885,9923
9861,9924
9849,9993
9864,10121
9865,9908
9774,10028
9774,10063
9867,10247
9868,10047
9851,9975
9870,9998
9870,9889
9871,10031
9890,9934
9873,9958
9873,10015
9893,10149
9894,10088
9875,9962
9875,9876
9876,9896
9896,9939
9877,9940
9897,10003
9897,10040
9879,10041
9879,9988
9880,10055
9860,9944
9860,9965
9825,9965
9825,9898
9900,9946
9900,9947
9901,9948
9886,9968
9904,10096
9904,9954
9905,9954
9905,9970
9906,9907
9907,9926
9829,9956
9887,9994
9887,9956
9908,9995
9888,9974
9851,9957
9909,9978
9909,9977
9891,10015
9891,10104
9892,9979
9892,9980
9910,10129
9910,10033
9895,10089
9875,10001
9913,10038
9913,9914
9915,9983
9916,9917
9916,9984
9917,9985
9919,10074
9920,9943
9898,10057
9899,9966
9923,10024
9923,9946
9925,9949
9925,10010
9902,9952
9902,9969
9903,9969
9903,9992
9906,9971
9907,9971
9926,9971
9926,9972
9928,10012
9929,9930
9929,10098
9930,10028
9931,9957
9931,10125
9889,10030
9935,9980
9936,10016
9876,9939
9914,10017
9877,10039
9940,10003
9918,9988
9918,10020
9941,9942
9921,9944
9944,10023
9922,9990
9922,9945
9946,10006
9947,9991
9947,10007
9948,10008
9901,10009
9950,10200
9951,9952
9951,9952
9953,10211
9927,10060
9927,9955
9955,10061
9932,10014
9932,9999
9934,10086
9911,10016
9911,10052
9912,10034
9959,10034
9959,10053
9937,9960
9960,10090
9937,10035
9961,10152
9961,9982
9938,9962
9962,10071
9876,10002
9963,10132
9941,10056
9943,10022
9921,10023
9965,10023
9945,9966
9949,10117
9968,10238
9951,9968
9954,9970
9970,9993
9971,10059
9972,10240
9927,10143
9956,10012
9973,10013
9973,9996
9933,9999
9933,10049
9978,10050
9958,10148
9958,10068
9979,10104
9980,10167
9981,10036
9981,10070
9938,9982
9938,9982
9963,10108
9983,10017
9983,9984
9985,10277
9986,10018
9964,10005
9964,10019
9942,10056
9942,10154
9989,10074
9966,10024
9924,10007
9924,10179
9967,10045
9967,10025
9969,10201
9993,10059
9994,10077
9995,10062
9996,9997
9957,10067
9975,9998
9976,10048
9976,10014
9977,10085
10001,10002
10001,10071
9987,10039
10004,10110
9988,10093
9989,10022
9990,10043
10006,10044
10007,10044
10008,10139
10008,10009
9992,10058
10011,10119
9995,10145
9975,10126
10014,10127
9999,10083
10015,10068
9984,10194
10018,10277
10003,10109
10003,10040
10004,10111
9988,10072
10020,10072
10020,10094
10021,10176
10021,10073
9989,10259
10006,10075
10008,10140
10009,10199
10026,10117
10010,10046
10027,10061
10012,10160
10012,10120
10028,10186
10013,10122
9996,10245
10029,10047
10031,10101
10031,10084
10032,10149
10032,10105
10033,10129
10033,10130
10034,10222
10035,10036
10036,10131
10017,10193
10018,10039
10019,10210
10019,10054
10041,10054
10023,10095
10043,10177
10046,10118
10029,10124
10047,10163
9998,10126
9998,10030
10030,10081
10048,10164
10048,10100
10051,10087
10051,10128
10052,10130
10052,10106
10016,10106
10016,10169
10053,10151
10035,10191
10002,10091
10037,10108
10037,10092
10038,10092
10038,10193
10040,10133
10054,10112
10041,10093
10042,10055
10055,10113
10042,10114
10043,10178
10024,10261
10024,10138
10044,10075
10045,10116
10045,10139
10046,10141
10058,10076
10058,10286
10059,10142
10061,10159
10062,10098
10063,10122
10063,10186
10064,10065
10065,10099
10067,10203
10067,10267
10049,10083
10049,10101
10050,10102
10050,10103
10068,10271
10069,10208
10018,10018
10073,10115
10057,10137
10057,10197
10075,10138
10077,10120
10078,10097
10062,10184
10062,10185
10066,10123
10079,10146
10080,10146
10080,10124
10082,10127
10084,10147
10086,10148
10086,10294
10068,10251
10089,10170
10089,10150
10053,10222
10053,10295
10070,10131
10070,10192
10039,10229
10039,10173
10072,10093
10094,10175
10094,10134
10056,10135
10056,10136
10073,10176
10073,10232
10074,10115
10095,10323
10095,10155
10076,10262
10077,10144
10097,10242
10098,10814
10099,10291
10099,10123
10100,10100
10083,10187
10101,10165
10085,10250
10085,10102
10105,10128
10087,10189
10087,10088
10088,10206
10106,10169
10107,10150
10090,10191
10071,10091
10091,10257
10108,10172
10092,10258
10109,10195
10109,10209
10110,10133
10110,10153
10111,10153
10111,10210
10072,10175
10113,10134
10114,10135
10116,10198
10116,10157
10117,10158
10118,10141
10096,10119
10119,10239
10096,10212
10120,10215
10121,10145
10122,10310
10125,10163
10125,10312
10100,10127
10083,10204
10102,10166
10104,10205
10105,10252
10129,10190
10129,10376
10130,10207
10090,10151
10090,10253
10071,10256
10112,10174
10112,10385
10093,10302
10134,10196
10113,10196
10114,10279
10136,10230
10136,10154
10115,10233
10138,10156
10139,10140
10140,10199
10141,10237
10142,10263
10142,10181
10143,10182
10144,10183
10144,10241
10121,10243
10123,10216
10124,10266
10126,10217
10100,10164
10102,10250
10149,10252
10128,10189
10150,10497
10151,10223
10131,10254
10152,10192
10132,10225
10132,10226
10133,10209
10133,10301
10135,10230
10154,10231
10137,10155
10155,10323
10137,10234
10158,10284
10158,10237
10143,10213
10159,10182
10159,10308
10160,10214
10160,10215
10145,10184
10161,10216
10146,10458
10163,10347
10127,10329
10165,10204
10165,10293
10147,10249
10147,10188
10148,10271
10167,10219
10167,10274
10168,10315
10169,10170
10170,10334
10171,10221
10152,10337
10172,10226
10172,10258
10173,10229
10173,10195
10153,10360
10177,10178
10179,10235
10179,10281
10139,10342
10180,10200
10181,10212
10183,10242
10183,10241
10145,10244
10184,10244
10162,10246
10162,10346
10164,10292
10189,10331
10191,10276
10192,10255
10193,10227
10194,10227
10194,10298
10196,10278
10176,10232
10178,10261
10186,10528
10202,10246
10203,10328
10203,10248
10204,10269
10207,10207
10169,10334
10208,10399
10208,10221
10193,10297
10195,10357
10175,10302
10175,10278
10197,10234
10197,10386
10177,10408
10198,10388
10198,10365
10199,10324
10212,10326
10213,10213
10182,10369
10214,10289
10214,10309
10215,10265
10145,10344
10216,10415
10217,10267
10217,10268
10218,10251
10218,10272
10205,10272
10205,10273
10206,10331
10206,10315
10220,10727
10207,10332
10222,10378
10223,10295
10223,10253
10224,10317
10224,10296
10225,10257
10225,10319
10228,10300
10209,10358
10210,10361
10230,10279
10230,10303
10231,10303
10231,10280
10176,10280
10176,10407
10232,10233
10234,10363
10235,10236
10237,10285
10211,10287
10211,10343
10240,10263
10213,10490
10242,10393
10244,10290
10216,10311
10246,10327
10248,10328
10248,10494
10249,10293
10249,10330
10250,10330
10218,10314
10207,10316
10221,10377
10253,10335
10254,10255
10255,10337
10256,10380
10256,10353
10257,10381
10226,10319
10227,10298
10229,10356
10232,10407
10233,10304
10260,10322
10235,10305
10236,10305
10200,10325
10200,10455
10238,10390
10238,10410
10263,10307
10240,10456
10264,10289
10265,10309
10265,10370
10241,10370
10245,10310
10245,10395
10247,10346
10247,10442
10266,10372
10267,10511
10271,10294
10251,10374
10272,10314
10274,10275
10252,10349
10222,10351
10276,10336
10254,10276
10258,10382
10277,10384
10259,10340
10259,10320
10260,10321
10236,10388
10282,10324
10282,10283
10282,10436
10283,10284
10286,10306
10286,10411
10262,10392
10262,10287
10287,10343
10288,10326
10240,10440
10289,10474
10292,10443
10292,10444
10269,10418
10269,10373
10293,10652
10250,10419
10270,10294
10272,10479
10274,10420
10254,10421
10296,10318
10296,10352
10297,10338
10297,10354
10298,10354
10298,10424
10299,10402
10300,10355
10300,10383
10301,10358
10301,10359
10302,10431
10278,10637
10279,10432
10279,10362
10303,10362
10280,10406
10304,10339
10281,10469
10281,10341
10305,10341
10236,10364
10285,10367
10285,10409
10308,10413
10308,10369
10309,10441
10290,10344
10290,10414
10291,10395
10291,10415
10313,10417
10270,10348
10314,10374
10316,10332
10316,10333
10295,10480
10318,10499
10318,10379
10320,10321
10320,10340
10284,10366
10325,10438
10325,10455
10310,10475
10291,10476
10311,10396
10327,10345
10312,10347
10312,10397
10330,10462
10315,10375
10332,10376
10334,10449
10295,10351
10295,10400
10335,10336
10335,10480
10336,10517
10319,10450
10338,10382
10338,10482
10339,10340
10341,10387
10342,10365
10324,10389
10326,10439
10327,10396
10329,10567
10329,10418
10348,10446
10348,10478
10349,10350
10350,10398
10349,10350
10331,10398
10331,10375
10317,10337
10317,10422
10338,10464
10354,10451
10355,10425
10355,10465
10356,10427
10356,10403
10357,10403
10357,10358
10359,10360
10359,10404
10360,10405
10322,10433
10322,10467
10365,10664
10342,10711
10284,10471
10366,10367
10368,10454
10344,10457
10371,10414
10346,10416
10347,10565
10328,10493
10328,10494
10373,10461
10376,10448
10352,10422
10352,10379
10379,10499
10380,10499
10353,10380
10353,10401
10381,10423
10381,10450
10382,10552
10384,10426
10384,10427
10358,10404
10361,10428
10361,10429
10385,10430
10362,10406
10321,10588
10321,10433
10323,10452
10323,10363
10363,10434
10364,10470
10364,10388
10389,10502
10389,10436
10366,10437
10367,10437
10391,10410
10391,10391
10392,10412
10370,10441
10370,10543
10394,10527
10372,10578
10374,10582
10398,10515
10375,10463
10377,10399
10399,10534
10377,10378
10378,10535
10351,10516
10351,10498
10400,10498
10400,10551
10401,10423
10383,10465
10383,10426
10358,10466
10405,10428
10385,10431
10385,10556
10407,10484
10386,10434
10386,10453
10408,10522
10387,10558
10387,10470
10409,10454
10409,10504
10390,10455
10390,10487
10410,10488
10391,10472
10411,10412
10369,10490
10369,10507
10393,10492
10393,10509
10344,10526
10414,10600
10395,10475
10395,10544
10396,10477
10417,10513
10417,10443
10419,10462
10419,10683
10420,10533
10422,10607
10401,10481
10423,10481
10402,10424
10424,10553
10402,10425
10426,10635
10403,10518
10403,10554
10404,10405
10428,10519
10429,10430
10429,10483
10430,10555
10432,10538
10406,10484
10407,10612
10433,10467
10434,10520
10408,10521
10435,10522
10411,10596
10439,10562
10413,10491
10413,10508
10415,10477
10416,10530
10416,10531
10442,10531
10442,10546
10418,10532
10445,10446
10446,10478
10420,10605
10447,10533
10448,10550
10422,10656
10451,10464
10451,10569
10402,10553
10425,10501
10427,10518
10405,10519
10431,10556
10433,10588
10453,10468
10453,10520
10436,10471
10437,10503
10438,10505
10438,10486
10439,10489
10440,10541
10440,10456
10456,10572
10457,10645
10459,10495
10443,10444
10444,10460
10461,10514
10462,10683
10449,10616
10449,10497
10450,10568
10464,10500
10465,10501
10466,10554
10466,10609
10454,10504
10454,10505
10455,10559
10472,10561
10473,10506
10441,10542
10441,10599
10457,10510
10477,10529
10458,10546
10458,10547
10459,10512
10443,10513
10479,10496
10480,10551
10469,10485
10469,10558
10470,10640
10471,10523
10455,10595
10455,10666
10487,10488
10487,10666
10488,10524
10472,10524
10489,10669
10489,10670
10491,10507
10491,10508
10474,10597
10474,10542
10492,10525
10475,10574
10495,10513
10478,10628
10479,10629
10496,10549
10497,10631
10498,10584
10481,10705
10482,10552
10482,10500
10500,10634
10483,10537
10483,10586
10484,10557
10503,10539
10503,10504
10486,10594
10486,10559
10488,10560
10506,10571
10506,10541
10490,10563
10508,10597
10510,10564
10510,10526
10493,10566
10493,10579
10494,10579
10494,10602
10511,10512
10511,10603
10512,10721
10443,10778
10443,10614
10496,10583
10501,10635
10467,10589
10467,10590
10523,10712
10523,10539
10504,10570
10505,10570
10524,10561
10490,10573
10507,10644
10525,10543
10509,10738
10509,10697
10526,10646
10530,10576
10531,10576
10532,10580
10532,10581
10514,10581
10514,10604
10534,10632
10534,10703
10516,10535
10516,10606
10536,10584
10517,10617
10517,10687
10518,10731
10519,10537
10519,10585
10538,10587
10520,10591
10521,10622
10521,10592
10522,10592
10522,10885
10505,10594
10540,10613
10541,10571
10542,10598
10527,10600
10527,10601
10544,10574
10544,10625
10529,10575
10529,10626
10530,10545
10531,10627
10546,10869
10547,10649
10547,10578
10548,10628
10549,10583
10549,10724
10533,10853
10535,10740
10499,10608
10552,10768
10552,10706
10553,10569
10554,10731
10537,10586
10538,10638
10557,10803
10557,10612
10558,10640
10539,10735
10559,10595
10560,10666
10560,10770
10561,10596
10562,10670
10562,10571
10530,10795
10565,10566
10565,10676
10566,10677
10567,10614
10567,10763
10533,10615
10550,10654
10550,10701
10551,10686
10568,10658
10568,10619
10569,10634
10555,10610
10555,10611
10556,10611
10559,10665
10563,10572
10572,10696
10563,10573
10573,10643
10543,10599
10543,10757
10574,10672
10576,10795
10577,10627
10578,10650
10579,10678
10582,10653
10582,10629
10583,10684
10584,10686
10551,10617
10551,10741
10585,10609
10585,10801
10590,10639
10590,10710
10591,10752
10591,10661
10592,10692
10593,10641
10593,10642
10570,10623
10594,10694
10595,10713
10596,10736
10597,10715
10598,10599
10598,10813
10601,10647
10575,10648
10575,10626
10603,10679
10603,10680
10581,10852
10604,10682
10604,10722
10605,10615
10605,10725
10584,10606
10607,10655
10607,10656
10608,10657
10608,10688
10586,10620
10611,11008
10587,10638
10587,10659
10588,10785
10588,10660
10589,10660
10589,10639
10590,10733
10613,10668
10613,10669
10571,10737
10600,10624
10600,10716
10575,10674
10602,10678
10602,10720
10581,10682
10615,10765
10616,10630
10616,10702
10606,10685
10617,10742
10618,10687
10618,10655
10609,10800
10610,10620
10620,10707
10610,10707
10621,10636
10612,10750
10624,10646
10624,10759
10574,10625
10625,10673
10626,10675
10627,10832
10614,10681
10630,10701
10632,10854
10632,10798
10606,10729
10617,10818
10618,10704
10633,10689
10619,10658
10619,10748
10635,10730
10636,10637
10636,10784
10637,10708
10638,10709
10639,10751
10622,10691
10622,10692
10640,10769
10641,10693
10643,10671
10644,10714
10644,10715
10645,10758
10645,10851
10646,10698
10648,10673
10648,10719
10650,10699
10650,10796
10651,10721
10652,10722
10652,10683
10653,10700
10653,10764
10629,10723
10630,10702
10631,10702
10631,10739
10655,10743
10656,10744
10657,10744
10657,10688
10633,10745
10634,10706
10638,10732
10660,10786
10640,10755
10662,10663
10662,10755
10663,10846
10642,10693
10642,10712
10667,11013
10669,11120
10670,10771
10647,10760
10672,10775
10673,10776
10677,10678
10679,10762
10679,10680
10628,10779
10628,10836
10629,10764
10654,10728
10654,10767
10659,10732
10659,10690
10661,10805
10661,10691
10692,10753
10664,10824
10664,10825
10665,10694
10694,10826
10665,10789
10695,10696
10671,10714
10697,10773
10697,10774
10647,10814
10674,10719
10674,10675
10675,10794
10699,10796
10676,10699
10676,10761
10678,10816
10680,10777
10682,10852
10683,10835
10684,10723
10684,10873
10686,10741
10687,10742
10688,10745
10689,10746
10658,10705
10705,10820
10658,10820
10709,10749
10709,10881
10691,10788
10693,10711
10711,10809
10712,10810
10666,10713
10713,10789
10669,10771
10696,10791
10714,10715
10698,10947
10698,10759
10716,10716
10717,10760
10718,10815
10676,10676
10720,10833
10720,10762
10722,10835
10723,10797
10724,10725
10724,10873
10725,10765
10726,10780
10727,10728
10727,10817
10728,10896
10701,10767
10703,10837
10703,10740
10704,10858
10704,10743
10706,10838
10707,10802
10708,10822
10708,10749
10710,10804
10710,10752
10734,10806
10693,10904
10735,10811
10665,10827
10666,10770
10738,10757
10738,10773
10719,10776
10677,10761
10677,10816
10721,10777
10729,10875
10729,10781
10742,10857
10743,10876
10745,10877
10746,10747
10746,11041
10748,10768
10748,10782
10731,10821
10731,10800
10749,10920
10732,10941
10750,10803
10750,10860
10751,10787
10733,10751
10733,10804
10710,10840
10752,10840
10754,10843
10755,10808
10735,10847
10736,10828
10736,10864
10737,10812
10737,10756
10715,10849
10759,10792
10716,10792
10760,10910
10719,10831
10762,10871
10764,10797
10766,10874
10702,10915
10740,10952
10741,10897
10707,10839
10733,10942
10753,10788
10753,10974
10769,10807
10772,10812
10737,10790
10757,10892
10758,10774
10758,10850
10775,10830
10775,10929
10776,10966
10761,10949
10777,10834
10763,10893
10763,10979
10765,10853
10767,10896
10744,10819
10744,10877
10768,10782
10783,10900
10783,10799
10785,10921
10786,10787
10786,10883
10787,10901
10770,10963
10771,10848
10790,10791
10773,10868
10774,10907
10793,10830
10796,10930
10778,10931
10778,10950
10779,10932
10779,11038
10780,10874
10780,10817
10798,10854
10798,10855
10782,10878
10768,10879
10783,10880
10799,10821
10800,10859
10801,10919
10801,10802
10802,10839
10784,10940
10784,10822
10803,10860
10804,10922
10805,10842
10788,10842
10806,10807
10807,10844
10769,10844
10769,10823
10808,10845
10808,10846
10811,10847
10811,10863
10789,10887
10812,10889
10813,10849
10813,10906
10792,10909
10792,10910
10814,11035
10815,11000
10815,10911
10795,10832
10816,10833
10797,10895
10817,10914
10818,10898
10818,10856
10819,10876
10819,10973
10799,10880
10821,10939
10822,10955
10805,10861
10806,10958
10769,10862
10823,10845
10823,10862
10824,10903
10824,10886
10809,10825
10825,10886
10809,10994
10810,10904
10810,10960
10791,10866
10829,10866
10831,10977
10831,10948
10832,11002
10833,10870
10835,11020
10836,10872
10836,10913
10837,10855
10837,10968
10838,10879
10838,10938
10841,10861
10842,10956
10844,10862
10845,10862
10826,10863
10826,10923
10827,10923
10827,10887
10828,10924
10828,10997
10848,10926
10849,10890
10850,10851
10851,10908
10816,11077
10816,10870
10834,11078
10834,11004
10854,10916
10855,10983
10856,10899
10857,10899
10857,10858
10858,10985
10820,10937
10820,10953
10839,10986
10860,10987
10840,10922
10840,11135
10861,10902
10843,10957
10843,10884
10846,11030
10847,10905
10864,10865
10864,11012
10865,10888
10867,10944
10850,10946
10830,11159
10830,10976
10869,10912
10869,11002
10870,11003
10871,11003
10871,11018
10852,11164
10872,10894
10872,10933
10873,10895
10874,10981
10854,10983
10856,10936
10877,10917
10879,10918
10859,11061
10859,10919
10881,11028
10881,10941
10882,11065
10883,10921
10883,10901
10843,10989
10884,10885
10886,10959
10886,10994
10863,10996
10865,10998
10866,10927
10891,10944
10891,10892
10891,10945
10892,10964
10893,10950
10894,11022
10895,10951
10875,10969
10875,10984
10897,10970
10897,10935
10898,10935
10898,10936
10899,11007
10876,10972
10878,10918
10880,10954
10880,10939
10885,10991
10862,11045
10903,10993
10903,10943
10887,10962
10908,10946
10908,10947
10910,11223
10911,10928
10911,11001
10912,10930
10893,10978
10913,11056
10913,10933
10873,11297
10896,11102
10916,10982
10917,11026
10917,11041
10900,10954
10901,10942
10904,10995
10904,10960
10924,10963
10925,10926
10926,11032
10909,11015
10929,10976
10929,10966
10912,10967
10930,11017
10931,11004
10931,11079
10894,10933
10914,10981
10896,10914
10915,10934
10915,11023
10916,11024
10935,11059
10936,10971
10919,11106
10940,10955
10940,11027
10922,11009
10885,10990
10923,10962
10924,11011
10927,11050
10927,11073
10944,10945
10946,10965
10947,10999
10949,11054
10932,10980
10932,11038
10896,11125
10952,10969
10952,11039
10939,11061
10921,11092
10901,11092
10942,11169
10957,10974
10957,11029
10961,10996
10963,11137
10944,11034
10945,10964
10909,11074
10966,10977
10967,11016
10949,11077
10950,11079
10951,11084
10951,11085
10968,11025
10968,11058
10970,11006
10972,10973
10972,11145
10973,11026
10954,11105
10955,11064
10955,11063
10941,10987
10941,11195
10974,11042
10958,10992
10958,11044
10975,11068
10975,10993
10960,11047
10960,11010
10964,11097
10976,11075
10977,11076
10978,10979
10979,11100
10980,11020
10981,11186
10982,11023
10982,11024
10983,11188
10983,11025
10969,11040
10971,11059
10971,11007
10985,11127
10985,11145
10986,11107
10986,11008
10987,11065
10988,11066
10989,11029
10989,11043
10990,11043
10990,11093
10958,11094
10993,11046
10995,11114
10995,11047
10962,11095
10998,11031
10998,11378
11000,11001
11001,11204
10966,11076
11002,11179
11003,11162
11004,11037
10978,11055
10980,11101
11005,11082
10984,11040
10984,11089
11008,11108
11009,11110
11009,11134
10991,11093
10991,10992
10992,11094
10975,11069
10975,11170
10994,11153
10996,11070
11011,11137
11011,11071
10997,11048
11014,11033
10999,11052
11015,11052
11015,11074
11000,11035
11000,11203
11017,11180
11017,11054
11019,11055
11021,11057
11024,11103
11025,11126
11006,11089
11007,11210
11007,11168
11026,11060
11028,11064
11028,11133
10992,11112
11030,11067
11030,11068
10994,11171
10997,11071
10997,11117
11012,11118
11013,11031
11031,11254
11013,11119
11032,11096
11033,11072
11034,11158
11036,11075
11018,11018
11020,11182
11038,11081
11022,11141
11022,11142
11023,11087
11039,11088
11039,11104
11040,11104
11041,11189
11027,11091
11027,11063
11043,11111
11044,11045
11044,11094
11046,11170
11046,11153
11047,11115
11049,11173
11050,11072
11050,11073
11051,11098
11051,11121
11051,11139
11052,11178
11035,11224
11053,11122
11054,11205
11018,11163
11037,11099
11037,11206
11038,11140
11056,11057
11057,11141
11058,11088
11058,11126
11062,11129
11063,11212
11064,11109
11065,11213
11042,11196
11029,11042
11029,11111
11045,11113
11067,11113
11070,11200
11070,11116
11048,11117
11048,11118
11074,11279
11077,11280
11077,11263
11079,11295
11055,11080
11056,11081
11083,11123
11084,11123
11084,11124
11085,11086
11089,11209
11059,11144
11060,11128
11060,11189
11061,11146
11061,11191
11092,11149
11066,11252
11066,11150
11045,11237
11068,11152
11068,11069
11069,11136
11071,11154
11073,11175
11097,11243
11097,11138
11075,11159
11078,11163
11078,11099
11099,11227
11079,11281
11100,11307
11100,11264
11101,11182
11101,11140
11081,11183
11082,11184
11082,11123
11085,11124
11102,11125
11102,11247
11087,11299
11087,11166
11103,11166
11103,11143
11088,11268
11104,11167
11105,11190
11105,11146
11106,11191
11108,11148
11108,11231
11091,11132
11091,11233
11029,11196
11111,11151
11116,11200
11116,11218
11117,11155
11118,11156
11120,11157
11120,11241
11096,11157
11096,11201
11072,11174
11073,11202
11098,11138
11098,11139
11121,11177
11076,11160
11076,11226
11122,11245
11085,11297
11125,11187
11126,11267
11090,11144
11127,11168
11127,11229
11106,11192
11106,11248
11130,11131
11130,11148
11132,11232
11109,11194
11109,11133
11133,11195
11110,11169
11110,11134
11093,11198
11094,11112
11113,11237
11067,11113
11067,11152
11114,11171
11114,11172
11137,11274
11138,11258
11139,11177
11142,11228
11142,11184
11143,11188
11143,11207
11146,11191
11147,11192
11129,11230
11129,11231
11148,11288
11131,11232
11132,11193
11134,11135
11135,11215
11151,11197
11151,11236
11093,11197
11112,11216
11094,11237
11113,11360
11153,11302
11154,11155
11155,11156
11156,11275
11157,11219
11161,11179
11162,11263
11163,11384
11164,11282
11164,11265
11140,11309
11165,11187
11166,11207
11144,11210
11168,11284
11145,11211
11131,11131
11149,11214
11149,11249
11169,11250
11136,11217
11171,11238
11172,11199
11154,11240
11173,11220
11173,11221
11174,11222
11174,11277
11175,11176
11175,11257
11176,11341
11176,11257
11159,11244
11159,11225
11180,11293
11180,11205
11162,11420
11181,11206
11182,11308
11141,11246
11141,11228
11184,11348
11185,11266
11186,11266
11187,11330
11167,11268
11167,11208
11144,11269
11192,11230
11194,11212
11194,11334
11197,11236
11152,11318
11136,11170
11172,11289
11200,11239
11201,11220
11201,11242
11202,11398
11177,11258
11178,11342
11203,11261
11204,11244
11204,11261
11160,11262
11179,11343
11183,11309
11183,11246
11188,11207
11208,11209
11209,11350
11210,11284
11211,11229
11211,11300
11189,11285
11193,11232
11193,11313
11212,11233
11195,11271
11213,11373
11213,11354
11215,11251
11196,11252
11197,11253
11198,11216
11217,11319
11218,11337
11218,11322
11219,11276
11220,11363
11221,11222
11222,11323
11202,11256
11178,11178
11223,11292
11223,11259
11224,11379
11224,11304
11203,11260
11205,11367
11205,11305
11228,11296
11208,11331
11230,11286
11233,11333
11234,11355
11234,11234
11215,11272
11235,11251
11198,11301
11238,11273
11238,11320
11239,11442
11240,11274
11240,11339
11219,11241
11241,11290
11219,11290
11242,11276
11221,11397
11243,11278
11226,11262
11226,11245
11227,11294
11206,11227
11206,11345
11246,11387
11247,11371
11247,11299
11248,11332
11248,11286
11230,11287
11231,11312
11249,11250
11249,11250
11251,11272
11252,11414
11216,11359
11237,11396
11239,11337
11242,11291
11255,11303
11257,11399
11259,11325
11259,11326
11244,11552
11226,11401
11245,11327
11263,11329
11268,11425
11269,11351
11269,11390
11270,11285
11272,11315
11236,11317
11236,11253
11253,11301
11274,11339
11254,11378
11254,11362
11277,11340
11277,11303
11243,11324
11258,11324
11178,11279
11178,11366
11279,11292
11260,11261
11262,11517
11280,11305
11280,11306
11281,11295
11281,11368
11264,11307
11264,11346
11282,11431
11282,11347
11265,11347
11265,11308
11283,11311
11284,11435
11285,11437
11286,11352
11287,11426
11287,11312
11288,11409
11232,11288
11232,11353
11271,11334
11271,11476
11249,11336
11251,11316
11273,11302
11273,11361
11289,11320
11289,11321
11275,11498
11275,11377
11290,11428
11276,11291
11278,11341
11279,11419
11260,11304
11294,11385
11296,11348
11298,11370
11266,11349
11232,11410
11302,11361
11291,11363
11303,11418
11292,11325
11304,11379
11260,11379
11305,11344
11295,11368
11295,11403
11308,11405
11309,11406
11297,11490
11310,11369
11299,11311
11311,11408
11300,11436
11300,11391
11232,11393
11313,11372
11313,11333
11314,11394
11315,11357
11317,11358
11301,11359
11318,11319
11319,11415
11322,11465
11322,11443
11323,11364
11323,11340
11292,11501
11325,11326
11326,11468
11327,11402
11306,11344
11306,11429
11328,11329
11329,11489
11307,11403
11310,11388
11310,11407
11330,11574
11330,11371
11332,11352
11332,11392
11312,11458
11333,11411
11336,11356
11336,11412
11316,11395
11316,11462
11318,11463
11318,11480
11320,11361
11321,11464
11338,11376
11339,11483
11340,11418
11341,11466
11324,11466
11342,11365
11342,11400
11345,11421
11345,11449
11307,11386
11346,11386
11346,11431
11331,11425
11331,11350
11352,11392
11353,11410
11353,11372
11334,11476
11355,11373
11356,11374
11359,11496
11360,11375
11360,11396
11320,11320
11320,11321
11337,11481
11337,11443
11362,11378
11362,11563
11363,11397
11324,11550
11365,11516
11365,11445
11366,11400
11366,11419
11343,11487
11343,11488
11344,11367
11348,11348
11371,11473
11299,11473
11299,11408
11350,11769
11351,11389
11351,11390
11355,11460
11335,11509
11335,11427
11357,11413
11376,11465
11376,11482
11377,11499
11364,11417
11364,11486
11380,11402
11380,11381
11381,11382
11383,11446
11367,11469
11344,11447
11368,11421
11386,11430
11387,11406
11387,11423
11369,11490
11369,11433
11370,11424
11370,11491
11390,11435
11391,11456
11391,11457
11393,11409
11393,11494
11372,11526
11374,11427
11356,11427
11356,11440
11394,11545
11394,11413
11358,11478
11396,11511
11397,11417
11398,11399
11399,11513
11379,11468
11384,11420
11384,11448
11385,11448
11385,11449
11403,11470
11347,11504
11347,11404
11404,11432
11388,11433
11388,11453
11407,11424
11407,11453
11408,11454
11390,11521
11392,11439
11409,11475
11410,11494
11411,11495
11373,11459
11355,11373
11412,11461
11413,11528
11414,11462
11414,11441
11361,11497
11416,11484
11417,11486
11418,11444
11398,11534
11400,11467
11419,11501
11401,11536
11401,11402
11381,11502
11405,11471
11405,11451
11422,11451
11422,11452
11406,11472
11348,11554
11424,11519
11425,11541
11426,11439
11426,11493
11355,11508
11427,11509
11412,11440
11415,11480
11397,11485
11397,11533
11379,11551
11402,11598
11420,11569
11421,11503
11421,11599
11431,11450
11432,11471
11406,11680
11433,11639
11435,11644
11436,11728
11436,11456
11438,11492
11427,11440
11441,11584
11443,11611
11378,11499
11378,11548
11428,11590
11428,11484
11444,11500
11445,11467
11445,11535
11446,11502
11429,11447
11429,11489
11448,11569
11453,11519
11454,11455
11454,11575
11434,11521
11456,11457
11439,11493
11458,11506
11458,11507
11459,11477
11459,11527
11460,11508
11427,11627
11463,11652
11463,11480
11464,11547
11442,11547
11442,11481
11465,11588
11468,11596
11446,11661
11447,11537
11449,11503
11431,11740
11471,11518
11451,11600
11451,11539
11452,11539
11452,11472
11472,11741
11473,11556
11434,11601
11457,11522
11474,11522
11476,11579
11477,11606
11477,11580
11461,11582
11462,11583
11462,11510
11441,11546
11478,11607
11478,11529
11479,11559
11482,11483
11482,11612
11483,11532
11484,11549
11486,11533
11466,11515
11467,11467
11469,11488
11469,11568
11489,11537
11449,11677
11491,11520
11457,11557
11492,11542
11475,11525
11475,11578
11475,11544
11494,11526
11495,11579
11461,11629
11497,11609
11497,11512
11481,11587
11498,11561
11498,11562
11499,11562
11500,11564
11488,11624
11503,11538
11504,11638
11504,11570
11491,11681
11505,11520
11493,11506
11506,11672
11508,11558
11510,11546
11496,11650
11496,11585
11480,11799
11481,11586
11485,11591
11513,11514
11515,11550
11515,11699
11516,11617
11516,11535
11467,11594
11517,11622
11518,11570
11518,11571
11490,11555
11490,11667
11519,11668
11521,11601
11522,11557
11523,11645
11492,11604
11492,11729
11524,11543
11527,11580
11527,11558
11509,11581
11530,11631
11511,11608
11511,11560
11531,11634
11532,11561
11532,11718
11485,11533
11534,11565
11534,11615
11513,11592
11514,11566
11517,11536
11536,11703
11539,11600
11520,11681
11540,11683
11540,11541
11542,11603
11542,11604
11524,11605
11525,11577
11525,11578
11526,11544
11528,11545
11545,11649
11528,11583
11529,11607
11529,11559
11547,11586
11548,11654
11549,11590
11549,11613
11514,11761
11550,11616
11535,11618
11535,11619
11501,11620
11501,11595
11552,11597
11517,11724
11553,11569
11538,11677
11538,11599
11554,11572
11554,11743
11555,11573
11555,11667
11556,11574
11540,11642
11541,11642
11544,11626
11526,11711
11526,11712
11559,11630
11562,11874
11548,11563
11564,11614
11565,11698
11565,11656
11566,11592
11567,11595
11567,11659
11551,11596
11537,11568
11537,11859
11570,11638
11572,11573
11574,11640
11556,11669
11575,11641
11575,11744
11557,11684
11576,11687
11576,11671
11576,11708
11543,11671
11543,11748
11577,11672
11577,11709
11578,11626
11558,11688
11558,11713
11582,11629
11582,11714
11546,11715
11560,11651
11560,11652
11586,11717
11587,11611
11587,11694
11588,11733
11588,11634
11589,11635
11561,11757
11591,11613
11592,11786
11593,11616
11594,11619
11595,11620
11567,11736
11596,11636
11551,11621
11597,11622
11598,11738
11568,11637
11600,11663
11572,11665
11573,11666
11601,11643
11602,11625
11602,11603
11602,11707
11604,11729
11605,11867
11605,11748
11544,11711
11579,11712
11579,11673
11606,11647
11580,11688
11581,11648
11581,11627
11584,11777
11607,11752
11585,11650
11585,11631
11608,11691
11608,11651
11609,11633
11609,11692
11611,11653
11590,11696
11591,11720
11614,11655
11615,11656
11616,11699
11617,11618
11618,11700
11619,11701
11594,11658
11620,11723
11621,11763
11622,11788
11623,11676
11599,11677
11625,11645
11625,11707
11603,11670
11626,11710
11606,11750
11628,11689
11629,11751
11583,11775
11583,11715
11630,11752
11630,11650
11632,11633
11633,11716
11612,11635
11635,11783
11612,11756
11613,11696
11616,11875
11617,11722
11636,11660
11598,11676
11624,11725
11624,11882
11638,11740
11639,11904
11639,11668
11640,11669
11641,11682
11641,11705
11642,11706
11643,11644
11643,11791
11644,11828
11645,11684
11646,11730
11647,11811
11627,11689
11649,11714
11649,11731
11631,11691
11631,11690
11652,11754
11632,11632
11610,11732
11653,11781
11653,11755
11634,11801
11654,11734
11654,11719
11658,11702
11658,11723
11659,11660
11660,11877
11637,11804
11599,11767
11599,11678
11662,11679
11571,11821
11663,11664
11665,11743
11665,11666
11666,11704
11669,11682
11670,11865
11670,11771
11671,11747
11673,11749
11627,11848
11651,11754
11632,11716
11655,11721
11655,11697
11656,11698
11657,11675
11675,11722
11659,11737
11676,11738
11661,11725
11661,11765
11678,11679
11571,11994
11663,11768
11680,11840
11680,11742
11668,11841
11681,11727
11684,11887
11685,11686
11685,11925
11672,11831
11648,11773
11650,11778
11690,11753
11691,11797
11692,11716
11692,11780
11693,11732
11694,11717
11694,11781
11695,11719
11699,11875
11703,11724
11703,12085
11704,11726
11682,11842
11682,11705
11683,11938
11683,11745
11706,11827
11707,11865
11686,11746
11687,11808
11687,11809
11671,12059
11709,11831
11709,11772
11710,11772
11710,11711
11712,11810
11689,11795
11689,11796
11715,11776
11632,11779
11718,11756
11718,11757
11719,11758
11696,11720
11721,11894
11721,11759
11697,11759
11674,11815
11698,11895
11656,11785
11700,11876
11700,11701
11701,11702
11702,11762
11723,11762
11724,11788
11725,11858
11677,11766
11704,11790
11667,11726
11726,11790
11667,11824
11705,11744
11728,11829
11728,11770
11729,11771
11730,11844
11730,11808
11708,11794
11708,11747
11688,11713
11713,11773
11714,11774
11731,11775
11732,11800
11717,11892
11720,12024
11722,11855
11735,11787
11736,11737
11736,11787
11737,11877
11739,11804
11740,11805
11741,11742
11742,11840
11667,11823
11727,11905
11727,11825
11729,11792
11746,12004
11746,11844
11708,11830
11747,11830
11711,11926
11750,11847
11751,11832
11751,11774
11731,11945
11731,11849
11754,11798
11716,11779
11732,11851
11755,11782
11733,11782
11733,11834
11756,11813
11757,11814
11734,11784
11734,11758
11759,11802
11760,11761
11760,11786
11760,11853
11761,11835
11762,11817
11763,11764
11764,11820
11738,11837
11766,11767
11766,11899
11768,11789
11768,11861
11741,11883
11743,11822
11743,11806
11669,11807
11669,11842
11744,11960
11770,11829
11770,11864
11771,11843
11748,11866
11772,11868
11711,12006
11749,11810
11776,11850
11776,11946
11752,11911
11752,11870
11778,11812
11753,11812
11753,11797
11780,11800
11780,11948
11783,11801
11783,11813
11785,11816
11785,11852
11786,11803
11787,11991
11763,11818
11764,11819
11788,11836
11738,11880
11765,11857
11765,11881
11767,11955
11789,11839
11769,11961
11769,11940
11792,11793
11792,11843
11794,11809
11794,11846
11773,12037
11795,11796
11796,11832
11774,11982
11775,11849
11775,11850
11777,11869
11797,12040
11798,11912
11798,11947
11779,11987
11800,11890
11781,11782
11802,11815
11803,11803
11806,11919
11807,11981
11807,11863
11808,11908
11809,11845
11810,12061
11811,11847
11795,11848
11781,11914
11814,11873
11814,11971
11803,11852
11786,11950
11817,11915
11818,11819
11819,11856
11820,11836
11820,11856
11804,11898
11806,11884
11790,11885
11790,11823
11823,11824
11824,11936
11827,11939
11830,11846
11832,11909
11775,11889
11833,11870
11778,11985
11778,11871
11812,11871
11801,11834
11813,11872
11815,11931
11818,11878
11818,11896
11836,11879
11738,11916
11837,11838
11837,11897
11838,11953
11838,11857
11821,11978
11821,11861
11839,11901
11822,11903
11822,11884
11825,11921
11825,11862
11826,11862
11826,11937
11829,11923
11829,11864
11831,11888
11848,11909
11849,11889
11851,11913
11851,11891
11782,11988
11782,11968
11834,11969
11852,11989
11835,11853
11835,11854
11855,11876
11857,11974
11858,11881
11858,11882
11859,11898
11860,11954
11840,11902
11823,11920
11841,11841
11862,11937
11842,11863
11842,12019
11864,11886
11843,11907
11844,11942
11845,11964
11845,11846
11866,12059
11831,12021
11868,11888
11868,11944
11850,11910
11869,11911
11871,11986
11801,11970
11801,11928
11872,11928
11872,11971
11873,11874
11873,11929
11874,11930
11853,11950
11877,11991
11880,11897
11857,11973
11859,11933
11861,11995
11883,11901
11883,11902
11884,11903
11884,11919
11841,11904
11863,11981
11842,12032
11864,12034
11887,11906
11887,11962
11865,11906
11866,11867
11866,12020
11867,11943
11888,11944
11889,11966
11869,11984
11870,11985
11890,11913
11890,11927
11891,11892
11892,11967
11894,12024
11875,11990
11875,12063
11876,12050
11879,11932
11897,12026
11881,11974
11882,12149
11859,11975
11899,12088
11899,11993
11900,11956
11901,11996
11885,11957
11885,11920
11865,11941
11910,11966
11910,11946
11913,11927
11891,12041
11894,12047
11895,11949
11895,12010
11915,12012
11915,11952
11916,11992
11880,11916
11898,12211
11898,12121
11917,12052
11918,11954
11902,12017
11903,11935
11919,11957
11920,12018
11904,11958
11905,11997
11905,11921
11921,11959
11922,11960
11906,12000
11907,11924
11907,12073
11925,12036
11925,12003
11908,11942
11908,11964
11926,12061
11926,12006
11909,12037
11911,11984
11911,12092
11912,11947
11914,11967
11914,11988
11928,12023
11893,11930
11893,11972
11936,11958
11936,12053
11841,11958
11841,11979
11937,11980
11938,12110
11940,12033
11940,12112
11923,12127
11923,12034
11941,11963
11941,12001
11943,12005
11943,12091
11944,12021
11945,11982
11945,11983
11946,12038
11912,12040
11948,11987
11927,11948
11929,12045
11929,12154
11931,12025
11931,11949
11950,11989
11951,12011
11952,12084
11952,12065
11932,12066
11933,12013
11933,11976
11934,11976
11954,12014
11955,11993
11955,11956
11956,12029
11957,12125
11959,12054
11959,11980
11960,11998
11939,11961
11961,12033
11963,12002
11963,12035
11942,12074
11964,12058
11965,12022
11971,12045
11972,12008
11972,12007
11953,12051
11953,12027
11973,11974
11975,12121
11976,12100
11934,12028
11977,12029
11977,12067
11978,12016
11978,12068
11979,11997
11980,12126
11981,12198
11962,12072
11962,12000
11942,12058
11982,12238
11983,12136
11966,12076
11984,12137
11967,12041
11968,12043
11968,11969
11969,11970
11970,12023
11949,12025
11949,12010
11950,12142
11991,12287
11973,12027
11974,12191
11975,12013
11975,12099
11993,12156
11995,12030
11995,12068
11996,12103
11996,12104
11958,12070
11979,12106
11998,11999
11998,12071
12000,12055
12001,12002
12001,12056
12004,12130
11985,12039
11986,12079
11986,12040
11988,12042
11969,12080
11970,12044
12007,12008
12008,12009
12010,12048
11989,12048
11990,12011
12011,12049
11990,12063
12012,12012
11994,12067
11994,12015
12016,12123
12016,12101
12018,12105
12018,12069
11997,12107
12019,12032
12019,12071
12002,12035
12003,12036
12003,12004
12004,12057
12020,12118
12020,12091
12021,12075
12006,12133
12023,12139
12007,12081
12008,12081
11990,12062
12012,12064
12013,12086
12028,12100
12028,12087
12014,12122
12014,12088
12031,12054
12034,12089
12036,12090
12022,12182
12022,12134
12038,12076
12038,12077
12039,12092
12039,12079
12042,12043
12042,12138
12043,12093
12045,12140
12046,12141
12024,12082
12047,12082
12047,12172
12025,12286
12049,12095
12049,12144
12050,12083
12026,12097
12026,12098
12027,12120
12054,12126
12032,12250
12033,12111
12034,12128
12055,12056
12035,12073
12058,12236
12059,12117
12060,12075
12037,12371
12041,12284
12048,12376
12062,12144
12062,12187
12063,12145
12050,12050
12065,12147
12065,12084
12051,12098
12051,12120
12052,12087
12052,12122
12067,12473
12053,12177
12053,12070
12071,12108
12072,12113
12072,12114
12035,12152
12073,12129
12057,12115
12057,12179
12074,12116
12074,12131
12076,12257
12077,12078
12077,12322
12040,12170
12081,12094
12024,12155
12083,12173
12064,12188
12064,12147
12084,12266
12066,12288
12066,12226
12066,12085
12066,12148
12086,12099
12086,12100
12029,12213
12068,12102
12069,12176
12070,12159
12089,12151
12073,12165
12091,12181
12075,12276
12079,12223
12080,12093
12080,12185
12081,12171
12095,12143
12050,12146
12085,12148
12096,12097
12097,12098
12099,12313
12087,12192
12088,12150
12101,12123
12101,12174
12103,12214
12103,12157
12104,12195
12104,12157
12106,12107
12106,12231
12107,12362
12108,12109
12108,12409
12110,12160
12112,12161
12112,12216
12089,12217
12113,12151
12090,12129
12090,12455
12117,12202
12117,12118
12061,12204
12061,12166
12119,12222
12092,12184
12081,12339
12082,12172
12095,12186
12095,12144
12098,12120
12121,12211
12123,12329
12068,12174
12124,12158
12105,12125
12125,12175
12105,12176
12126,12249
12127,12128
12114,12234
12114,12178
12129,12218
12116,12130
12130,12180
12116,12253
12132,12181
12133,12203
12133,12277
12134,12183
12134,12182
12135,12168
12136,12257
12137,12153
12137,12222
12138,12305
12093,12138
12139,12206
12139,12224
12141,12225
12141,12207
12082,12208
12143,12323
12143,12186
12145,12243
12145,12244
12148,12226
12120,12190
12149,12191
12149,12292
12100,12192
12122,12193
12150,12156
12150,12248
12127,12162
12127,12233
12128,12217
12151,12200
12113,12201
12113,12234
12135,12220
12135,12221
12093,12239
12140,12241
12140,12154
12146,12209
12146,12173
12147,12324
12156,12212
12124,12228
12159,12177
12159,12197
12161,12252
12161,12216
12163,12178
12163,12164
12152,12368
12152,12165
12166,12347
12166,12256
12167,12279
12169,12205
12154,12308
12171,12261
12155,12285
12155,12208
12172,12264
12144,12187
12124,12229
12158,12229
12158,12196
12175,12196
12175,12273
12175,12315
12160,12199
12160,12251
12165,12218
12179,12235
12179,12180
12181,12237
12183,12280
12183,12219
12168,12221
12168,12205
12184,12283
12184,12223
12186,12265
12144,12265
12173,12210
12188,12210
12189,12290
12190,12291
12190,12245
12192,12246
12193,12194
12193,12247
12174,12329
12174,12294
12157,12214
12157,12272
12196,12230
12176,12330
12197,12231
12199,12215
12199,12296
12165,12331
12180,12275
12203,12204
12203,12278
12204,12333
12182,12279
12185,12239
12185,12338
12206,12260
12208,12263
12186,12323
12187,12243
12173,12403
12188,12210
12191,12292
12212,12271
12212,12270
12214,12383
12195,12272
12195,12228
12177,12316
12197,12316
12198,12250
12215,12317
12215,12296
12217,12274
12200,12389
12200,12201
12201,12366
12202,12255
12202,12413
12220,12280
12220,12417
12221,12321
12205,12371
12223,12437
12224,12422
12224,12240
12225,12309
12225,12262
12207,12262
12207,12340
12188,12324
12226,12289
12211,12293
12211,12312
12227,12268
12228,12384
12231,12385
12198,12428
12198,12387
12216,12232
12233,12297
12233,12274
12234,12298
12178,12299
12218,12319
12236,12301
12219,12320
12219,12349
12205,12392
12238,12281
12222,12282
12222,12303
12240,12241
12240,12352
12241,12307
12242,12309
12243,12311
12244,12311
12244,12403
12246,12247
12247,12358
12248,12269
12248,12359
12229,12314
12230,12361
12230,12273
12249,12295
12249,12532
12250,12363
12251,12430
12232,12388
12232,12365
12232,12482
12254,12255
12255,12412
12237,12414
12237,12302
12256,12333
12256,12334
12258,12259
12258,12259
12259,12351
12260,12306
12261,12308
12264,12310
12265,12354
12267,12325
12268,12344
12268,12380
12246,12380
12270,12359
12270,12345
12271,12407
12251,12496
12274,12297
12253,12275
12275,12332
12253,12435
12276,12277
12277,12415
12280,12349
12257,12322
12282,12336
12283,12304
12283,12420
12258,12394
12262,12340
12285,12401
12263,12285
12263,12263
12264,12444
12286,12341
12286,12402
12266,12377
12266,12287
12287,12525
12288,12343
12290,12357
12294,12382
12294,12360
12272,12513
12273,12475
12274,12431
12299,12367
12299,12390
12300,12390
12253,12410
12301,12369
12276,12415
12278,12370
12278,12346
12279,12348
12281,12393
12303,12304
12304,12373
12258,12438
12284,12566
12284,12523
12239,12337
12239,12338
12307,12353
12261,12489
12261,12339
12309,12339
12309,12399
12266,12468
12288,12355
12289,12355
12289,12469
12291,12379
12291,12326
12271,12345
12271,12381
12316,12385
12317,12364
12296,12317
12298,12318
12298,12367
12303,12350
12307,12352
12307,12441
12308,12353
12310,12341
12323,12354
12311,12748
12290,12356
12327,12424
12292,12425
12292,12406
12312,12470
12313,12470
12313,12344
12328,12358
12314,12384
12314,12361
12330,12453
12296,12429
12297,12365
12297,12431
12319,12331
12331,12454
12319,12434
12332,12656
12332,12410
12321,12417
12321,12392
12322,12372
12322,12462
12335,12419
12336,12419
12340,12375
12310,12466
12341,12619
12323,12423
12324,12447
12324,12377
12342,12378
12325,12448
12325,12379
12344,12426
12345,12472
12330,12477
12333,12334
12334,12347
12347,12348
12349,12416
12322,12418
12350,12419
12350,12373
12351,12395
12351,12564
12338,12567
12352,12440
12353,12398
12263,12443
12343,12511
12355,12469
12356,12575
12356,12527
12358,12676
12329,12408
12329,12382
12360,12383
12360,12452
12362,12479
12363,12632
12363,12481
12364,12409
12364,12633
12365,12482
12366,12389
12366,12518
12369,12498
12369,12411
12346,12370
12333,12346
12348,12539
12371,12460
12373,12373
12374,12503
12353,12441
12339,12569
12376,12402
12354,12445
12377,12468
12378,12405
12379,12528
12379,12595
12359,12471
12381,12407
12382,12452
12384,12495
12361,12495
12361,12531
12386,12478
12387,12428
12387,12480
12365,12483
12389,12517
12367,12519
12367,12433
12390,12433
12368,12557
12368,12454
12391,12436
12370,12415
12347,12539
12371,12486
12372,12393
12372,12461
12394,12464
12394,12438
12395,12396
12395,12565
12396,12397
12396,12487
12398,12442
12375,12399
12375,12506
12400,12507
12400,12401
12401,12465
12402,12491
12376,12509
12376,12524
12403,12545
12403,12492
12404,12446
12378,12526
12405,12574
12405,12526
12357,12448
12380,12450
12381,12451
12383,12548
12385,12552
12385,12553
12409,12554
12388,12515
12410,12737
12412,12413
12412,12499
12413,12457
12414,12458
12414,12436
12333,12944
12417,12459
12392,12658
12393,12560
12418,12461
12418,12462
12397,12487
12397,12439
12421,12439
12422,12440
12398,12488
12399,12490
12423,12510
12357,12527
12424,12425
12424,12577
12406,12596
12406,12493
12407,12451
12427,12476
12430,12496
12430,12634
12432,12516
12434,12520
12434,12455
12435,12456
12435,12585
12411,12456
12411,12497
12416,12485
12416,12500
12422,12504
12422,12543
12441,12568
12443,12465
12444,12571
12444,12466
12445,12727
12446,12492
12446,12467
12447,12467
12447,12589
12425,12577
12449,12450
12451,12529
12407,12547
12407,12494
12428,12514
12431,12483
12433,12536
12456,12537
12457,12499
12436,12521
12415,12690
12459,12500
12461,12561
12419,12849
12437,12614
12437,12502
12463,12563
12463,12464
12463,12716
12438,12586
12439,12615
12440,12543
12442,12488
12442,12489
12399,12505
12465,12508
12443,12508
12466,12618
12445,12572
12446,12642
12467,12642
12468,12546
12469,12592
12448,12623
12448,12528
12450,12597
12471,12472
12472,12529
12473,12474
12473,12530
12474,12530
12474,12626
12452,12512
12475,12476
12475,12531
12477,12579
12477,12551
12453,12681
12453,12647
12478,12479
12481,12534
12481,12631
12454,12557
12455,12655
12484,12499
12484,12498
12484,12559
12457,12538
12458,12538
12458,12607
12485,12657
12485,12608
12459,12609
12486,12501
12486,12541
12487,12662
12488,12568
12489,12569
12491,12509
12492,12545
12470,12578
12471,12677
12452,12548
12495,12601
12495,12627
12478,12553
12480,12533
12480,12534
12496,12804
12482,12555
12483,12535
12454,12604
12455,12711
12497,12558
12498,12688
12457,12714
12500,12540
12501,12522
12462,12542
12462,12613
12502,12502
12507,12640
12508,12668
12509,12588
12510,12572
12511,12574
12511,12591
12493,12624
12493,12753
12513,12600
12513,12599
12476,12550
12514,12648
12514,12581
12496,12651
12515,12684
12515,12582
12516,12517
12516,12603
12517,12736
12518,12519
12518,12686
12519,12584
12499,12606
12521,12689
12521,12607
12501,12611
12522,12692
12522,12612
12502,12562
12503,12523
12503,12523
12503,12663
12505,12719
12506,12570
12506,12743
12524,12641
12524,12620
12527,12576
12529,12677
12530,12626
12531,12627
12532,12580
12532,12630
12535,12583
12535,12763
12536,12584
12536,12654
12538,12635
12539,12766
12540,12608
12540,12609
12542,12660
12505,12720
12505,12570
12544,12571
12545,12748
12546,12590
12546,12621
12526,12672
12528,12595
12528,12623
12529,12645
12547,12645
12547,12678
12548,12549
12549,12599
12552,12647
12552,12628
12553,12703
12533,12581
12533,12534
12554,12633
12555,12583
12555,12602
12556,12603
12557,12654
12558,12786
12541,12691
12541,12659
12562,12614
12562,12694
12567,12663
12567,12637
12543,12617
12568,12638
12569,12666
12572,12699
12573,12573
12573,12622
12575,12593
12575,12675
12576,12751
12576,12594
12549,12680
12550,12579
12579,12838
12580,12758
12580,12782
12581,12649
12534,12704
12534,12682
12583,12602
12585,12585
12560,12561
12561,12613
12564,12586
12564,12636
12565,12636
12565,12662
12587,12616
12570,12667
12571,12618
12588,12725
12589,12700
12590,12671
12590,12621
12574,12773
12574,12643
12591,12643
12591,12673
12577,12701
12596,12701
12596,12624
12578,12753
12578,12754
12597,12754
12597,12644
12598,12646
12548,12680
12600,12601
12601,12733
12550,12823
12554,12632
12584,12653
12604,12605
12604,12710
12606,12828
12606,12846
12607,12715
12607,12869
12608,12739
12610,12658
12611,12612
12612,12692
12560,12788
12586,12661
12615,12662
12615,12717
12616,12664
12617,12665
12571,12722
12618,12724
12619,12745
12619,12725
12588,12669
12620,12697
12620,12771
12621,12730
12622,12750
12622,12672
12592,12731
12592,12674
12595,12821
12595,12752
12625,12678
12626,12646
12599,12756
12600,12732
12627,12778
12628,12629
12628,12779
12632,12705
12554,12706
12633,12841
12602,12708
12603,12685
12635,12714
12635,12715
12611,12659
12613,12830
12614,12811
12636,12812
12637,12664
12637,12742
12616,12769
12617,12696
12639,12666
12640,12832
12640,12744
12643,12773
12623,12878
12624,12880
12644,12676
12625,12755
12625,12626
12646,12897
12647,12702
12647,12779
12630,12826
12630,12759
12631,12682
12631,12705
12650,12683
12650,12803
12634,12707
12652,12685
12655,12656
12655,12807
12656,12712
12609,12767
12658,12740
12659,12741
12663,12742
12638,12814
12668,12722
12668,12721
12669,12697
12669,12726
12641,12771
12641,12746
12670,12728
12672,12796
12673,12731
12644,12861
12676,12798
12645,12896
12645,12678
12626,12755
12679,12799
12680,12756
12681,12702
12681,12801
12648,12759
12648,12734
12649,12734
12649,12704
12682,12704
12683,12760
12651,12761
12634,12651
12684,12707
12684,12735
12686,12764
12653,12764
12653,12654
12687,12688
12689,12870
12657,12787
12657,12738
12691,12740
12691,12741
12692,12871
12660,12693
12660,12830
12661,12695
12661,12812
12664,12813
12665,12769
12665,12696
12696,12718
12638,12718
12638,12792
12666,12815
12666,12831
12667,12720
12667,12743
12698,12699
12698,12746
12698,12747
12699,12834
12700,12794
12671,12795
12671,12730
12673,12773
12675,12859
12675,12751
12677,12883
12678,12775
12680,12862
12702,12757
12703,12780
12703,12840
12705,12802
12634,12762
12685,12736
12709,12709
12709,12784
12686,12867
12710,12765
12711,12765
12712,12807
12712,12737
12713,12786
12688,12828
12715,12869
12692,12848
12694,12811
12694,12789
12720,12770
12722,12875
12723,12816
12724,12816
12724,12745
12697,12833
12727,12818
12727,12893
12642,12728
12642,12855
12642,12729
12642,12793
12729,12729
12731,12820
12701,12821
12733,12800
12733,12777
12734,12902
12706,12802
12706,12783
12707,12762
12735,13078
12735,12805
12708,12975
12709,12827
12654,12843
12711,12845
12737,12785
12714,12927
12738,12739
12738,12908
12739,12909
12740,12847
12741,12910
12716,12789
12695,12790
12662,12932
12742,12851
12718,12791
12719,12770
12721,12744
12744,12832
12721,12854
12725,12726
12726,12833
12729,12793
12730,12772
12749,12750
12749,12772
12751,12859
12752,12860
12752,12879
12754,13035
12756,12863
12732,12864
12732,12800
12759,12885
12704,12902
12760,12841
12760,12803
12761,12804
12761,12762
12736,12784
12764,12806
12768,12810
12716,12790
12716,12850
12662,12912
12769,12813
12770,12874
12743,12874
12725,12745
12725,12725
12771,12915
12746,12817
12748,12819
12729,12836
12772,12856
12753,12881
12774,12798
12774,12822
12775,12837
12755,12775
12776,12799
12777,12778
12778,12823
12779,12839
12781,12824
12758,12824
12758,12866
12782,12825
12782,12884
12763,12903
12786,12868
12766,12944
12766,12787
12767,12909
12767,12928
12788,12810
12788,12945
12789,13027
12791,12792
12791,12852
12747,12817
12728,12835
12728,12855
12793,12836
12794,12795
12730,12795
12730,12856
12796,12895
12796,12857
12797,12857
12753,12882
12798,12861
12800,12865
12777,12865
12801,12838
12801,12995
12783,12942
12783,12887
12784,12827
12808,13061
12787,12907
12809,12829
12809,12847
12810,12911
12811,12963
12790,12850
12812,12947
12813,12964
12814,12853
12814,12890
12815,12853
12816,12875
12725,12876
12819,12953
12819,12835
12794,12894
12799,12971
12826,12884
12826,12900
12802,12958
12806,12867
12806,12976
12807,12845
12807,12904
12828,12905
12809,12929
12830,12985
12792,12852
12792,12890
12815,12831
12831,12891
12832,13093
12817,12991
12818,12918
12835,12934
12773,12858
12773,12820
12820,13033
12821,12879
12822,12921
12799,12897
12823,12972
12823,12838
12839,12923
12840,12974
12840,12939
12824,12974
12825,12866
12825,12940
12841,12887
12803,12997
12803,13055
12842,12975
12827,12888
12843,13021
12843,12844
12846,12926
12846,12906
12847,12929
12848,12931
12848,12911
12815,13109
12833,12914
12817,12892
12834,12916
12834,12917
12818,12893
12836,12894
12856,12919
12857,12936
12858,13010
12858,13119
12860,12878
12861,13160
12837,12957
12862,12898
12862,12899
12863,12899
12863,13015
12838,13016
12866,13054
12845,12977
12868,12925
12849,13001
12849,12946
12850,13028
12851,12948
12852,12949
12853,12950
12872,12891
12873,12989
12854,12913
12854,12951
12876,12933
12855,12954
12859,12877
12878,12970
12860,12970
12880,12937
12880,12920
12864,13036
12864,12938
12865,12938
12884,12940
12885,12901
12885,12902
12886,13017
12867,12888
12869,12979
12870,13000
12889,12943
12871,12930
12871,12931
12851,13029
12891,13049
12874,13005
12875,12951
12892,12965
12893,12967
12894,12968
12859,12969
12879,13011
12881,12882
12882,13035
12883,12921
12883,12956
12898,12922
12899,13014
12900,12901
12900,12941
12885,12996
12887,12997
12887,12942
12867,13020
12906,12927
12907,12908
12907,13042
12908,13025
12909,12981
12909,12961
12910,12930
12910,12962
12912,12986
12912,12987
12890,12949
12890,12950
12914,12933
12914,12915
12892,12952
12916,12965
12916,12966
12919,12955
12881,12920
12920,13034
12881,13124
12921,13053
12896,12956
12896,12957
12897,12994
12922,12922
12898,13013
12923,13037
12923,12973
12901,12941
12903,12998
12903,12924
12888,13060
12888,13019
12904,12977
12925,12960
12905,12926
12926,12978
12906,13024
12911,12984
12915,12990
12917,12966
12917,12918
12918,12967
12934,12935
12936,13010
12922,13013
12938,13036
12939,12973
12939,13100
12940,13102
12903,13058
12905,13023
12905,13039
12927,13040
12943,13000
12944,12980
12928,12961
12928,12982
12929,12982
12929,13044
12930,13045
12931,13045
12945,12984
12945,13046
12946,12963
12946,13026
12932,12987
12932,12988
12949,13030
12950,13092
12951,13007
12933,13008
12933,13009
12954,12968
12954,13116
12955,13068
12941,13072
12902,12996
12902,13074
12942,12958
12959,13103
12960,13022
12960,13023
12943,13130
12961,13084
12962,12983
12963,13064
12947,13047
12947,13108
12948,13090
12948,13004
12951,13006
12952,12952
12952,12965
12953,13197
12934,12953
12934,13032
12968,13173
12970,13120
12956,13095
12957,13012
12957,13096
12971,13097
12974,13038
12958,13165
12975,13056
12975,13057
12976,13020
12976,13021
12977,13128
12978,13039
12978,13024
12979,13083
12979,13207
12980,13281
12980,13041
12981,13043
12982,13208
12983,13044
12962,12983
12962,13167
12984,13085
12987,13089
12988,13003
12988,13134
12964,13029
12964,13065
12990,12991
12965,13110
12966,13067
12967,13113
12992,13032
12969,13274
12969,13290
12993,13034
12971,12994
12994,13070
12971,13070
12995,13016
12973,13037
12973,13164
12997,13077
12998,13057
12999,13022
13000,13263
12981,13131
12985,13062
12985,13148
12986,13152
12986,13089
13003,13191
12989,13005
13005,13137
13006,13031
13006,13192
13007,13051
13008,13009
13009,13155
12990,13140
12991,13140
12991,13193
13010,13052
13011,13122
13011,13121
13013,13014
13014,13015
13016,13099
12995,13037
12996,13073
13017,13075
13017,13076
13018,13055
12998,13079
13021,13104
13022,13234
13023,13206
13024,13082
13025,13042
13025,13043
13001,13063
13001,13026
13027,13087
13027,13133
13003,13134
13030,13048
13030,13091
12989,13050
13008,13094
13033,13033
13034,13158
13012,13096
13015,13098
12995,13071
13038,13100
13038,13101
13019,13145
13019,13080
13020,13081
13020,13104
13039,13105
13040,13083
13040,13129
13043,13131
13045,13146
13046,13062
13046,13147
13026,13150
13002,13064
13028,13087
13028,13088
13047,13088
13047,13108
13029,13065
13048,13048
13049,13050
13049,13154
12989,13213
13052,13118
13052,13219
13012,13095
13012,13181
13013,13161
13036,13098
13036,13310
13055,13261
13056,13078
13058,13079
13058,13059
13059,13060
13060,13145
13061,13246
13061,13233
13042,13235
13044,13282
13063,13086
13064,13151
13065,13135
13050,13136
13066,13138
13031,13171
13067,13111
13067,13112
13032,13115
13032,13116
13068,13199
13068,13117
13033,13221
13035,13124
13035,13069
13053,13160
13053,13242
13054,13101
13054,13142
13072,13073
13075,13125
13075,13126
13076,13126
13076,13204
13077,13166
13077,13186
13056,13127
13057,13127
13057,13144
13079,13144
13059,13461
13080,13081
13080,13081
13062,13147
13062,13358
13063,13149
13087,13133
13088,13266
13089,13211
13092,13169
13092,13109
13066,13093
13093,13381
13051,13214
13051,13139
13094,13139
13094,13155
13070,13182
13070,13097
13071,13185
13071,13163
13037,13163
13037,13164
13100,13141
13102,13142
13102,13143
13072,13143
13073,13259
13074,13228
13074,13125
13078,13188
13105,13280
13082,13105
13082,13129
13083,13129
13084,13131
13084,13247
13085,13132
13085,13209
13106,13148
13107,13133
13087,13338
13048,13135
13048,13153
13091,13153
13091,13169
13110,13111
13112,13157
13112,13196
13114,13217
13117,13174
13117,13175
13118,13119
13118,13219
13119,13176
13120,13325
13122,13178
13122,13179
13123,13159
13095,13180
13097,13183
13097,13421
13098,13162
13099,13293
13099,13185
13101,13244
13125,13228
13126,13315
13103,13262
13103,13187
13078,13205
13104,13232
13108,13152
13135,13168
13109,13239
13137,13213
13137,13303
13138,13171
13140,13252
13113,13216
13113,13172
13116,13218
13116,13173
13120,13306
13120,13307
13121,13178
13124,13255
13096,13181
13096,13226
13141,13243
13145,13279
13131,13235
13131,13236
13146,13167
13146,13189
13147,13335
13149,13190
13149,13249
13150,13249
13150,13151
13151,13495
13108,13267
13152,13250
13134,13211
13153,13251
13154,13170
13154,13240
13139,13214
13139,13215
13156,13194
13157,13216
13157,13196
13121,13223
13121,13291
13158,13224
13158,13200
13161,13202
13161,13327
13163,13277
13141,13203
13142,13313
13143,13278
13143,13257
13165,13229
13165,13204
13166,13230
13144,13318
13167,13189
13148,13446
13148,13210
13168,13269
13168,13251
13169,13238
13171,13341
13155,13215
13172,13287
13174,13175
13175,13288
13176,13254
13176,13220
13177,13273
13178,13241
13159,13200
13159,13255
13160,13389
13160,13276
13180,13242
13180,13181
13182,13391
13183,13202
13184,13227
13162,13227
13162,13310
13164,13295
13166,13231
13186,13231
13186,13261
13187,13188
13188,13317
13127,13205
13127,13245
13189,13265
13190,13210
13190,13336
13191,13212
13169,13430
13170,13239
13170,13240
13194,13195
13196,13415
13172,13286
13197,13272
13173,13218
13198,13253
13174,13253
13179,13241
13179,13224
13179,13326
13201,13275
13183,13346
13185,13294
13185,13277
13203,13243
13203,13256
13187,13297
13205,13317
13206,13234
13206,13280
13211,13285
13191,13301
13214,13382
13193,13252
13193,13194
13197,13217
13197,13304
13199,13288
13199,13344
13220,13254
13220,13323
13222,13274
13224,13326
13200,13386
13200,13387
13225,13275
13181,13510
13226,13309
13202,13292
13227,13347
13204,13316
13229,13260
13231,13296
13233,13246
13234,13354
13207,13375
13207,13355
13235,13264
13236,13247
13236,13264
13208,13300
13208,13282
13210,13447
13211,13301
13191,13394
13237,13269
13240,13271
13213,13303
13216,13383
13218,13272
13219,13289
13241,13308
13228,13349
13229,13328
13230,13260
13230,13296
13247,13356
13248,13376
13250,13268
13250,13284
13239,13320
13252,13321
13217,13322
13217,13342
13253,13364
13254,13289
13255,13366
13242,13276
13244,13256
13244,13313
13257,13258
13258,13259
13259,13349
13260,13403
13262,13330
13262,13297
13233,13569
13233,13298
13246,13298
13263,13355
13263,13331
13264,13482
13265,13283
13249,13336
13249,13337
13266,13267
13266,13360
13267,13339
13268,13285
13251,13270
13251,13302
13272,13305
13273,13323
13273,13324
13276,13390
13277,13311
13243,13295
13243,13312
13256,13312
13278,13314
13257,13436
13279,13351
13279,13405
13280,13439
13281,13407
13265,13357
13284,13339
13284,13319
13268,13319
13285,13378
13269,13395
13251,13395
13271,13320
13271,13362
13286,13287
13287,13322
13288,13344
13274,13433
13291,13307
13291,13345
13255,13387
13242,13242
13242,13523
13293,13489
13277,13368
13278,13348
13261,13372
13297,13393
13299,13333
13300,13356
13282,13334
13283,13444
13283,13357
13302,13361
13303,13363
13303,13451
13286,13383
13304,13305
13304,13342
13289,13323
13290,13600
13290,13325
13306,13417
13306,13365
13275,13388
13275,13434
13292,13346
13292,13367
13310,13398
13311,13368
13311,13541
13295,13369
13312,13400
13314,13370
13314,13348
13315,13371
13296,13459
13296,13350
13261,13404
13318,13568
13318,13425
13299,13465
13300,13443
13301,13379
13302,13450
13322,13473
13305,13675
13288,13416
13324,13432
13324,13506
13325,13417
13307,13385
13308,13345
13308,13456
13309,13458
13327,13367
13327,13347
13313,13423
13315,13392
13315,13490
13316,13371
13316,13328
13328,13403
13329,13350
13330,13373
13330,13374
13317,13393
13298,13352
13331,13332
13331,13464
13333,13442
13334,13515
13337,13359
13338,13429
13338,13377
13319,13378
13340,13381
13341,13382
13341,13396
13321,13453
13321,13501
13342,13473
13343,13364
13345,13418
13326,13386
13349,13392
13351,13461
13351,13405
13298,13463
13352,13353
13353,13354
13354,13547
13355,13464
13356,13494
13334,13466
13357,13483
13336,13428
13360,13377
13360,13516
13339,13409
13361,13411
13320,13486
13320,13362
13362,13499
13363,13413
13364,13474
13344,13750
13365,13385
13365,13455
13366,13508
13366,13388
13346,13422
13367,13422
13347,13398
13369,13526
13369,13400
13348,13401
13371,13402
13350,13437
13372,13373
13373,13424
13352,13438
13353,13426
13375,13481
13376,13444
13376,13408
13358,13572
13358,13446
13377,13496
13380,13430
13383,13472
13384,13416
13385,13476
13386,13457
13391,13420
13391,13435
13347,13512
13368,13399
13370,13423
13370,13401
13392,13514
13372,13529
13374,13424
13374,13460
13393,13460
13375,13441
13379,13467
13379,13394
13381,13557
13382,13396
13397,13431
13387,13457
13388,13509
13389,13434
13389,13390
13390,13523
13400,13479
13402,13490
13402,13565
13403,13459
13405,13462
13406,13441
13407,13442
13408,13445
13378,13409
13409,13449
13378,13553
13410,13467
13394,13497
13395,13616
13395,13450
13411,13412
13413,13469
13381,13471
13414,13414
13396,13414
13415,13454
13415,13558
13417,13455
13387,13562
13387,13508
13419,13478
13419,13420
13420,13525
13421,13435
13421,13422
13398,13621
13423,13527
13401,13527
13426,13438
13426,13586
13427,13440
13411,13498
13430,13468
13413,13470
13414,13452
13416,13431
13433,13475
13417,13600
13418,13522
13418,13456
13436,13528
13436,13609
13424,13529
13425,13650
13425,13568
13438,13480
13439,13440
13440,13493
13442,13549
13446,13447
13428,13484
13428,13531
13448,13532
13429,13496
13451,13487
13451,13556
13452,13471
13396,13535
13453,13519
13453,13581
13454,13472
13454,13520
13416,13505
13432,13506
13432,13475
13433,13600
13456,13561
13457,13619
13434,13509
13458,13478
13458,13584
13419,13605
13419,13525
13437,13491
13460,13544
13462,13610
13439,13492
13466,13552
13466,13515
13444,13571
13445,13625
13446,13573
13447,13484
13449,13485
13449,13629
13450,13554
13469,13499
13469,13534
13470,13487
13470,13500
13452,13471
13472,13502
13473,13504
13431,13521
13431,13537
13455,13507
13476,13507
13476,13660
13434,13603
13477,13524
13421,13511
13479,13526
13479,13684
13437,13459
13437,13566
13461,13713
13463,13546
13463,13480
13441,13481
13464,13668
13483,13591
13483,13571
13447,13763
13429,13495
13429,13576
13485,13516
13449,13577
13467,13578
13450,13616
13468,13518
13468,13579
13486,13632
13486,13655
13471,13557
13452,13580
13488,13502
13488,13503
13474,13536
13474,13521
13478,13539
13490,13543
13491,13567
13480,13690
13481,13548
13441,13623
13482,13588
13482,13550
13494,13551
13494,13613
13484,13531
13496,13576
13485,13577
13467,13592
13497,13517
13498,13593
13498,13554
13499,13633
13500,13534
13487,13500
13503,13504
13503,13659
13504,13559
13508,13562
13508,13602
13509,13603
13510,13523
13510,13538
13478,13604
13511,13620
13511,13707
13512,13683
13512,13540
13513,13563
13489,13606
13489,13607
13514,13609
13514,13542
13459,13566
13491,13711
13493,13570
13495,13626
13497,13592
13518,13593
13487,13556
13501,13581
13501,13638
13502,13520
13521,13537
13505,13582
13505,13560
13506,13583
13507,13601
13522,13678
13522,13561
13527,13564
13528,13564
13528,13649
13530,13589
13515,13590
13531,13574
13532,13574
13532,13575
13533,13575
13516,13729
13516,13628
13518,13579
13534,13595
13520,13558
13536,13536
13537,13582
13524,13538
13524,13584
13525,13605
13526,13541
13541,13608
13543,13685
13543,13565
13529,13567
13545,13545
13545,13612
13546,13569
13550,13551
13553,13629
13553,13578
13554,13631
13555,13617
13557,13596
13535,13580
13535,13701
13558,13618
13502,13640
13559,13641
13559,13733
13536,13599
13562,13619
13538,13892
13525,13680
13563,13585
13563,13736
13526,13608
13564,13710
13542,13752
13542,13685
13565,13740
13566,13753
13567,13686
13529,13687
13544,13664
13544,13665
13545,13611
13546,13651
13547,13587
13547,13758
13548,13570
13548,13623
13549,13691
13552,13669
13552,13653
13571,13762
13572,13859
13572,13763
13574,13695
13576,13614
13577,13615
13578,13781
13579,13617
13580,13700
13582,13810
13583,13643
13561,13661
13562,13644
13523,13770
13584,13604
13568,13688
13569,13651
13586,13587
13586,13714
13587,13715
13570,13667
13549,13588
13549,13692
13551,13613
13590,13591
13591,13670
13575,13695
13594,13655
13556,13634
13596,13699
13535,13657
13581,13637
13581,13888
13597,13598
13597,13638
13597,13639
13598,13658
13598,13639
13502,13766
13599,13642
13600,13868
13601,13677
13602,13644
13602,13679
13603,13662
13604,13720
13605,13720
13585,13646
13585,13647
13606,13607
13607,13663
13608,13792
13609,13649
13610,13726
13612,13666
13612,13756
13588,13693
13551,13551
13589,13613
13589,13652
13590,13653
13593,13654
13595,13633
13595,13634
13596,13596
13618,13658
13621,13645
13621,13736
13606,13647
13622,13648
13611,13726
13611,13666
13623,13744
13624,13625
13625,13694
13626,13728
13626,13671
13614,13671
13614,13696
13627,13696
13615,13628
13628,13729
13615,13629
13616,13911
13630,13631
13617,13805
13634,13672
13596,13698
13635,13636
13636,13637
13638,13673
13639,13673
13618,13732
13640,13659
13643,13706
13619,13845
13620,13681
13620,13682
13645,13708
13645,13773
13647,13894
13622,13737
13622,13709
13649,13739
13650,13688
13650,13742
13610,13725
13651,13689
13613,13760
13652,13669
13629,13781
13631,13654
13654,13782
13632,13805
13632,13655
13655,13697
13656,13697
13633,13783
13657,13747
13635,13701
13635,13765
13636,13702
13637,13828
13637,13730
13659,13703
13642,13705
13660,13717
13660,13718
13661,13734
13661,13830
13644,13719
13648,13663
13648,13791
13664,13724
13664,13819
13666,13756
13551,13716
13652,13745
13653,13801
13653,13670
13670,13761
13673,13748
13658,13731
13674,13733
13675,13704
13675,13749
13676,13769
13677,13717
13680,13681
13680,13813
13681,13771
13683,13735
13683,13708
13663,13814
13684,13738
13684,13721
13687,13754
13687,13724
13665,13776
13665,13741
13688,13755
13689,13690
13689,13997
13690,13798
13667,13799
13667,13744
13668,13759
13668,13823
13691,13691
13691,13692
13692,13800
13669,13745
13694,13826
13694,13858
13695,13880
13671,13746
13629,13959
13631,13782
13655,13884
13697,13783
13698,13699
13699,13700
13700,13784
13703,13788
13703,13789
13706,13769
13706,13829
13678,13718
13678,13734
13679,13719
13679,13812
13685,13752
13686,13711
13711,13793
13686,13754
13712,13755
13713,13796
13713,13743
13714,13757
13714,13715
13693,13779
13693,13780
13716,13760
13716,13836
13696,13729
13702,13765
13702,13785
13704,13749
13704,13809
13705,13767
13718,13890
13720,13847
13707,13772
13707,13751
13708,13790
13709,13737
13709,13896
13710,13722
13710,13775
13723,13740
13724,13818
13725,13777
13725,13835
13726,13778
13715,13758
13727,13907
13699,13764
13701,13807
13701,13886
13732,13842
13732,13786
13717,14052
13719,13845
13736,13850
13738,13774
13740,13937
13742,13794
13742,13820
13743,13855
13715,13856
13744,13821
13728,13880
13728,13803
13698,13806
13698,13764
13747,13747
13731,13748
13748,13841
13731,13842
13733,13789
13749,13866
13705,13809
13750,13811
13734,13890
13735,13751
13735,13831
13737,13791
13738,13833
13739,13775
13739,13817
13753,13834
13753,13793
13754,13875
13741,13900
13741,13794
13755,13795
13743,13796
13756,13797
13758,13857
13759,13877
13759,13823
13745,13825
13761,13762
13761,13801
13762,13975
13763,13802
13746,13803
13746,13838
13729,14004
13747,13784
13765,13864
13766,13787
13766,13808
13733,13844
13733,13866
13767,13930
13768,13810
13750,13867
13770,13987
13770,13870
13751,13772
13774,13853
13774,13833
13775,13920
13776,13819
13776,13900
13778,13797
13778,13939
13757,13798
13757,13856
13779,13800
13779,13824
13760,13825
13781,13910
13782,13881
13783,13861
13764,13839
13747,13807
13765,13928
13786,13787
13787,13865
13788,13808
13788,13843
13769,13829
13771,14013
13771,13772
13773,13790
13773,13849
13791,13895
13737,13872
13792,13919
13792,13815
13752,13817
13752,13897
13793,13854
13794,13901
13796,13903
13777,13876
13777,13835
13797,13921
13798,14025
13780,13824
13780,13836
13802,13837
13804,13976
13782,13860
13805,13883
13783,13884
13806,13927
13806,13862
13764,13862
13784,13839
13784,13885
13807,13863
13785,13864
13785,13840
13786,13865
13789,13843
13809,13983
13810,13913
13811,13867
13811,13985
13769,13962
13812,13891
13813,13848
13813,13934
13790,13831
13790,13914
13814,13832
13814,13871
13815,13851
13816,13853
13817,13873
13820,13902
13820,13901
13795,13902
13795,13995
13799,13857
13799,13955
13822,13906
13823,13907
13801,13957
13803,13909
13827,13925
13805,13884
13747,13885
13808,13865
13830,13869
13812,13965
13831,13990
13832,13832
13818,13875
13818,14020
13819,14021
13821,13904
13821,13905
13800,14027
13800,13878
13824,13878
13836,13956
13825,14000
13826,13879
13826,13908
13837,13859
13802,13837
13803,13923
13838,14003
13838,13958
13839,13941
13828,13840
13840,13887
13842,14066
13843,13889
13844,13889
13844,13929
13829,13963
13845,13947
13846,13932
13847,13848
13848,13934
13832,13948
13815,13851
13851,13852
13853,13969
13853,13970
13834,14018
13834,13899
13854,13899
13854,13874
13835,13954
13856,14025
13857,13922
13858,13908
13858,13859
13860,13926
13860,13882
13862,13927
13864,13979
13864,13887
13828,13888
13866,13960
13867,14069
13829,13962
13868,13963
13868,14038
13869,13890
13847,13933
13849,13914
13849,13915
13850,13915
13850,13893
13815,13936
13873,13951
13873,13897
13874,13953
13855,13903
13855,13876
13876,13972
13877,13940
13877,13999
13878,13956
13880,14110
13881,13925
13881,13926
13882,13883
13882,14007
13883,14007
13887,14033
13828,13943
13889,13929
13869,14039
13870,14012
13870,13892
13893,13916
13894,13916
13894,13948
13871,13968
13871,13917
13872,13895
13872,13950
13896,13950
13896,13919
13833,14041
13833,13991
13898,14017
13899,14018
13875,13971
13901,14022
13903,13996
13835,13973
13905,13906
13905,14045
13907,14107
13909,14110
13909,13923
13885,13941
13885,13942
13912,13942
13886,14008
13886,13928
13888,13944
13865,14086
13890,14053
13891,13965
13891,13931
13892,14071
13893,14014
13916,13967
13917,13918
13917,13949
13895,13918
13918,13949
13897,14043
13900,13993
13902,14022
13902,13994
13922,14044
13922,13974
13906,13940
13908,14142
13910,14030
13910,14031
13924,13924
13911,14005
13925,13977
13929,13981
13913,13961
13892,14040
13892,14156
13932,13988
13933,13989
13933,14096
13935,13990
13914,14056
13915,13966
13895,13949
13895,14073
13919,14015
13920,13992
13920,13951
13937,14017
13938,13993
13939,13954
13921,13939
13921,14024
13906,14045
13940,14105
13924,13976
13926,14006
13927,14146
13941,14113
13942,13978
13928,14032
13943,14033
13943,14084
13944,14084
13944,13945
13929,13980
13930,13983
13930,14009
13946,13986
13946,14010
13932,14055
13932,13989
13934,14123
13948,13967
13949,14057
13937,13952
13937,14101
13954,14023
13955,13974
13955,14162
13958,14143
13958,14003
13944,14116
13960,13982
13960,14089
13961,14036
13961,14037
13963,14093
13963,14134
13964,14039
13947,14120
13947,14011
13931,14054
13966,14099
13966,14137
13967,14014
13969,13991
13969,14042
13970,13992
13970,14042
13952,14016
13952,14127
13953,13971
13971,14019
13972,13973
13972,14104
13973,14023
13956,14047
13957,14001
13957,14108
13975,14109
13975,14061
13959,14048
13959,14030
13976,14031
13978,14008
13979,14115
13980,14050
13981,13982
13913,14051
13984,14068
13985,14010
13985,14153
13962,13986
13948,14158
13948,13968
13968,14057
13991,14041
13951,14100
13951,14352
13995,13996
13996,14129
13998,14059
13974,14044
14000,14028
14001,14028
14001,14060
14002,14078
14003,14080
14004,14029
14004,14063
13977,14049
13977,14006
14006,14064
13979,14032
13981,14117
13982,14151
13983,14067
14009,14035
14009,14067
14010,14153
14010,14195
13986,14092
13962,14092
13962,14093
13965,14011
14011,14121
13987,14095
13987,14012
13988,14040
13988,14055
13989,14096
13990,14072
14014,14137
13950,14073
13950,14015
13992,14100
14016,14043
14016,14074
14017,14128
14018,14102
14019,14020
14019,14138
14020,14139
14021,14139
14021,14058
13993,14058
13994,14022
13994,14140
13995,14140
13997,14075
13997,14076
14026,14044
13999,14141
13999,14106
14000,14178
14030,14131
14005,14049
14007,14064
14008,14114
14033,14189
14034,14085
14035,14036
14035,14067
14036,14132
13913,14037
14038,14135
14039,14252
13965,14214
14012,14155
14040,14122
14014,14172
14015,14174
14042,14175
14043,14074
13953,14102
13953,14138
13993,14239
14022,14103
14023,14104
14025,14160
14025,14161
14045,14077
14046,14225
14046,14164
14028,14060
14029,14081
14029,14048
14031,14340
14049,14064
14032,14083
14050,14150
14037,14192
14051,14118
14038,14197
14052,14094
14052,14053
14053,14119
13965,14121
14056,14124
14056,14097
14057,14173
14041,14125
14059,14076
14059,14160
14044,14201
14046,14241
14028,14334
14061,14180
14061,14259
14062,14181
14063,14080
14048,14131
14065,14113
14067,14067
14051,14133
14054,14232
14054,14273
14070,14215
14055,14171
14073,14295
14074,14126
14058,14238
14060,14179
14079,14184
14080,14130
14063,14111
14063,14144
14081,14111
14081,14145
14082,14146
14083,14114
14084,14147
14085,14148
14066,14085
14066,14086
14086,14207
14087,14087
14087,14088
14088,14149
14089,14151
14089,14321
14090,14133
14068,14118
14068,14091
14069,14091
14069,14194
14092,14093
14094,14170
14095,14095
14071,14155
14071,14156
14096,14123
14072,14565
14072,14124
14097,14098
14097,14136
14098,14099
14098,14136
14102,14237
14104,14223
14104,14314
14076,14224
14105,14389
14105,14141
14106,14177
14106,14107
14108,14180
14109,14226
14078,14204
14078,14183
14110,14261
14111,14145
14064,14165
14112,14112
14113,14146
14084,14166
14116,14148
14116,14147
14066,14229
14091,14193
14069,14193
14119,14291
14120,14154
14120,14213
14096,14311
14124,14294
14099,14157
14100,14175
14074,14352
14126,14127
14101,14127
14101,14128
14128,14385
14103,14221
14103,14279
14129,14223
14129,14255
14076,14159
14107,14163
14109,14202
14130,14144
14130,14205
14131,14287
14112,14303
14112,14186
14114,14263
14083,14114
14083,14115
14067,14168
14132,14192
14133,14169
14118,14169
14091,14118
14092,14195
14134,14250
14134,14196
14135,14210
14135,14211
14094,14251
14094,14271
14119,14271
14121,14213
14121,14231
14122,14198
14122,14171
14123,14199
14136,14157
14139,14278
14140,14222
14145,14228
14146,14441
14115,14305
14147,14190
14150,14246
14150,14247
14151,14346
14152,14168
14132,14191
14153,14194
14095,14216
14156,14198
14123,14218
14157,14276
14137,14172
14126,14313
14138,14237
14159,14281
14159,14200
14160,14200
14161,14387
14161,14257
14162,14201
14162,14176
14141,14177
14142,14203
14142,14282
14144,14205
14166,14264
14166,14265
14148,14243
14149,14244
14167,14245
14169,14208
14092,14209
14155,14217
14155,14233
14171,14234
14172,14254
14158,14254
14158,14219
14173,14219
14173,14312
14174,14220
14174,14277
14175,14236
14163,14300
14163,14225
14164,14258
14164,14356
14181,14226
14181,14203
14182,14283
14183,14260
14183,14242
14184,14242
14184,14227
14185,14262
14186,14303
14188,14189
14168,14268
14191,14269
14191,14230
14192,14230
14193,14270
14196,14197
14197,14210
14170,14251
14198,14233
14199,14218
14199,14235
14175,14296
14201,14388
14177,14300
14179,14335
14179,14370
14203,14282
14204,14392
14204,14260
14205,14302
14206,14319
14186,14304
14187,14263
14190,14265
14190,14266
14208,14230
14208,14322
14194,14248
14194,14289
14195,14209
14092,14249
14196,14250
14211,14212
14170,14212
14170,14308
14213,14231
14214,14293
14214,14253
14215,14273
14215,14274
14219,14312
14220,14329
14220,14277
14224,14316
14200,14299
14202,14259
14202,14301
14226,14336
14228,14338
14228,14287
14189,14305
14189,14264
14229,14243
14229,14320
14195,14423
14210,14349
14211,14349
14212,14325
14170,14325
14216,14274
14216,14382
14233,14363
14234,14275
14218,14469
14236,14296
14236,14365
14237,14278
14238,14239
14238,14366
14239,14366
14223,14280
14224,14281
14240,14257
14225,14317
14241,14317
14241,14258
14242,14285
14227,14285
14227,14261
14244,14245
14245,14246
14246,14288
14247,14288
14247,14346
14248,14323
14248,14289
14249,14307
14250,14348
14213,14309
14213,14350
14231,14326
14232,14253
14232,14351
14256,14315
14258,14355
14260,14414
14261,14371
14262,14318
14262,14456
14263,14373
14264,14483
14266,14267
14266,14306
14243,14444
14244,14320
14268,14269
14268,14321
14230,14269
14251,14308
14271,14465
14252,14292
14252,14427
14272,14380
14253,14293
14253,14448
14273,14351
14276,14327
14276,14487
14254,14409
14277,14472
14278,14330
14279,14386
14279,14353
14255,14386
14255,14297
14257,14387
14259,14357
14259,14301
14284,14337
14286,14393
14287,14339
14265,14306
14270,14347
14270,14323
14289,14541
14290,14324
14251,14406
14293,14326
14274,14362
14275,14383
14275,14310
14294,14471
14294,14327
14296,14364
14297,14298
14280,14298
14281,14331
14299,14331
14299,14453
14301,14336
14282,14435
14283,14436
14283,14337
14285,14477
14302,14338
14302,14438
14303,14343
14304,14395
14265,14344
14306,14399
14288,14345
14288,14376
14269,14422
14308,14361
14310,14311
14310,14646
14311,14469
14295,14410
14295,14329
14313,14473
14313,14450
14280,14431
14280,14492
14314,14315
14314,14367
14316,14354
14317,14495
14318,14440
14319,14342
14305,14397
14305,14374
14244,14420
14322,14377
14322,14359
14323,14347
14307,14360
14307,14324
14326,14350
14312,14703
14312,14328
14315,14413
14315,14617
14332,14388
14300,14389
14333,14498
14334,14335
14335,14370
14338,14439
14339,14358
14340,14372
14340,14341
14342,14343
14342,14418
14303,14395
14344,14398
14320,14445
14244,14345
14345,14375
14346,14376
14321,14400
14321,14422
14347,14402
14324,14404
14349,14405
14350,14380
14327,14471
14329,14384
14330,14412
14330,14451
14331,14354
14354,14452
14355,14496
14334,14391
14336,14434
14337,14436
14337,14475
14339,14515
14358,14358
14340,14455
14319,14479
14319,14480
14343,14419
14244,14446
14359,14401
14359,14377
14360,14424
14360,14403
14348,14463
14348,14405
14325,14378
14351,14381
14363,14468
14363,14408
14364,14488
14364,14365
14352,14449
14352,14450
14367,14413
14367,14494
14331,14453
14368,14454
14355,14390
14356,14390
14356,14590
14369,14391
14369,14513
14371,14415
14371,14477
14373,14396
14374,14397
14344,14483
14376,14447
14377,14508
14361,14425
14379,14379
14379,14466
14381,14428
14362,14428
14362,14382
14382,14467
14384,14429
14365,14489
14366,14430
14387,14586
14388,14530
14355,14432
14390,14432
14370,14555
14392,14500
14393,14478
14393,14438
14358,14640
14372,14416
14372,14455
14394,14501
14395,14482
14396,14441
14396,14503
14373,14504
14397,14443
14398,14399
14401,14402
14402,14603
14404,14463
14404,14462
14325,14510
14361,14378
14406,14425
14406,14465
14407,14426
14380,14485
14381,14548
14352,14549
14385,14567
14385,14526
14411,14490
14412,14490
14412,14451
14386,14527
14413,14494
14391,14591
14392,14514
14415,14437
14415,14535
14417,14518
14419,14481
14419,14482
14399,14444
14400,14421
14400,14540
14377,14459
14401,14459
14423,14460
14423,14461
14424,14461
14424,14542
14405,14509
14325,14464
14378,14464
14361,14464
14408,14725
14410,14755
14410,14566
14385,14685
14430,14491
14430,14614
14431,14569
14431,14493
14389,14587
14432,14497
14433,14670
14435,14593
14435,14499
14414,14476
14414,14532
14437,14478
14418,14559
14418,14481
14395,14502
14441,14560
14442,14443
14443,14601
14445,14505
14445,14506
14422,14484
14426,14522
14427,14547
14427,14466
14428,14607
14429,14472
14429,14647
14450,14550
14451,14551
14454,14530
14436,14499
14436,14556
14437,14535
14438,14837
14440,14516
14456,14595
14456,14517
14457,14519
14444,14505
14458,14506
14420,14458
14420,14658
14447,14579
14447,14539
14460,14580
14460,14461
14463,14543
14465,14545
14466,14523
14448,14486
14448,14524
14468,14511
14468,14583
14469,14563
14470,14525
14471,14791
14472,14631
14452,14474
14452,14529
14453,14529
14475,14500
14477,14534
14478,14574
14455,14558
14440,14620
14479,14576
14479,14537
14480,14675
14480,14559
14481,14642
14482,14577
14444,14745
14458,14561
14459,14602
14485,14523
14467,14607
14467,14511
14470,14564
14470,14565
14489,14585
14489,14632
14473,14612
14473,14567
14490,14526
14491,14568
14491,14552
14492,14636
14492,14569
14493,14512
14494,14616
14495,14589
14495,14496
14496,14553
14498,14619
14475,14556
14500,14557
14455,14536
14501,14518
14501,14808
14502,14598
14502,14676
14503,14560
14504,14622
14504,14538
14483,14519
14505,14698
14484,14540
14484,14507
14507,14507
14510,14562
14510,14544
14485,14582
14511,14608
14488,14611
14488,14584
14497,14553
14497,14554
14499,14593
14514,14557
14514,14786
14515,14671
14515,14639
14516,14595
14517,14596
14517,14595
14506,14677
14506,14561
14508,14660
14520,14541
14509,14606
14509,14562
14521,14545
14521,14546
14522,14546
14522,14581
14524,14548
14524,14681
14525,14563
14525,14564
14526,14613
14493,14649
14512,14616
14528,14570
14530,14651
14531,14737
14513,14531
14513,14573
14533,14594
14536,14575
14536,14672
14518,14597
14503,14621
14538,14599
14538,14578
14519,14644
14540,14659
14507,14771
14508,14623
14464,14544
14544,14645
14464,14747
14545,14748
14547,14581
14547,14662
14523,14628
14548,14629
14549,14585
14549,14633
14526,14795
14551,14568
14551,14706
14552,14635
14552,14614
14512,14650
14529,14928
14553,14652
14531,14690
14555,14713
14555,14592
14556,14692
14557,14913
14532,14715
14532,14594
14535,14716
14535,14574
14541,14604
14542,14680
14542,14626
14543,14627
14543,14606
14563,14726
14564,14753
14565,14663
14566,14609
14566,14647
14550,14634
14550,14612
14569,14636
14571,14618
14572,14668
14573,14591
14574,14693
14558,14654
14575,14620
14576,14597
14576,14641
14559,14675
14560,14697
14578,14599
14578,14622
14561,14677
14579,14658
14579,14770
14541,14624
14562,14701
14562,14645
14581,14661
14583,14608
14583,14682
14584,14632
14584,14611
14567,14665
14568,14635
14570,14617
14587,14638
14587,14687
14588,14589
14589,14709
14590,14688
14590,14619
14573,14653
14591,14669
14592,14691
14592,14712
14593,14741
14594,14914
14575,14718
14596,14673
14596,14744
14597,14655
14577,14642
14577,14598
14598,14696
14600,14657
14601,14657
14601,14644
14602,14623
14602,14603
14603,14624
14604,14625
14604,14678
14580,14679
14580,14605
14582,14628
14582,14749
14608,14752
14610,14631
14611,14705
14585,14664
14614,14707
14615,14731
14570,14616
14570,14708
14617,14686
14586,14852
14586,14618
14619,14668
14620,14694
14595,14765
14560,14656
14621,14656
14599,14621
14625,14678
14625,14679
14626,14627
14626,14680
14627,14700
14606,14701
14628,14869
14607,14630
14632,14823
14633,14634
14634,14684
14618,14799
14637,14667
14639,14640
14639,14671
14641,14674
14641,14695
14643,14697
14599,14622
14644,14768
14623,14723
14624,14678
14645,14746
14628,14749
14629,14845
14629,14751
14607,14751
14631,14822
14648,14683
14633,14756
14612,14665
14612,14684
14635,14826
14636,14732
14636,14777
14649,14778
14649,14733
14650,14780
14616,14798
14638,14734
14638,14781
14653,14738
14653,14739
14640,14857
14654,14764
14654,14672
14642,14721
14622,14810
14659,15122
14659,14771
14661,14748
14661,14790
14646,14871
14646,14726
14663,14727
14663,14728
14647,14792
14631,14729
14664,14683
14664,14775
14665,14776
14666,14685
14651,14799
14651,14667
14652,14710
14652,14711
14668,14760
14655,14674
14655,14719
14674,14719
14675,14720
14676,14722
14676,14766
14656,14863
14657,14887
14658,14814
14660,14816
14679,14724
14680,14724
14681,14750
14681,14819
14631,14793
14684,14756
14650,14733
14650,14797
14667,14734
14688,14711
14688,15136
14689,14761
14669,14739
14669,14740
14691,14782
14691,14712
14670,14713
14670,14783
14692,14714
14692,14762
14671,14807
14672,14743
14694,14765
14694,14841
14673,14858
14673,14787
14655,14788
14695,14719
14695,14860
14696,14722
14696,14721
14697,14809
14698,14745
14677,14698
14677,14745
14658,14813
14699,14770
14682,14682
14682,14725
14702,14703
14704,14773
14704,14705
14683,14774
14685,14902
14706,14730
14707,14826
14707,14827
14686,14708
14708,14798
14686,14906
14687,14781
14687,14757
14709,14758
14709,14710
14710,14759
14711,14831
14690,14737
14690,14738
14713,14834
14714,14806
14714,14762
14693,14716
14693,14763
14672,14764
14722,14766
14723,14889
14723,14866
14678,14890
14701,14789
14725,14820
14726,14960
14727,14753
14727,14728
14703,14755
14704,14794
14705,14924
14730,14875
14730,14849
14706,14825
14733,14779
14734,14947
14735,14758
14709,14759
14736,14803
14738,14739
14740,14782
14740,14880
14712,14804
14741,14785
14741,14856
14715,14786
14715,14881
14716,15115
14717,14742
14717,14838
14718,14743
14718,15001
14744,14787
14744,14916
14719,14788
14720,14842
14720,14884
14721,14885
14724,14981
14746,14747
14747,14867
14751,14895
14752,14870
14682,14820
14728,14821
14754,14847
14729,14793
14729,14773
14756,14824
14731,14796
14731,14732
14732,14828
14757,14800
14758,14802
14760,14761
14761,14833
14762,14806
14716,14763
14743,14840
14766,14861
14767,14861
14769,14888
14745,14888
14771,14844
14748,14940
14749,14893
14750,14818
14750,14819
14772,14922
14753,14944
14755,14989
14773,14794
14774,14823
14774,14901
14775,14824
14775,14901
14776,14848
14777,14778
14777,14828
14778,14877
14779,14877
14779,14850
14780,14797
14780,14829
14759,14831
14760,14832
14737,15076
14737,14853
14738,14853
14739,14880
14782,14880
14782,14971
14783,14836
14783,14835
14784,14805
14784,14785
14784,14855
14786,14952
14763,14837
14764,14840
14765,14841
14765,15029
14787,14915
14768,14954
14768,14864
14746,14789
14789,15062
14746,14982
14790,14983
14790,14892
14791,14896
14791,14897
14792,14899
14773,14962
14796,15042
14796,14968
14797,14850
14798,15045
14781,14931
14757,14878
14757,14757
14800,14879
14801,14879
14802,15052
14759,14802
14803,14833
14803,14910
14739,14854
14804,14834
14805,14836
14805,14912
14785,14932
14806,14856
14807,14857
14764,14975
14811,14978
14812,14813
14813,14865
14814,14843
14814,14920
14770,14843
14770,15034
14815,15122
14816,14844
14816,14889
14817,14866
14818,14894
14818,14819
14821,14846
14822,14899
14822,14923
14793,14900
14794,15017
14823,15018
14824,14872
14795,14902
14795,14875
14826,14876
14827,14876
14827,14925
14830,14851
14799,14909
14831,14970
14804,14911
14839,14882
14840,15000
14841,15002
14808,14916
14808,14859
14842,14860
14842,14884
14809,15006
14809,14937
14810,14886
14810,14918
14813,14919
14844,14956
14845,14895
14820,14921
14821,14944
14821,15038
14846,14896
14825,14849
14849,14992
14825,14903
14826,14904
14828,15022
14850,14946
14830,14929
14830,14930
14851,14930
14851,14969
14800,14948
14800,14996
14833,14949
14853,14854
14854,14951
14834,14911
14836,14912
14855,14912
14855,14932
14856,14972
14837,14934
14838,14999
14807,14838
14807,14974
14858,14915
14858,14935
14860,14936
14861,14917
14862,14937
14863,14886
14865,14919
14865,14939
14843,14955
14866,14958
14867,14868
14867,14959
14868,14891
14869,15188
14819,14941
14870,14942
14846,15038
14847,15016
14847,14898
14872,14873
14872,14945
14873,14874
14874,15020
14848,14963
14875,15102
14876,14904
14877,15043
14852,14969
14852,15047
14879,15052
14833,15053
14881,14914
14881,14973
14857,14882
14883,14935
14863,15008
14864,14954
14864,15085
14889,14980
14890,15061
14890,15035
14868,15164
14869,14892
14893,14894
14893,15093
14896,14986
14897,14987
14898,14989
14898,15040
14899,14990
14900,14923
14900,14961
14902,15132
14904,14993
14905,14926
14905,15072
14906,14927
14907,14927
14908,14928
14878,14931
14878,14948
14910,14950
14910,15075
14853,15077
14911,14971
14882,14975
14884,15120
14917,14953
14917,15205
14886,14918
14888,15086
14892,14984
14869,14984
14894,15094
14894,14985
14871,15193
14871,14943
14922,14960
14922,15129
14897,14897
14899,15168
14923,14990
14901,14991
14903,14966
14903,15021
14925,14926
14926,14967
14906,14994
14930,15073
14909,15048
14909,15109
14853,14951
14880,15026
14912,15113
14932,14997
14933,14998
14913,15055
14913,15140
14914,15079
14935,15030
14915,15202
14916,15119
14884,15005
14886,15008
14918,14938
14887,14977
14919,15009
14920,14939
14939,15033
14920,14979
14940,14983
14940,15011
14941,15012
14895,15037
14942,15126
14921,14942
14921,15127
14871,15014
14943,15014
14944,15015
14897,14986
14924,15017
14927,15046
14928,14929
14929,15073
14947,15049
14947,14995
14931,15025
14948,15051
14952,14973
14952,15078
14934,15028
14934,15080
14936,15004
14936,15203
14953,15032
14937,15007
14918,15059
14956,14957
14956,15089
14957,14957
14958,15092
14958,15061
14960,15064
14897,15066
14961,14962
14961,15067
14945,15019
14945,15020
14963,14964
14965,15070
14968,15042
14968,15022
14946,15044
14946,15023
14928,15261
14928,15152
14969,15134
14970,15221
14970,15136
14949,15137
14949,15053
14951,15112
14971,15026
14972,15027
14972,15054
14973,15056
14976,15059
14954,15084
14978,15086
14955,14979
14979,15143
14955,15034
14957,15010
14980,15091
14980,15060
14981,15036
14981,15124
14959,14982
14982,15063
14959,15164
14983,15148
14984,15229
14987,15098
14987,15130
14988,15130
14990,15067
14962,15068
14963,15101
14992,15151
14992,15071
14993,15021
14993,15234
14925,15041
14925,14967
14994,15108
14994,15174
14951,15077
14997,15027
14997,15113
14998,15054
14998,15055
14974,15081
14974,15245
14975,15000
15001,15082
15003,15004
15007,15058
15007,15158
15008,15083
15008,15059
14978,15085
15009,15184
15009,15033
15011,15276
15011,15148
14985,15012
15012,15095
15013,15095
14986,15066
15016,15039
15016,15040
14962,15259
14991,15069
14991,15100
15019,15100
15020,15131
15021,15071
14967,15104
15022,15105
14995,15049
14995,15050
15024,15050
15024,15025
15024,15238
14996,15074
14996,15052
15027,15138
15028,15116
15028,15155
14999,15117
14999,15081
14975,15291
15000,15082
15001,15246
15002,15057
15002,15118
15004,15267
15031,15142
15006,15157
15006,15058
15035,15036
15035,15123
15036,15186
15037,15191
15037,15192
15014,15128
15015,15097
15015,15038
15040,15258
14989,15326
14989,15278
15017,15068
15017,15169
15018,15170
15018,15069
15019,15150
14925,15103
15043,15219
15043,15106
15023,15107
15023,15045
15045,15196
15046,15174
15046,15236
15047,15048
15047,15153
15049,15110
15050,15309
15025,15176
15025,15135
15051,15135
15051,15074
15053,15199
15026,15112
15054,15139
15055,15114
15056,15078
15056,15079
15030,15181
15030,15247
15058,15158
15033,15143
15034,15121
15034,15160
15060,15092
15060,15299
15061,15207
15062,15063
15062,15147
15063,15275
14985,15149
15064,15128
15064,15209
15065,15066
15068,15327
15069,15170
15072,15173
15042,15173
15044,15106
15044,15107
15073,15152
15048,15109
15074,15240
15052,15221
15075,15076
15076,15077
15079,15141
15080,15155
15080,15117
15081,15179
15082,15201
15059,15206
15084,15182
15086,15297
15087,15184
15088,15162
15090,15144
15092,15185
15093,15094
15093,15189
15097,15166
15097,15464
15066,15098
15098,15167
15067,15259
15099,15169
15100,15171
15101,15131
15101,15194
15070,15194
15070,15132
15102,15280
15102,15151
15071,15195
15103,15234
15103,15172
15104,15172
15106,15220
15110,15175
15111,15137
15075,15242
15112,15178
15113,15243
15114,15139
15114,15288
15078,15244
15115,15116
15116,15154
15118,15180
15120,15156
15085,15159
15122,15161
15089,15162
15089,15144
15123,15272
15123,15163
15124,15145
15094,15149
15095,15255
15125,15256
15126,15208
15126,15165
15096,15165
15127,15165
15127,15347
15128,15193
15038,15322
15130,15167
15132,15280
15072,15218
15105,15235
15105,15219
15107,15305
15133,15307
15134,15197
15109,15175
15110,15198
15137,15177
15076,15263
15138,15243
15138,15139
15140,15200
15140,15222
15117,15179
15081,15266
15119,15202
15119,15411
15142,15315
15142,15204
15059,15225
15143,15270
15144,15227
15124,15186
15146,15187
15147,15187
15147,15274
15148,15254
15094,15344
15149,15190
15129,15209
15129,15166
15066,15324
15150,15171
15150,15233
15131,15279
15108,15196
15134,15262
15135,15239
15136,15356
15115,15534
15115,15154
15059,15250
15159,15159
15160,15226
15160,15298
15162,15417
15167,15211
15168,15349
15168,15232
15169,15213
15171,15328
15151,15217
15173,15235
15174,15352
15152,15353
15152,15285
15153,15197
15153,15452
15175,15237
15177,15311
15177,15199
15181,15223
15181,15292
15156,15338
15156,15315
15158,15362
15183,15252
15184,15269
15161,15271
15161,15441
15187,15228
15164,15300
15188,15189
15188,15230
15189,15319
15192,15231
15192,15302
15166,15321
15166,15210
15195,15217
15195,15304
15196,15283
15197,15308
15198,15237
15198,15309
15176,15238
15176,15239
15200,15264
15200,15312
15201,15291
15201,15246
15180,15223
15202,15389
15204,15248
15204,15268
15205,15268
15205,15435
15206,15225
15206,15296
15182,15251
15159,15252
15185,15442
15185,15207
15207,15253
15186,15393
15191,15256
15191,15257
15208,15302
15208,15380
15165,15380
15193,15347
15209,15348
15211,15212
15211,15325
15213,15214
15213,15383
15214,15215
15170,15215
15216,15233
15194,15329
15217,15428
15172,15218
15172,15351
15218,15330
15219,15260
15220,15260
15220,15305
15221,15310
15199,15335
15222,15244
15222,15265
15155,15373
15155,15289
15179,15290
15203,15294
15224,15295
15225,15250
15159,15376
15229,15230
15230,15366
15231,15231
15231,15257
15232,15382
15214,15383
15215,15303
15170,15303
15170,15328
15235,15281
15236,15352
15236,15284
15237,15453
15238,15332
15239,15286
15240,15286
15240,15333
15241,15371
15243,15287
15244,15265
15244,15372
15245,15313
15245,15409
15246,15433
15180,15336
15247,15337
15247,15361
15203,15293
15249,15295
15252,15340
15226,15270
15226,15416
15227,15418
15227,15299
15253,15419
15253,15272
15228,15365
15228,15274
15229,15423
15256,15320
15257,15346
15231,15302
15258,15367
15258,15326
15259,15427
15233,15350
15234,15304
15261,15284
15261,15353
15262,15354
15262,15308
15242,15371
15242,15263
15263,15371
15265,15312
15266,15290
15266,15313
15268,15481
15250,15436
15251,15339
15269,15363
15269,15438
15270,15631
15271,15298
15272,15316
15273,15316
15274,15342
15275,15342
15275,15317
15254,15276
15254,15318
15255,15445
15255,15345
15277,15323
15279,15350
15279,15329
15280,15428
15281,15430
15281,15431
15282,15306
15282,15283
15283,15530
15284,15512
15285,15400
15285,15331
15239,15402
15286,15355
15264,15288
15288,15553
15264,15407
15290,15478
15223,15336
15223,15292
15292,15337
15267,15314
15267,15293
15293,15390
15295,15457
15251,15296
15297,15437
15297,15341
15298,15439
15271,15440
15272,15482
15300,15317
15276,15343
15301,15422
15278,15326
15278,15489
15304,15429
15260,15431
15260,15550
15305,15306
15306,15397
15282,15397
15307,15331
15307,15370
15308,15401
15311,15404
15311,15357
15287,15358
15287,15359
15312,15360
15265,15360
15265,15372
15291,15410
15223,15388
15314,15411
15296,15436
15296,15458
15251,15458
15299,15364
15316,15393
15317,15377
15318,15318
15318,15378
15319,15344
15319,15444
15320,15396
15320,15379
15302,15346
15321,15348
15322,15323
15323,15465
15303,15529
15330,15351
15330,15385
15309,15472
15332,15473
15333,15334
15333,15334
15310,15474
15310,15475
15335,15406
15335,15454
15313,15387
15336,15374
15337,15361
15314,15412
15294,15390
15294,15391
15338,15391
15338,15413
15315,15413
15315,15500
15339,15340
15340,15376
15274,15365
15274,15462
15342,15463
15300,15377
15300,15394
15343,15394
15343,15395
15344,15524
15345,15396
15345,15487
15302,15448
15348,15778
15321,15464
15322,15381
15325,15449
15325,15466
15349,15425
15327,15368
15327,15547
15328,15682
15350,15468
15329,15384
15351,15385
15305,15510
15331,15531
15354,15370
15355,15402
15355,15386
15360,15407
15337,15388
15361,15375
15339,15542
15366,15443
15366,15444
15346,15447
15347,15488
15367,15466
15367,15593
15349,15426
15369,15384
15352,15398
15353,15399
15353,15400
15370,15470
15354,15401
15356,15649
15356,15403
15357,15404
15357,15405
15372,15408
15374,15612
15374,15434
15362,15457
15362,15414
15376,15564
15363,15522
15363,15459
15365,15421
15377,15484
15379,15446
15379,15447
15346,15448
15380,15488
15382,15425
15384,15508
15385,15568
15333,15386
15386,15492
15371,15454
15373,15476
15373,15477
15387,15455
15387,15409
15388,15434
15388,15456
15390,15391
15392,15417
15393,15483
15396,15446
15381,15526
15381,15465
15326,15467
15326,15489
15399,15512
15399,15469
15400,15491
15333,15492
15333,15493
15405,15406
15405,15494
15406,15514
15407,15408
15408,15496
15409,15410
15375,15538
15389,15518
15389,15498
15412,15480
15412,15499
15391,15519
15414,15415
15417,15460
15419,15442
15419,15482
15420,15421
15394,15503
15395,15523
15395,15504
15378,15546
15378,15422
15423,15443
15423,15505
15396,15506
15424,15449
15426,15450
15427,15450
15427,15507
15383,15547
15383,15529
15428,15622
15429,15451
15429,15549
15430,15509
15430,15490
15431,15490
15397,15511
15397,15530
15432,15471
15402,15603
15410,15611
15433,15497
15433,15517
15434,15434
15411,15539
15411,15479
15413,15540
15414,15659
15436,15629
15438,15459
15438,15585
15416,15632
15416,15439
15439,15440
15440,15545
15418,15460
15418,15586
15442,15662
15421,15587
15422,15590
15444,15637
15445,15486
15445,15485
15446,15447
15401,15452
15452,15576
15453,15471
15453,15472
15404,15513
15404,15494
15454,15514
15455,15516
15455,15610
15409,15726
15434,15537
15457,15659
15437,15565
15459,15544
15441,15545
15441,15675
15461,15634
15463,15502
15463,15484
15443,15505
15444,15696
15447,15525
15464,15779
15465,15592
15449,15527
15467,15528
15467,15594
15425,15681
15426,15735
15450,15507
15468,15596
15468,15597
15469,15551
15469,15491
15401,15552
15473,15602
15474,15475
15454,15606
15407,15553
15407,15624
15476,15579
15476,15609
15478,15536
15478,15516
15479,15480
15479,15655
15413,15519
15413,15658
15458,15629
15458,15584
15439,15660
15460,15675
15482,15717
15483,15483
15462,15587
15484,15635
15486,15487
15485,15486
15448,15525
15448,15720
15488,15640
15466,15527
15466,15593
15489,15594
15490,15644
15471,15601
15472,15602
15492,15603
15474,15604
15475,15605
15494,15651
15495,15553
15496,15515
15477,15609
15477,15535
15497,15517
15497,15556
15498,15559
15480,15560
15481,15500
15481,15614
15501,15586
15483,15663
15462,15502
15505,15591
15485,15524
15487,15506
15506,15639
15508,15548
15509,15570
15509,15643
15491,15531
15472,15745
15514,15769
15496,15578
15518,15538
15518,15689
15499,15560
15499,15561
15500,15562
15520,15583
15521,15563
15462,15664
15502,15566
15503,15635
15503,15588
15523,15588
15504,15523
15504,15546
15524,15637
15487,15638
15525,15665
15507,15620
15510,15550
15510,15599
15511,15571
15511,15572
15530,15572
15512,15551
15491,15573
15532,15575
15513,15650
15513,15686
15515,15578
15515,15554
15533,15607
15535,15536
15516,15610
15538,15580
15519,15657
15541,15659
15542,15584
15542,15564
15543,15616
15522,15617
15522,15544
15545,15694
15504,15636
15546,15589
15527,15679
15547,15641
15529,15930
15531,15600
15554,15652
15534,15607
15534,15579
15555,15611
15517,15556
15556,15625
15537,15612
15537,15626
15557,15626
15558,15613
15560,15656
15540,15540
15540,15562
15562,15658
15564,15565
15566,15619
15548,15621
15548,15801
15549,15723
15549,15667
15567,15642
15569,15570
15568,15569
15569,15724
15550,15645
15572,15668
15551,15573
15551,15741
15573,15741
15574,15575
15552,15669
15552,15576
15576,15647
15553,15577
15554,15711
15517,15750
15580,15613
15580,15689
15581,15582
15581,15614
15583,15627
15583,15628
15563,15672
15563,15615
15565,15673
15585,15618
15585,15772
15587,15676
15588,15777
15589,15636
15589,15590
15592,15734
15592,15678
15594,15700
15595,15596
15597,15598
15597,15683
15598,15683
15598,15621
15570,15765
15550,15703
15571,15599
15599,15703
15571,15740
15600,15705
15600,15742
15575,15669
15602,15746
15603,15685
15604,15605
15605,15648
15553,15820
15578,15710
15607,15652
15579,15749
15608,15653
15609,15653
15610,15712
15611,15726
15612,15654
15614,15728
15582,15627
15584,15690
15616,15630
15617,15630
15617,15691
15618,15631
15618,15674
15586,15661
15590,15795
15593,15763
15596,15764
15622,15623
15622,15684
15623,15784
15623,15684
15601,15786
15601,15744
15604,15787
15625,15654
15613,15688
15582,15670
15627,15671
15628,15671
15616,15714
15631,15692
15632,15716
15632,15693
15633,15695
15635,15677
15637,15697
15639,15665
15620,15869
15620,15666
15641,15666
15597,15833
15621,15801
15568,15642
15642,15667
15568,15724
15644,15645
15645,15725
15646,15704
15648,15649
15649,15650
15650,15709
15624,15820
15624,15687
15652,15711
15607,15838
15653,15749
15625,15750
15654,15808
15655,15770
15655,15727
15629,15840
15629,15754
15630,15691
15661,15793
15661,15730
15634,15758
15634,15718
15619,15664
15664,15760
15636,15813
15638,15698
15638,15761
15639,15761
15665,15762
15640,15830
15640,15733
15641,15783
15667,15702
15643,15765
15643,15644
15647,15669
15647,15785
15648,15708
15649,15708
15626,15688
15626,15751
15656,15727
15656,15809
15657,15789
15657,15753
15658,15753
15659,15672
15673,15714
15660,15791
15660,15694
15675,15810
15662,15812
15662,15717
15663,15757
15663,15695
15676,15776
15676,15760
15619,15719
15677,15719
15677,15777
15679,15699
15679,15722
15680,15722
15666,15783
15683,15737
15644,15804
15644,15725
15668,15740
15668,15704
15669,15766
15685,15706
15685,15767
15649,15768
15686,15748
15686,15818
15670,15728
15670,15825
15659,15994
15672,15771
15690,15754
15690,15842
15673,15729
15674,15827
15674,15692
15692,15716
15693,15693
15694,15792
15695,15758
15697,15732
15697,15798
15678,15721
15678,15799
15699,15734
15699,15800
15700,15782
15700,15701
15681,15735
15682,15736
15682,15930
15684,15852
15702,15738
15702,15739
15704,16060
15705,15743
15705,15742
15707,15747
15709,15768
15709,15748
15710,15893
15710,15711
15712,15713
15688,15859
15689,15860
15671,15790
15715,15755
15717,15775
15718,15731
15718,15759
15719,15865
15696,15797
15696,15732
15721,15831
15723,15802
15725,15804
15703,15834
15706,15805
15708,15892
15727,15788
15728,15824
15691,15714
15691,15755
15716,16032
15693,15773
15730,15774
15731,15776
15731,15759
15732,15848
15720,15762
15720,15829
15721,15780
15722,15866
15737,15851
15723,15888
15724,15871
15706,15746
15706,15911
15747,15767
15747,15815
15748,15837
15711,15838
15712,15858
15712,15875
15726,15895
15750,15876
15752,15822
15753,15839
15754,15841
15756,15792
15757,15846
15757,15794
15758,15902
15759,15883
15760,15957
15720,15828
15734,15799
15734,15800
15763,15781
15765,15854
15741,16062
15742,15835
15743,15835
15743,15766
15766,15934
15744,15836
15744,15745
15745,15855
15746,15855
15769,15819
15769,15874
15749,15857
15749,15894
15751,15808
15751,15896
15771,15826
15754,15916
15714,15863
15755,15772
15772,15827
15774,15811
15776,16034
15777,15847
15761,15921
15762,15922
15762,15828
15778,15779
15778,16099
15763,15928
15763,15814
15781,15782
15781,15814
15783,15885
15784,15802
15784,15852
15740,15834
15740,15890
15785,15934
15785,15786
15767,16041
15768,15872
15768,15837
15770,15822
15789,15878
15771,15898
15755,15863
15793,15810
15793,15811
15775,15941
15775,15864
15796,15797
15797,15977
15779,15924
15780,15831
15780,15832
15799,15926
15800,15926
15782,15867
15735,15850
15801,15851
15801,16021
15802,15887
15803,15870
15804,15963
15786,15836
15787,15817
15787,15912
15806,15821
15806,15858
15807,15895
15770,15823
15788,15823
15789,15839
15790,15825
15790,15955
15791,15844
15791,15845
15792,15845
15811,15812
15795,15920
15804,15933
15815,15816
15815,15964
15816,15817
15816,15891
15817,15891
15818,15819
15818,15873
15820,16064
15821,16008
15806,15936
15808,15876
15822,15860
15770,15897
15788,15809
15809,15877
15824,15862
15824,15972
15826,15898
15826,15879
15827,16013
15810,15901
15812,15941
15813,15847
15813,15904
15828,15943
15829,15849
15829,15944
15779,15923
15831,15884
15814,15867
15835,16007
15838,15893
15823,15897
15788,16009
15825,15940
15840,15841
15841,15880
15842,15917
15842,15881
15843,15881
15845,15899
15846,15864
15846,15919
15849,15944
15830,15849
15830,16035
15833,15886
15833,15983
15853,15870
15854,15908
15834,15889
15836,15910
15855,15935
15856,15911
15837,15913
15857,15915
15857,15894
15859,15988
15859,15896
15860,15939
15839,15992
15861,15862
15840,15898
15840,16011
15863,16012
15811,16050
15864,15919
15865,15957
15865,15903
15847,16052
15847,15976
15866,15945
15866,15905
15867,15929
15868,15929
15868,15906
15868,15982
15850,15907
15850,15946
15869,15946
15869,15885
15851,15983
15852,15948
15852,16039
15871,15985
15871,15962
15854,15909
15834,16005
15872,15892
15872,15950
15858,15936
15877,15878
15878,15953
15862,15971
15882,15918
15883,15902
15848,15942
15885,16101
15886,15931
15886,16020
15887,15888
15887,15932
15870,15888
15870,15984
15889,15963
15892,16025
15894,15951
15875,15937
15875,15952
15895,15987
15876,15967
15896,15968
15897,15969
15877,15953
15881,15956
15900,15973
15901,15974
15901,16050
15902,15975
15883,15998
15884,16017
15884,15925
15907,15960
15908,15909
15909,16151
15889,16059
15890,16005
15890,16006
15910,15935
15891,15964
15893,16065
15914,16042
15895,15966
15860,16045
15916,15917
15916,16164
15917,15956
15899,15918
15899,16014
15903,15958
15904,15976
15904,15920
15921,15922
15923,15924
15924,16017
15927,15928
15928,15981
15929,16055
15931,15947
15931,16020
15888,15932
15888,16102
15908,15962
15933,16152
15933,16058
15934,16024
15910,15986
15911,16128
15912,16077
15912,16025
15913,15950
15913,15965
15936,16027
15938,16028
15860,15990
15939,15969
15940,15972
15918,16033
15941,15997
15919,16016
15904,16053
15942,16120
15942,15977
15944,16251
15923,15979
15926,15980
15945,15980
15945,16018
15946,16019
15930,16004
15947,15961
15947,16038
15948,16022
15948,16023
15932,16039
15949,16061
15935,16076
15950,16063
15951,16008
15860,15989
15939,15990
15954,16047
15940,15955
15940,15993
15955,15993
15898,16011
15956,16113
15957,16167
15958,15999
15958,16052
15921,16146
15959,16002
15960,16019
15946,16101
15961,16004
15961,16037
15965,16026
15952,16043
15952,15966
15966,15987
15967,15968
15967,16067
15968,16136
15953,15953
15953,15970
15971,16090
15973,15996
15973,16015
15974,16015
15974,16142
15920,16053
15978,16120
15983,16021
15984,15985
15985,16057
15962,16127
15963,16040
15951,16066
15951,16088
15990,16068
15969,16068
15991,15992
15992,16047
15971,16030
15972,16031
15993,16082
15995,16012
15996,16014
15997,16051
15976,16168
15977,16073
16000,16098
15979,16001
15979,16228
15980,16121
15981,16054
15981,16002
16002,16100
15982,16055
15982,16036
16003,16003
16003,16036
15984,16102
16005,16153
16006,16006
16007,16174
15986,16259
15986,16076
15964,16108
15964,16129
16008,16088
15987,16197
15988,16044
15988,16045
16009,16069
15953,16046
16010,16090
15971,16081
16013,16070
16013,16071
15997,16267
16016,16051
16016,16072
15998,16144
15998,16034
16017,16228
16018,16074
16018,16121
16003,16056
16007,16024
16007,16107
16025,16087
16026,16063
16008,16078
16028,16134
16028,16135
16029,16044
15953,16138
16030,16048
16031,16048
16031,16140
16011,16091
16012,16115
16012,16093
16032,16083
16032,16116
16033,16095
16033,16117
16015,16141
16036,16123
16004,16085
16020,16038
16021,16255
16022,16233
16022,16086
16023,16086
16023,16039
16040,16104
16040,16059
16006,16075
16042,16066
16008,16133
16027,16078
16027,16196
16043,16196
16043,16197
16044,16110
16045,16111
15953,16080
16049,16091
16014,16141
16050,16096
16034,16249
16052,16145
16054,16074
16054,16122
16019,16383
16019,16101
16037,16085
16037,16038
16039,16125
16059,16105
16060,16075
16061,16106
16062,16236
16062,16209
16041,16108
16064,16065
16064,16213
16065,16158
16042,16132
16068,16137
16069,16089
16047,16370
16070,16094
16070,16071
16051,16184
16034,16144
16053,16169
16074,16187
16057,16126
16057,16127
16058,16191
16058,16103
16060,16154
16061,16193
16041,16210
16077,16129
16077,16155
16063,16157
16063,16175
16066,16132
16066,16216
16067,16109
16067,16178
16079,16161
16080,16139
16048,16081
16073,16118
16073,16119
16084,16185
16055,16148
16055,16123
16038,16254
16075,16153
16076,16128
16041,16211
16087,16155
16087,16156
16089,16162
16089,16138
16082,16163
16091,16164
16092,16092
16093,16114
16094,16220
16095,16116
16095,16200
16097,16097
16097,16185
16099,16171
16099,16317
16100,16148
16086,16207
16102,16150
16103,16104
16104,16324
16107,16174
16107,16238
16108,16194
16088,16195
16078,16176
16078,16159
16109,16135
16111,16112
16090,16241
16081,16090
16048,16140
16048,16081
16113,16165
16113,16183
16114,16183
16114,16247
16093,16166
16093,16198
16115,16166
16115,16220
16094,16199
16117,16200
16096,16310
16096,16248
16119,16120
16118,16119
16097,16363
16098,16186
16098,16293
16122,16188
16122,16319
16100,16189
16123,16232
16101,16206
16124,16513
16125,16150
16125,16323
16103,16235
16106,16154
16106,16192
16076,16325
16130,16131
16130,16156
16131,16175
16133,16195
16133,16176
16134,16286
16134,16368
16109,16177
16110,16161
16110,16111
16112,16179
16112,16180
16137,16162
16137,16181
16138,16329
16092,16165
16092,16246
16116,16221
16141,16222
16143,16201
16143,16144
16143,16202
16145,16167
16118,16203
16146,16313
16146,16272
16147,16172
16147,16173
16121,16229
16148,16232
16149,16190
16085,16254
16126,16278
16126,16234
16127,16234
16127,16345
16128,16347
16129,16194
16155,16281
16156,16302
16157,16212
16158,16214
16159,16217
16159,16285
16160,16218
16135,16328
16136,16178
16136,16219
16161,16219
16111,16179
16081,16242
16140,16330
16165,16306
16166,16198
16142,16358
16142,16334
16144,16269
16167,16224
16145,16335
16168,16225
16168,16425
16170,16226
16170,16270
16170,16203
16170,16337
16120,16312
16171,16293
16172,16228
16147,16274
16173,16204
16150,16299
16151,16345
16151,16152
16152,16279
16153,16208
16154,16208
16175,16303
16157,16282
16158,16213
16158,16304
16132,16214
16132,16215
16176,16217
16182,16289
16140,16243
16164,16263
16183,16264
16183,16247
16184,16201
16184,16268
16169,16225
16169,16226
16186,16273
16186,16252
16171,16294
16172,16274
16173,16253
16187,16296
16187,16275
16188,16189
16189,16230
16190,16276
16190,16320
16151,16346
16191,16256
16191,16235
16153,16518
16154,16257
16192,16193
16193,16258
16174,16237
16194,16280
16196,16285
16178,16287
16179,16288
16181,16288
16181,16261
16198,16266
16199,16290
16199,16332
16201,16291
16202,16202
16203,16271
16188,16341
16205,16342
16206,16298
16206,16276
16207,16365
16207,16387
16208,16389
16192,16257
16209,16236
16209,16300
16210,16211
16211,16239
16212,16282
16212,16521
16215,16216
16215,16351
16195,16327
16217,16395
16196,16396
16197,16218
16218,16286
16162,16261
16162,16329
16220,16290
16222,16399
16222,16333
16223,16311
16224,16311
16227,16312
16185,16314
16185,16251
16204,16253
16204,16229
16229,16295
16230,16231
16230,16297
16232,16381
16234,16344
16236,16392
16237,16300
16237,16238
16238,16475
16210,16452
16239,16240
16240,16280
16213,16366
16214,16283
16216,16284
16241,16305
16242,16243
16242,16356
16243,16330
16244,16419
16245,16263
16246,16372
16247,16307
16221,16309
16221,16445
16226,16336
16250,16272
16251,16273
16228,16274
16253,16406
16254,16321
16233,16255
16255,16322
16233,16365
16256,16279
16256,16388
16235,16324
16258,16391
16258,16390
16260,16393
16197,16436
16219,16397
16219,16417
16261,16355
16241,16262
16262,16289
16263,16371
16264,16331
16264,16307
16265,16308
16200,16446
16267,16268
16202,16292
16269,16377
16269,16574
16225,16551
16225,16336
16271,16338
16271,16402
16273,16315
16252,16315
16252,16339
16228,16532
16253,16318
16275,16319
16276,16343
16277,16385
16279,16346
16257,16451
16259,16519
16259,16393
16239,16348
16282,16453
16283,16304
16284,16352
16284,16327
16197,16437
16286,16367
16288,16355
16246,16373
16246,16306
16266,16308
16267,16400
16268,16421
16268,16359
16291,16292
16291,16359
16292,16401
16202,16377
16272,16404
16294,16340
16294,16427
16274,16406
16295,16296
16295,16471
16296,16407
16275,16380
16297,16341
16297,16491
16298,16408
16298,16409
16233,16386
16278,16299
16299,16430
16278,16344
16280,16348
16281,16301
16281,16349
16302,16349
16302,16394
16303,16394
16303,16453
16304,16350
16283,16350
16285,16395
16287,16354
16287,16416
16289,16458
16307,16374
16266,16443
16266,16357
16290,16357
16309,16376
16310,16334
16310,16527
16312,16360
16313,16361
16313,16362
16314,16363
16314,16489
16315,16378
16293,16316
16293,16470
16317,16340
16317,16428
16318,16379
16320,16343
16320,16512
16321,16384
16300,16536
16326,16412
16329,16479
16329,16501
16289,16440
16306,16331
16306,16373
16308,16375
16309,16332
16309,16420
16311,16423
16335,16424
16335,16425
16339,16426
16339,16405
16319,16380
16319,16341
16321,16429
16323,16387
16323,16430
16345,16494
16346,16473
16324,16388
16325,16520
16325,16410
16347,16411
16347,16431
16348,16432
16350,16412
16327,16413
16353,16415
16328,16368
16328,16456
16354,16439
16356,16398
16356,16502
16330,16460
16330,16419
16331,16442
16332,16444
16333,16399
16333,16358
16358,16447
16334,16506
16311,16508
16336,16465
16337,16528
16337,16338
16338,16552
16360,16361
16360,16403
16361,16530
16364,16405
16340,16427
16342,16382
16342,16383
16343,16511
16365,16386
16344,16449
16324,16535
16349,16434
16350,16435
16367,16437
16367,16414
16368,16590
16355,16479
16369,16370
16370,16458
16372,16373
16374,16375
16375,16461
16357,16444
16376,16420
16376,16609
16377,16422
16363,16489
16379,16471
16381,16382
16381,16491
16383,16555
16384,16385
16385,16472
16386,16584
16365,16533
16390,16451
16390,16495
16391,16392
16391,16495
16393,16565
16366,16454
16395,16476
16396,16543
16396,16436
16354,16438
16397,16416
16397,16478
16371,16481
16371,16441
16357,16483
16399,16462
16401,16464
16401,16422
16402,16403
16402,16529
16403,16466
16404,16467
16378,16641
16378,16426
16406,16490
16380,16407
16387,16515
16387,16736
16388,16450
16389,16518
16389,16451
16392,16586
16393,16602
16410,16411
16410,16496
16394,16587
16412,16413
16413,16455
16414,16415
16415,16567
16416,16500
16417,16457
16398,16548
16398,16459
16418,16460
16372,16441
16372,16482
16420,16505
16400,16421
16400,16507
16421,16485
16359,16485
16359,16486
16423,16424
16423,16508
16424,16488
16425,16550
16427,16577
16428,16579
16407,16510
16380,16643
16408,16555
16408,16409
16409,16557
16384,16429
16429,16620
16384,16582
16430,16430
16411,16537
16432,16433
16433,16497
16434,16497
16434,16538
16412,16435
16395,16498
16414,16477
16438,16456
16439,16500
16440,16593
16419,16480
16441,16524
16374,16442
16442,16608
16374,16461
16444,16504
16446,16484
16446,16549
16447,16526
16422,16487
16448,16487
16426,16509
16405,16509
16405,16469
16428,16531
16430,16493
16450,16562
16452,16452
16452,16651
16432,16433
16454,16566
16454,16540
16455,16476
16455,16589
16436,16499
16437,16499
16456,16590
16438,16591
16457,16630
16457,16545
16458,16570
16440,16548
16443,16461
16443,16503
16445,16525
16445,16484
16447,16610
16463,16464
16463,16486
16422,16614
16468,16598
16469,16470
16469,16554
16470,16599
16409,16556
16472,16560
16472,16600
16449,16516
16449,16534
16450,16623
16474,16536
16432,16651
16453,16627
16453,16588
16435,16540
16435,16673
16476,16541
16436,16629
16437,16654
16417,16478
16478,16605
16417,16545
16440,16523
16481,16656
16481,16571
16483,16503
16484,16525
16485,16613
16487,16573
16465,16684
16465,16528
16466,16529
16466,16530
16471,16490
16490,16709
16471,16510
16491,16808
16492,16514
16492,16559
16492,16765
16494,16517
16494,16622
16473,16670
16473,16562
16451,16625
16495,16695
16496,16650
16496,16537
16477,16522
16477,16567
16500,16591
16479,16631
16479,16546
16501,16568
16460,16502
16460,16480
16480,16634
16483,16483
16504,16505
16504,16704
16506,16526
16506,16611
16486,16613
16508,16616
16467,16617
16509,16553
16510,16710
16512,16558
16512,16513
16514,16581
16514,16750
16515,16533
16493,16516
16516,16601
16517,16561
16517,16622
16518,16563
16519,16564
16519,16565
16520,16603
16520,16650
16497,16626
16498,16541
16498,16542
16499,16629
16523,16593
16523,16594
16502,16679
16524,16571
16524,16635
16503,16657
16483,16503
16505,16658
16525,16609
16484,16596
16527,16572
16527,16597
16528,16575
16529,16552
16530,16576
16467,16639
16489,16598
16489,16665
16531,16578
16531,16667
16532,16579
16471,16580
16511,16557
16511,16558
16533,16584
16515,16736
16493,16694
16534,16561
16534,16601
16535,16624
16535,16671
16536,16697
16537,16798
16497,16497
16521,16588
16521,16652
16539,16653
16540,16673
16541,16589
16543,16544
16543,16628
16546,16568
16501,16592
16501,16547
16548,16594
16548,16595
16460,16680
16525,16596
16526,16637
16550,16551
16550,16973
16530,16708
16532,16734
16556,16644
16556,16557
16513,16581
16513,16646
16560,16621
16561,16669
16562,16647
16565,16767
16497,16538
16538,16587
16567,16654
16545,16675
16546,16676
16568,16606
16547,16569
16570,16607
16570,16677
16483,16657
16572,16611
16572,16597
16573,16574
16573,16707
16574,16682
16551,16884
16551,16730
16575,16684
16575,16685
16552,16686
16576,16638
16467,16638
16553,16666
16553,16554
16554,16599
16577,16578
16578,16642
16579,16688
16555,16618
16558,16645
16560,16583
16560,16781
16585,16623
16563,16648
16563,16625
16586,16696
16586,16649
16564,16713
16588,16786
16589,16604
16590,16699
16591,16700
16547,16632
16569,16632
16569,16607
16593,16633
16594,16741
16595,16595
16571,16656
16596,16659
16597,16612
16576,16687
16599,16777
16577,16642
16580,16668
16580,16710
16581,16750
16582,16620
16582,16692
16600,16692
16600,16621
16584,16693
16601,16694
16602,16603
16602,16714
16603,16754
16587,16672
16595,16679
16608,16635
16608,16703
16609,16772
16610,16761
16610,16637
16612,16661
16612,16662
16614,16706
16615,16682
16616,16664
16617,16640
16598,16640
16618,16829
16618,16644
16619,16646
16601,16669
16623,16737
16624,16648
16624,16671
16625,16811
16626,16831
16628,16755
16628,16698
16605,16674
16605,16757
16630,16631
16631,16676
16606,16676
16606,16718
16632,16718
16607,16719
16633,16655
16633,16678
16634,16681
16634,16702
16636,16704
16637,16743
16611,16743
16597,16611
16597,16661
16616,16683
16616,16746
16640,16776
16641,16666
16644,16689
16646,16691
16620,16711
16621,16712
16622,16784
16649,16695
16649,16752
16651,16945
16627,16672
16627,16813
16629,16716
16630,16790
16655,16677
16655,16678
16656,16792
16635,16721
16659,16660
16659,16742
16662,16728
16661,16662
16663,16663
16613,16744
16613,16706
16614,16707
16664,16774
16664,16745
16638,16687
16638,16763
16617,16639
16639,16763
16617,16776
16598,16732
16641,16665
16666,16748
16642,16667
16645,16690
16645,16779
16622,16670
16647,16737
16648,16998
16672,16927
16653,16715
16653,16815
16673,16832
16629,16768
16654,16717
16677,16720
16657,16723
16658,16725
16658,16726
16663,16728
16684,16731
16685,16747
16685,16762
16686,16762
16686,16898
16665,16764
16641,16748
16688,16733
16688,16734
16668,16735
16668,16778
16689,16847
16689,16848
16694,17068
16669,16783
16671,16738
16695,16751
16698,16716
16698,16740
16675,16757
16675,16701
16678,16741
16679,16820
16702,16990
16705,16726
16706,16744
16687,16708
16708,16775
16617,16806
16667,16733
16710,16828
16691,16749
16691,16780
16711,16809
16711,16867
16696,16766
16696,16753
16697,16753
16697,16797
16713,16924
16650,16754
16650,16798
16716,16817
16717,16756
16699,16756
16699,16769
16718,16759
16719,16720
16720,16819
16678,16791
16703,16722
16723,16724
16704,16836
16704,16760
16725,16760
16725,16726
16727,16773
16661,16793
16728,16793
16729,16744
16706,16823
16682,16707
16682,16824
16730,16731
16730,16884
16684,16747
16687,16775
16733,16977
16709,16794
16709,16735
16692,16867
16692,16712
16712,16781
16736,16782
16737,16796
16738,16796
16739,16767
16715,16789
16715,16857
16719,16770
16721,16801
16703,16721
16703,16802
16723,16771
16726,16726
16742,16896
16731,16917
16747,16805
16732,16901
16732,16764
16734,16827
16735,16807
16751,16811
16751,17039
16753,16854
16754,16925
16740,16755
16755,16833
16740,16816
16757,16873
16758,16790
16759,16770
16741,16820
16760,16861
16742,16772
16761,16773
16746,16954
16762,16841
16763,16826
16764,16844
16748,16845
16734,16919
16749,16795
16749,16780
16750,16849
16765,16866
16765,16809
16752,16812
16752,16785
16766,16785
16766,16853
16767,16870
16768,16907
16768,16834
16756,16800
16769,16800
16769,16835
16770,16818
16726,16803
16773,16838
16761,16839
16743,16935
16744,16822
16744,16863
16746,16804
16747,16825
16775,16842
16777,16886
16777,17032
16778,16887
16778,16828
16750,16906
16781,16810
16782,17203
16782,16982
16783,16784
16784,16943
16786,16890
16787,16890
16788,16985
16789,16814
16789,17092
16790,16874
16771,16967
16771,16860
16743,16840
16743,16880
16774,16864
16774,16936
16746,16915
16776,16900
16779,16921
16779,16795
16780,16795
16780,16849
16783,16943
16785,16852
16797,16855
16797,16856
16798,16799
16786,16813
16800,16835
16791,16894
16792,16877
16792,16801
16801,16895
16803,16837
16793,16913
16805,16825
16805,16841
16775,16885
16806,16899
16806,16843
16794,16846
16794,16807
16809,16850
16811,16830
16814,16986
16815,16857
16815,16891
16816,16817
16817,16871
16818,16858
16818,16875
16819,16875
16791,16819
16791,16893
16821,16950
16802,16895
16802,17028
16772,16952
16822,16881
16822,16863
16824,17013
16824,16864
16825,16897
16827,16846
16827,16903
16807,16887
16828,16959
16808,16865
16808,17064
16810,17023
16814,16987
16816,16892
16835,16872
16819,16893
16820,17006
16837,16861
16837,16933
16838,16862
16838,16912
16841,16957
16842,16885
16826,16842
16826,16937
16845,17082
16846,16958
16807,16904
16829,17021
16829,16905
16847,16905
16847,16920
16849,16942
16850,16960
16850,17065
16810,16851
16810,16961
16851,16997
16851,16962
16796,17069
16796,16963
16811,17174
16852,16853
16853,16854
16854,16855
16798,16888
16831,17001
16831,16889
16833,16947
16833,16929
16834,16871
16834,16907
16859,16894
16820,17051
16862,16879
16862,16934
16839,16912
16839,16840
16840,16880
16863,16970
16844,17031
16844,16902
16845,16902
16845,16976
16848,16920
16849,17108
16866,16906
16866,16960
16867,17087
16868,16963
16852,17040
16855,16856
16856,16923
16869,16944
16870,16924
16870,16925
16857,17093
16857,17073
16872,16930
16872,17004
16873,16874
16873,16908
16874,16908
16876,17007
16877,16909
16877,17053
16860,16951
16860,16910
16836,16910
16836,16836
16861,16911
16879,16896
16879,16934
16880,16969
16881,16913
16881,16993
16882,16914
16883,16994
16884,16916
16884,16917
16826,16885
16826,16974
16886,16918
16886,17103
16848,16921
16855,16923
16888,17042
16888,17112
16889,16926
16889,16984
16890,16946
16892,16929
16871,16892
16875,17049
16893,16948
16894,16932
16878,16933
16864,17013
16864,16936
16897,16957
16899,16938
16899,16939
16901,16941
16901,17240
16903,16919
16903,17019
16904,16978
16887,16904
16887,16959
16848,16979
16848,16980
16906,16942
16907,16965
16908,16966
16893,16989
16894,16949
16909,16950
16909,17135
16895,17078
16910,16951
16896,16968
16912,16953
16914,16971
16914,16972
16915,16955
16915,17014
16916,16956
16916,16996
16900,16940
16902,17031
16919,17018
16905,17022
16921,17107
16922,16981
16923,17071
16924,16999
16926,16964
16926,16984
16927,17045
16890,17003
16928,16947
16931,16931
16932,16948
16932,16949
16933,16952
16934,16934
16935,17057
16935,16969
16913,17057
16913,16992
16917,17016
16937,16974
16937,16975
16938,16975
16938,16939
16939,16940
16900,16941
16900,17060
16941,17060
16920,16979
16942,17035
16925,17090
16927,17026
16928,17075
16929,17095
16931,16988
16931,17213
16950,17052
16952,16991
16954,16955
16954,16995
16956,17015
16956,16996
16957,17193
16960,17109
16961,16962
16961,17023
16943,17068
16944,17041
16944,16999
16945,17390
16945,17025
16964,16984
16964,17045
16965,17027
16965,17250
16966,17097
16966,17114
16948,17005
16949,16949
16950,17008
16951,17030
16933,17099
16953,17011
16969,17256
16970,16971
16971,17058
16955,17080
16973,17014
16973,17015
16974,17081
16975,17122
16958,17019
16958,17020
16978,17020
16978,17063
16959,17063
16962,17066
16963,17024
16983,16998
16985,16986
16985,17091
16986,17072
16947,17094
16988,17004
16989,17050
16989,17005
16990,17134
16990,17076
16967,17029
16967,17055
16991,17100
16968,17056
16934,16968
16953,17012
16970,16993
16970,17101
16972,17058
16972,17059
16936,17119
16936,16995
16995,17080
16977,17034
16977,17017
16977,17062
16979,17022
16979,16980
16980,17085
16997,17067
16997,17037
16981,17067
16981,16982
16982,17245
16998,17088
17000,17042
17001,17043
17001,17044
17002,17044
17003,17211
17003,17212
16987,17047
16987,17092
16988,17133
17006,17051
17006,17098
17007,17077
17007,17052
17008,17161
17008,17162
17009,17054
17010,17099
16991,17185
16934,17011
16993,17118
16994,17059
16994,17079
16996,17102
17017,17018
17018,17019
17021,17106
17021,17127
17023,17147
17024,17070
17024,17150
16999,17111
17025,17043
17026,17046
17026,17177
17027,17027
17004,17157
17029,17117
17030,17055
17030,17183
16934,17137
17011,17011
17013,17079
17013,17119
17014,17120
17014,17189
17015,17102
17016,17191
17016,17192
17033,17084
17034,17104
17034,17105
17017,17062
17020,17126
17022,17128
17036,17037
17036,17066
17038,17246
17039,17040
17039,17089
17040,17175
17042,17153
17025,17129
17043,17129
17045,17130
17046,17131
17046,17155
17004,17133
17049,17050
17049,17181
17050,17271
17052,17217
17028,17078
17028,17054
17029,17163
17055,17163
17056,17254
17056,17137
17011,17165
17060,17140
17031,17167
17032,17124
17032,17125
17061,17061
17019,17226
17063,17144
17064,17145
17064,17228
17065,17109
17065,17086
17066,17148
17069,17070
17069,17172
17041,17071
17071,17175
17041,17111
17044,17248
17072,17091
17047,17072
17047,17092
17073,17132
17073,17286
17074,17113
17074,17236
17048,17159
17048,17270
17051,17160
17076,17098
17076,17134
17078,17182
17054,17117
17057,17257
17058,17101
17058,17188
17059,17238
17079,17166
17080,17120
17081,17121
17081,17239
17082,17123
17083,17124
17084,17125
17084,17141
17061,17142
17086,17110
17087,17110
17067,17171
17068,17204
17070,17172
17091,17339
17075,17269
17075,17094
17094,17178
17095,17179
17096,17157
17098,17160
17099,17164
17099,17290
17101,17187
17062,17143
17106,17146
17106,17278
17085,17242
17085,17107
17107,17327
17108,17262
17108,17169
17109,17170
17086,17201
17110,17201
17087,17201
17068,17205
17088,17173
17088,17151
17111,17152
17090,17176
17090,17153
17112,17208
17112,17154
17093,17314
17093,17132
17113,17369
17095,17671
17097,17180
17114,17180
17114,17158
17115,17135
17115,17116
17115,17218
17118,17186
17118,17187
17102,17221
17102,17190
17121,17138
17122,17139
17122,17194
17124,17196
17125,17299
17103,17141
17103,17142
17061,17104
17104,17225
17105,17225
17105,17143
17127,17128
17127,17386
17128,17279
17130,17235
17130,17265
17131,17210
17131,17337
17134,17215
17117,17219
17119,17295
17120,17258
17139,17140
17140,17240
17123,17224
17061,17197
17126,17226
17126,17302
17144,17198
17145,17146
17146,17278
17147,17229
17147,17148
17148,17230
17149,17206
17149,17282
17149,17207
17150,17173
17150,17330
17151,17247
17151,17308
17152,17263
17152,17232
17154,17209
17154,17234
17129,17248
17155,17177
17155,17210
17132,17286
17156,17341
17133,17213
17158,17159
17158,17288
17159,17270
17160,17214
17135,17162
17162,17252
17135,17218
17164,17184
17137,17255
17166,17294
17138,17222
17139,17223
17123,17196
17141,17299
17142,17197
17168,17228
17145,17326
17169,17243
17169,17262
17170,17200
17170,17520
17172,17363
17172,17329
17173,17364
17175,17432
17176,17263
17176,17309
17153,17233
17157,17416
17133,17157
17180,17251
17161,17289
17161,17252
17182,17253
17182,17347
17163,17219
17163,17183
17183,17184
17164,17275
17136,17185
17185,17291
17136,17254
17165,17255
17165,17256
17166,17220
17189,17221
17189,17258
17190,17259
17190,17221
17192,17193
17193,17296
17167,17446
17167,17195
17195,17241
17196,17298
17198,17303
17199,17243
17202,17229
17171,17231
17171,17360
17204,17246
17205,17206
17205,17388
17174,17331
17174,17333
17209,17234
17209,17390
17210,17284
17212,17266
17212,17338
17213,17287
17181,17344
17181,17271
17215,17216
17215,17272
17218,17253
17219,17273
17183,17183
17184,17319
17187,17293
17188,17321
17188,17238
17191,17259
17191,17192
17194,17239
17194,17354
17195,17325
17224,17241
17224,17297
17123,17298
17197,17300
17227,17277
17231,17244
17203,17246
17204,17501
17206,17428
17207,17282
17174,17332
17208,17283
17208,17264
17235,17248
17235,17336
17177,17265
17177,17311
17211,17312
17211,17266
17236,17316
17236,17340
17179,17342
17237,17394
17133,17374
17217,17345
17217,17289
17219,17274
17220,17295
17192,17381
17222,17276
17239,17382
17223,17354
17223,17324
17241,17325
17197,17384
17197,17356
17226,17357
17226,17302
17227,17261
17228,17304
17242,17305
17242,17280
17243,17328
17230,17306
17230,17244
17231,17359
17203,17245
17245,17281
17233,17309
17233,17233
17233,17310
17234,17264
17249,17315
17249,17316
17251,17343
17251,17417
17253,17318
17254,17348
17256,17320
17238,17352
17220,17322
17240,17324
17225,17301
17260,17303
17260,17261
17228,17277
17244,17359
17203,17405
17247,17308
17247,17331
17263,17334
17264,17335
17248,17434
17265,17336
17266,17435
17249,17368
17267,17393
17267,17268
17267,17371
17268,17269
17268,17372
17250,17342
17250,17484
17270,17418
17271,17548
17252,17318
17273,17274
17274,17530
17255,17349
17257,17350
17258,17398
17240,17383
17261,17277
17278,17401
17280,17426
17280,17327
17262,17404
17262,17387
17229,17558
17229,17521
17281,17361
17281,17500
17246,17405
17263,17365
17283,17310
17283,17335
17285,17339
17269,17373
17287,17374
17288,17395
17288,17418
17273,17347
17275,17319
17275,17290
17290,17511
17291,17487
17291,17348
17257,17378
17257,17379
17292,17420
17293,17321
17293,17351
17294,17380
17259,17576
17259,17381
17299,17355
17300,17301
17302,17496
17303,17424
17304,17326
17279,17358
17279,17305
17305,17426
17307,17362
17307,17363
17308,17364
17309,17389
17284,17311
17311,17478
17284,17391
17313,17366
17314,17366
17286,17455
17286,17367
17315,17392
17315,17368
17317,17396
17289,17397
17318,17375
17319,17598
17320,17377
17320,17460
17321,17461
17294,17490
17296,17632
17296,17323
17323,17353
17324,17514
17325,17421
17241,17421
17241,17297
17297,17298
17300,17385
17326,17400
17279,17471
17327,17403
17328,17403
17328,17404
17282,17429
17282,17362
17307,17538
17331,17332
17333,17432
17333,17431
17310,17389
17312,17407
17312,17408
17314,17455
17316,17410
17342,17414
17344,17568
17344,17548
17289,17486
17346,17440
17347,17419
17348,17487
17352,17462
17352,17380
17295,17398
17295,17491
17323,17399
17354,17492
17298,17515
17355,17422
17355,17384
17301,17448
17301,17516
17357,17467
17357,17517
17303,17498
17277,17469
17327,17402
17359,17451
17360,17451
17360,17361
17362,17475
17363,17430
17329,17502
17329,17330
17330,17406
17364,17452
17332,17453
17310,17540
17335,17433
17337,17391
17337,17407
17338,17435
17339,17481
17314,17436
17367,17392
17340,17410
17341,17369
17369,17545
17341,17370
17371,17372
17371,17412
17372,17437
17343,17439
17343,17417
17345,17396
17345,17486
17349,17376
17376,17377
17378,17550
17378,17489
17379,17489
17379,17442
17351,17420
17351,17443
17295,17463
17353,17399
17383,17445
17383,17553
17356,17423
17356,17385
17385,17466
17303,17468
17304,17449
17304,17425
17387,17585
17361,17500
17388,17427
17388,17537
17364,17615
17391,17479
17366,17504
17366,17436
17367,17506
17368,17483
17340,17411
17340,17544
17370,17507
17370,17393
17373,17437
17373,17438
17394,17415
17394,17456
17374,17485
17396,17529
17397,17458
17397,17569
17375,17509
17375,17440
17380,17490
17398,17491
17381,17534
17399,17578
17353,17399
17400,17425
17400,17470
17401,17470
17401,17519
17386,17450
17402,17472
17404,17612
17406,17452
17406,17539
17389,17588
17407,17503
17408,17435
17408,17480
17409,17563
17392,17483
17411,17411
17341,17566
17341,17507
17393,17412
17412,17437
17413,17620
17374,17457
17395,17417
17395,17673
17418,17595
17419,17419
17376,17376
17420,17630
17420,17443
17353,17701
17422,17447
17384,17465
17384,17423
17423,17495
17424,17496
17425,17449
17386,17386
17426,17638
17403,17472
17405,17500
17427,17473
17428,17429
17428,17474
17429,17559
17430,17614
17430,17502
17431,17453
17431,17560
17432,17476
17433,17523
17433,17540
17390,17561
17436,17482
17410,17543
17411,17526
17393,17691
17437,17438
17438,17669
17414,17649
17414,17527
17416,17456
17416,17508
17439,17457
17439,17528
17440,17510
17441,17460
17444,17552
17421,17493
17447,17464
17447,17494
17422,17494
17384,17495
17424,17497
17449,17469
17425,17583
17426,17557
17403,17611
17453,17740
17454,17524
17455,17542
17456,17672
17417,17547
17419,17571
17459,17511
17460,17532
17443,17461
17461,17462
17462,17601
17446,17554
17464,17515
17448,17466
17466,17581
17448,17635
17467,17555
17467,17536
17469,17636
17470,17705
17386,17519
17473,17474
17474,17613
17475,17559
17475,17538
17452,17522
17476,17587
17476,17665
17390,17523
17390,17709
17477,17561
17478,17642
17478,17479
17479,17503
17481,17504
17481,17525
17483,17593
17484,17527
17484,17594
17485,17508
17485,17546
17457,17567
17457,17528
17458,17569
17458,17509
17488,17550
17489,17573
17491,17658
17492,17579
17492,17514
17493,17554
17464,17494
17494,17535
17465,17535
17465,17608
17496,17517
17497,17498
17468,17498
17468,17609
17471,17556
17471,17610
17472,17611
17499,17520
17502,17664
17480,17503
17480,17562
17435,17616
17435,17643
17505,17542
17506,17667
17506,17645
17507,17745
17508,17621
17486,17596
17509,17597
17510,17570
17487,17678
17461,17655
17490,17551
17512,17512
17512,17659
17513,17534
17514,17605
17515,17607
17495,17580
17516,17555
17516,17582
17517,17536
17496,17497
17468,17685
17518,17609
17520,17639
17521,17558
17521,17687
17451,17640
17451,17451
17501,17896
17501,17537
17473,17586
17523,17762
17524,17689
17524,17591
17504,17618
17526,17544
17526,17647
17528,17622
17529,17675
17529,17626
17510,17510
17487,17549
17531,17549
17376,17654
17532,17600
17533,17630
17490,17574
17535,17608
17519,17584
17500,17736
17537,17586
17538,17614
17522,17539
17539,17664
17522,17641
17540,17876
17541,17642
17503,17590
17525,17617
17525,17618
17542,17592
17545,17565
17545,17648
17527,17649
17548,17723
17510,17628
17530,17571
17511,17791
17511,17678
17550,17629
17534,17604
17552,17579
17552,17730
17553,17606
17553,17731
17536,17732
17557,17610
17557,17638
17558,17758
17502,17663
17502,17739
17561,17710
17562,17590
17562,17616
17563,17666
17563,17617
17564,17690
17543,17646
17543,17668
17544,17619
17565,17647
17565,17715
17527,17717
17546,17811
17547,17622
17547,17673
17568,17624
17568,17768
17569,17651
17571,17652
17530,17530
17550,17680
17573,17629
17573,17794
17574,17656
17551,17656
17551,17657
17577,17631
17579,17702
17554,17704
17580,17581
17581,17798
17556,17734
17556,17706
17451,17759
17559,17613
17559,17738
17560,17958
17560,17587
17588,17761
17589,17688
17591,17742
17591,17666
17593,17646
17544,17714
17566,17648
17566,17745
17595,17650
17595,17623
17597,17628
17570,17628
17570,17840
17572,17677
17599,17653
17600,17679
17600,17680
17602,17602
17602,17659
17576,17660
17576,17603
17603,17603
17578,17683
17605,17890
17605,17606
17606,17731
17607,17704
17607,17755
17608,17661
17580,17661
17555,17582
17555,17732
17609,17685
17611,17735
17612,17735
17612,17756
17587,17665
17588,17741
17590,17786
17616,17711
17617,17743
17592,17712
17619,17668
17619,17765
17620,17669
17620,17906
17594,17717
17594,17718
17546,17719
17622,17720
17623,17624
17623,17692
17624,17692
17624,17722
17625,17674
17625,17724
17625,17693
17626,17725
17596,17725
17596,17651
17597,17627
17627,17651
17572,17676
17598,17677
17598,17653
17629,17793
17630,17681
17601,17655
17574,17601
17574,17727
17575,17657
17576,17682
17603,17631
17604,17631
17604,17796
17632,17633
17632,17774
17578,17633
17633,17797
17634,17684
17582,17635
17582,17848
17636,17686
17636,17637
17610,17706
17610,17638
17639,17662
17639,17757
17586,17737
17614,17738
17614,17708
17641,17781
17641,17782
17643,17763
17643,17806
17618,17744
17592,17644
17592,17832
17645,17713
17645,17690
17647,17715
17621,17719
17652,17726
17652,17771
17653,17791
17654,17698
17654,17699
17655,17932
17656,17727
17575,17728
17578,17752
17661,17916
17635,17778
17585,17850
17585,17822
17640,17759
17613,17737
17663,17708
17663,17739
17664,17781
17642,17805
17642,17831
17666,17666
17667,17712
17667,17713
17646,17902
17668,17787
17648,17788
17648,17767
17670,17671
17649,17716
17672,17718
17672,17945
17673,17721
17650,17721
17674,17860
17674,17724
17626,17626
17626,17749
17628,17884
17678,17750
17679,17699
17681,17772
17681,17887
17657,17795
17657,17728
17659,17816
17659,17729
17660,17729
17660,17817
17603,17682
17684,17753
17684,17776
17686,17819
17636,17779
17687,17707
17640,17707
17640,17824
17665,18001
17688,17785
17688,17830
17689,17855
17646,17764
17691,17746
17669,17905
17669,17906
17671,17716
17649,17908
17692,17747
17693,17724
17693,17769
17694,17769
17695,17748
17696,17861
17677,17930
17697,17698
17679,17751
17680,17844
17700,17700
17700,17816
17682,17682
17683,17752
17683,17775
17701,17775
17701,17753
17703,17754
17704,17755
17685,17819
17686,17891
17705,17733
17705,17821
17706,17734
17687,17800
17708,17898
17711,17763
17711,17786
17689,17742
17712,17809
17713,17879
17690,17879
17715,17766
17691,17858
17691,17963
17716,17907
17718,17859
17720,17836
17720,17837
17721,17838
17650,17838
17650,17747
17725,17749
17726,17885
17698,18031
17699,17843
17727,17773
17727,17795
17730,17777
17730,17754
17732,17818
17733,17734
17733,18176
17735,17849
17707,17801
17738,17897
17708,17780
17739,17780
17740,17760
17741,17761
17741,17783
17709,17762
17709,17710
17710,17829
17689,17807
17742,17807
17666,17807
17666,17743
17743,17808
17714,17765
17714,17882
17745,17810
17746,17944
17717,17834
17722,17789
17722,17813
17723,17768
17748,17770
17749,17966
17725,17967
17726,17862
17751,17843
17751,17844
17729,17864
17729,17817
17682,17913
17752,17866
17753,17846
17731,17953
17735,17799
17757,17918
17757,17974
17758,17823
17758,17852
17759,17853
17736,17853
17736,17896
17740,17827
17763,17806
17744,17832
17767,17767
17719,17909
17719,17835
17747,17789
17768,17813
17771,17814
17771,17841
17750,17750
17772,17845
17772,17815
17774,17796
17774,17797
17776,17777
17776,17868
17754,17890
17731,17847
17755,17992
17778,17798
17778,17848
17779,17820
17779,17891
17756,17849
17756,17850
17780,17873
17781,17782
17782,17802
17760,17826
17760,17827
17761,17875
17784,17959
17765,17787
17765,17881
17766,17856
17766,17788
17767,17833
17769,17770
17790,17841
17791,17968
17792,17969
17795,17950
17728,17933
17728,18056
17797,17889
17775,17867
17777,17869
17798,17994
17759,17919
17759,17895
17781,17976
17802,17826
17762,17828
17762,18003
17785,17829
17785,17830
17804,17854
17805,17877
17805,17831
17808,17941
17808,17961
17809,17832
17809,17942
17788,17883
17810,17833
17810,17857
17811,17835
17811,17910
17812,17837
17789,17838
17789,17813
17768,17926
17723,17768
17769,17983
17793,17794
17794,17845
17818,17934
17818,18117
17799,17892
17799,17871
17822,17894
17822,17917
17800,17852
17800,17801
17801,17824
17825,17936
17802,17920
17802,17874
17826,17874
17761,17939
17761,17959
17829,17921
17786,17901
17787,17880
17787,17903
17788,17923
17833,17883
17834,17859
17835,17965
17836,17910
17836,17837
17837,17925
17723,17927
17839,17884
17840,17929
17840,17885
17841,17886
17842,17930
17750,17969
17843,17949
17793,18016
17793,17989
17794,17989
17815,17845
17816,18092
17817,17888
17796,17913
17796,18073
17846,17868
17846,17915
17847,18059
17847,17953
17819,17972
17849,17871
17849,17893
17851,17872
17823,17851
17823,17852
17824,17919
17826,17899
17803,17830
17803,17854
17831,17854
17786,17940
17806,17922
17806,17878
17855,17878
17856,17904
17856,17923
17857,17858
17857,18008
17859,18010
17837,17981
17813,17946
17861,18013
17861,17911
17841,18029
17863,17988
17844,17912
17815,17815
17815,17887
17864,17951
17865,17888
17867,17914
17867,17915
17870,18060
17848,17934
17850,17997
17872,17955
17851,17872
17801,17956
17853,18153
17874,17920
17875,17938
17875,17939
17876,18002
17803,18206
17877,17940
17877,18065
17878,18005
17855,17960
17832,17962
17880,17902
17880,17903
17882,17904
17882,17943
17858,17963
17834,17908
17834,17924
17838,18428
17723,18011
17860,17927
17860,18012
17884,17929
17862,17947
17862,17886
17845,18036
17888,18017
17866,18074
17869,17869
17890,17991
17848,17954
17891,18020
17871,17892
17850,17893
17852,17935
17896,17936
17897,18043
17897,17975
17898,17975
17873,17898
17873,17976
17827,17977
17827,17958
17900,18044
17900,17937
17900,17938
17879,17942
17881,17903
17881,17943
17904,18006
17883,18008
17906,17964
17907,17908
17909,17945
17909,17965
17885,17987
17885,17947
17886,17886
17912,17949
17912,18016
17887,17932
17866,17914
17866,17952
17914,17952
17915,18038
17868,18038
17868,17869
17916,18145
17916,17993
17892,17973
17871,18021
17893,17996
17894,17997
17894,17917
17918,17998
17918,17974
17919,18099
17920,17957
17899,17957
17899,18000
17921,18003
17921,18080
17901,17922
17902,17980
17923,18007
17905,18009
17907,17964
17926,17946
17926,18011
17928,17984
17928,17985
17928,18054
17911,18013
17911,17986
17929,18108
17931,18030
17933,17970
17913,18018
17934,17971
17917,17998
17936,18061
17937,17978
17938,18121
17901,18004
17922,17979
17922,18005
17941,18125
17941,18047
17903,17980
17943,18066
17924,18067
17924,18010
17910,18051
17910,18069
17927,17982
17947,18028
17948,18015
17949,18032
17932,18171
17951,17990
17951,18017
17952,18074
17869,18057
17954,18146
17954,17971
17955,18041
17851,18022
17851,18023
17935,18023
17939,18064
17959,18045
17942,18083
17942,18229
17944,18025
17945,18165
17945,17965
17966,17967
17967,18107
17947,18014
17930,17968
17968,18015
17950,18137
17950,17970
17971,18019
17972,18148
17972,18020
17955,18022
17935,18099
17977,18000
17958,18120
17940,18161
17940,18004
17960,18005
17960,18081
17961,18047
17962,18298
17962,18083
17944,18127
17964,18049
17965,18051
17946,18131
17966,18026
17930,18029
17930,18234
17989,18035
17989,18036
17991,18039
17953,18059
17953,18095
17992,18172
17992,18173
17993,17994
17995,18150
17973,18243
17973,18076
17997,18151
17974,18097
17974,18040
17935,18201
17999,18062
17976,18177
17957,18177
17957,18063
18000,18063
17977,18156
18001,18157
18001,18158
17978,18044
18002,18046
18004,18123
17979,18123
17979,18005
17980,18208
18006,18066
18006,18048
18007,18048
18007,18126
18008,18085
17964,18230
17981,18069
17981,18129
18011,18087
18011,18088
17982,18088
17982,18052
18012,18053
17983,18053
17983,17984
17984,17985
17985,18054
17986,18026
17966,18055
17988,18031
17988,18032
18016,18090
17970,18114
17990,18092
17990,18072
18017,18072
17993,18221
17994,18197
18019,18147
18019,18075
17996,18021
17998,18118
17998,18096
18022,18077
18024,18100
18002,18045
18002,18179
18003,18226
17980,18084
18008,18126
17963,18085
17963,18025
18025,18127
18009,18086
18009,18049
18010,18068
18012,18052
18012,18255
18013,18487
17986,18013
17986,18070
18026,18070
18027,18071
18028,18071
18014,18028
18014,18214
18015,18134
17969,18110
17969,18030
18030,18216
18033,18034
18034,18035
18037,18171
18018,18336
18018,18093
18038,18195
18039,18058
18020,18198
18021,18076
18021,18021
18040,18041
18040,18199
18041,18098
18023,18201
18042,18203
18043,18062
18043,18119
18047,18228
18049,18164
18050,18106
18051,18232
17984,18089
18013,18070
18055,18070
18055,18212
18029,18256
18029,18133
18031,18111
18032,18112
17989,18113
17989,18091
18056,18262
18056,18261
18038,18142
18057,18058
18057,18143
18058,18094
18060,18196
18060,18116
18061,18101
18061,18371
18063,18102
18064,18121
18064,18122
18045,18159
18065,18104
18066,18182
18048,18163
18067,18068
18067,18128
18068,18277
18052,18168
18053,18210
18054,18211
18071,18109
18073,18093
18073,18139
18074,18141
18059,18218
18078,18154
18078,18101
18062,18155
18079,18158
18082,18124
18082,18105
18085,18209
18088,18167
18090,18136
18090,18284
18036,18236
18036,18260
18092,18191
18072,18138
18093,18288
18074,18194
18094,18143
18095,18116
18095,18218
18075,18147
18075,18117
18076,18316
18096,18097
18096,18222
18077,18098
18098,18152
18077,18200
18101,18204
18102,18156
18044,18178
18103,18122
18080,18421
18080,18401
18104,18161
18081,18180
18081,18105
18083,18181
18086,18164
18106,18128
18069,18166
18069,18279
18087,18167
18089,18169
18107,18186
18107,18281
18108,18213
18108,18187
18109,18132
18110,18215
18110,18170
18111,18216
18112,18135
18112,18136
18091,18189
18091,18236
18039,18144
18039,18115
18116,18599
18117,18339
18118,18151
18097,18223
18099,18295
18100,18270
18100,18154
18119,18205
18119,18244
18120,18225
18123,18250
18105,18448
18124,18125
18125,18227
18126,18209
18086,18184
18129,18130
18129,18279
18087,18131
18131,18280
18087,18185
18132,18187
18133,18133
18111,18257
18135,18135
18136,18188
18137,18171
18137,18217
18114,18217
18114,18261
18138,18238
18138,18192
18140,18141
18141,18308
18143,18265
18146,18197
18146,18147
18149,18176
18149,18175
18149,18314
18150,18415
18150,18293
18118,18222
18120,18343
18121,18178
18121,18321
18122,18246
18160,18247
18124,18323
18162,18207
18127,18183
18167,18254
18169,18211
18109,18214
18134,18235
18134,18215
18142,18290
18142,18239
18039,18309
18145,18173
18145,18219
18174,18219
18175,18198
18175,18292
18176,18267
18151,18268
18152,18199
18152,18269
18153,18224
18153,18270
18155,18443
18155,18205
18157,18225
18157,18245
18158,18245
18178,18320
18159,18373
18159,18179
18179,18297
18161,18249
18181,18298
18181,18207
18163,18252
18163,18253
18127,18346
18183,18184
18183,18275
18184,18275
18128,18277
18165,18231
18165,18278
18168,18254
18168,18326
18186,18212
18186,18281
18109,18353
18188,18332
18188,18284
18171,18358
18190,18237
18190,18191
18192,18263
18192,18238
18193,18287
18195,18289
18195,18264
18172,18196
18196,18310
18173,18242
18197,18266
18199,18223
18200,18269
18200,18201
18202,18341
18203,18296
18203,18224
18154,18204
18205,18342
18177,18397
18158,18319
18208,18251
18208,18377
18182,18500
18182,18425
18209,18253
18164,18276
18128,18325
18210,18255
18210,18327
18211,18329
18212,18433
18213,18213
18133,18256
18133,18282
18215,18383
18216,18355
18135,18258
18171,18286
18172,18242
18172,18310
18219,18312
18220,18221
18221,18291
18198,18292
18222,18317
18224,18369
18154,18270
18204,18395
18206,18322
18206,18248
18227,18273
18227,18323
18228,18273
18228,18403
18207,18207
18229,18560
18229,18251
18209,18378
18231,18300
18232,18278
18232,18584
18233,18328
18187,18353
18214,18330
18217,18358
18217,18335
18237,18307
18191,18459
18191,18263
18239,18265
18240,18309
18241,18391
18218,18571
18243,18294
18243,18315
18223,18317
18223,18514
18201,18318
18225,18343
18245,18319
18246,18372
18246,18373
18247,18473
18226,18247
18226,18421
18248,18272
18248,18344
18249,18345
18249,18447
18251,18299
18230,18324
18230,18453
18254,18410
18214,18302
18256,18330
18234,18282
18234,18303
18257,18283
18257,18411
18258,18283
18258,18331
18259,18305
18236,18306
18261,18335
18262,18307
18262,18388
18238,18263
18238,18287
18242,18311
18266,18313
18266,18439
18267,18365
18267,18366
18271,18444
18272,18345
18272,18446
18274,18375
18207,18476
18253,18425
18275,18380
18278,18300
18254,18350
18255,18326
18281,18352
18283,18331
18260,18385
18285,18333
18286,18334
18286,18504
18261,18359
18288,18462
18288,18337
18264,18289
18264,18290
18290,18363
18291,18313
18291,18392
18292,18364
18293,18340
18293,18441
18269,18418
18295,18419
18295,18341
18296,18341
18270,18369
18297,18373
18297,18374
18273,18778
18253,18479
18275,18379
18276,18380
18276,18347
18277,18407
18279,18301
18301,18301
18255,18430
18282,18547
18304,18304
18304,18356
18284,18332
18284,18413
18305,18413
18305,18384
18306,18384
18306,18357
18260,18357
18287,18336
18308,18463
18308,18361
18289,18362
18309,18490
18310,18414
18311,18414
18311,18338
18312,18338
18313,18393
18294,18340
18294,18416
18315,18316
18315,18416
18316,18513
18317,18367
18318,18442
18296,18369
18270,18370
18319,18398
18320,18399
18320,18321
18323,18402
18298,18404
18299,18405
18299,18424
18279,18584
18301,18408
18301,18381
18327,18430
18327,18328
18328,18546
18329,18486
18329,18351
18302,18455
18302,18434
18331,18412
18332,18356
18333,18334
18333,18387
18334,18387
18335,18489
18307,18436
18336,18389
18337,18360
18337,18390
18289,18465
18312,18338
18339,18469
18314,18364
18314,18365
18340,18441
18342,18443
18342,18444
18343,18497
18321,18400
18322,18401
18322,18344
18344,18422
18345,18474
18346,18607
18346,18379
18324,18347
18324,18453
18325,18348
18325,18407
18279,18408
18349,18610
18350,18429
18350,18409
18351,18588
18352,18433
18352,18647
18330,18590
18354,18457
18357,18385
18359,18388
18359,18505
18360,18460
18361,18362
18361,18437
18309,18391
18312,18467
18339,18394
18364,18512
18365,18366
18366,18415
18367,18417
18368,18368
18370,18395
18372,18400
18372,18373
18374,18473
18374,18420
18376,18404
18377,18424
18377,18451
18378,18426
18378,18480
18379,18482
18347,18427
18347,18452
18324,18526
18381,18381
18326,18410
18326,18485
18382,18431
18353,18454
18353,18455
18355,18530
18355,18411
18356,18412
18385,18386
18388,18458
18390,18506
18390,18461
18362,18464
18363,18438
18363,18466
18391,18570
18392,18468
18392,18439
18368,18515
18341,18496
18370,18517
18371,18518
18371,18470
18396,18740
18397,18521
18399,18472
18399,18541
18401,18445
18402,18449
18402,18720
18375,18403
18403,18721
18375,18580
18404,18475
18406,18481
18380,18482
18380,18427
18408,18502
18409,18429
18409,18410
18383,18456
18383,18613
18411,18531
18356,18532
18413,18488
18384,18488
18384,18567
18358,18504
18358,18489
18365,18535
18415,18492
18416,18553
18417,18767
18369,18517
18395,18537
18398,18662
18398,18472
18421,18666
18422,18445
18422,18446
18423,18525
18405,18477
18405,18478
18424,18478
18425,18479
18427,18452
18407,18640
18407,18583
18428,18484
18428,18609
18429,18527
18410,18563
18430,18564
18431,18546
18431,18486
18432,18487
18434,18529
18435,18456
18412,18593
18413,18549
18436,18459
18436,18533
18414,18623
18394,18440
18441,18553
18418,18516
18418,18494
18442,18495
18443,18658
18444,18519
18373,18542
18420,18558
18420,18473
18446,18606
18448,18449
18448,18559
18450,18450
18450,18477
18451,18500
18451,18581
18426,18480
18426,18481
18452,18526
18381,18484
18381,18585
18433,18675
18434,18503
18456,18678
18457,18566
18457,18565
18459,18912
18461,18506
18461,18507
18437,18463
18437,18464
18465,18508
18465,18550
18466,18509
18467,18491
18467,18624
18468,18491
18468,18510
18469,18511
18469,18625
18394,18653
18441,18654
18471,18555
18472,18556
18473,18523
18445,18698
18447,18474
18474,18577
18447,18524
18449,18719
18475,18580
18475,18476
18450,18561
18478,18638
18479,18480
18453,18639
18483,18583
18484,18585
18487,18528
18454,18647
18454,18454
18455,18648
18488,18594
18385,18618
18460,18568
18460,18506
18462,18507
18462,18463
18464,18508
18490,18551
18491,18686
18439,18511
18492,18493
18492,18626
18494,18495
18494,18554
18471,18519
18497,18539
18497,18540
18445,18576
18498,18499
18498,18543
18498,18544
18499,18544
18499,18579
18476,18560
18477,18561
18500,18581
18481,18607
18482,18582
18501,18608
18502,18562
18502,18585
18486,18587
18489,18595
18462,18685
18463,18651
18508,18550
18509,18534
18510,18600
18510,18687
18514,18515
18514,18603
18515,18516
18495,18536
18517,18573
18518,18537
18518,18691
18519,18628
18520,18574
18520,18521
18472,18632
18522,18664
18473,18605
18523,18575
18524,18747
18524,18578
18527,18586
18527,18644
18486,18588
18528,18674
18528,18675
18529,18612
18530,18531
18531,18614
18504,18619
18505,18505
18533,18622
18506,18506
18507,18569
18509,18597
18512,18840
18512,18552
18535,18552
18535,18602
18513,18688
18513,18819
18516,18554
18536,18627
18536,18712
18517,18690
18537,18573
18538,18743
18521,18574
18521,18844
18539,18661
18539,18630
18540,18631
18541,18557
18541,18696
18542,18558
18542,18634
18525,18636
18525,18543
18543,18668
18545,18579
18526,18781
18547,18548
18530,18566
18530,18650
18532,18680
18532,18617
18549,18549
18504,18595
18505,18621
18550,18596
18509,18596
18534,18597
18534,18598
18511,18738
18552,18601
18516,18689
18554,18604
18495,18604
18495,18689
18540,18715
18556,18557
18556,18663
18557,18633
18544,18668
18562,18643
18563,18644
18563,18611
18485,18611
18485,18564
18564,18645
18547,18649
18565,18592
18565,18730
18566,18730
18567,18594
18567,18618
18504,18620
18505,18732
18533,18533
18568,18683
18568,18684
18569,18765
18569,18685
18551,18598
18551,18570
18571,18599
18553,18572
18555,18693
18555,18660
18540,18695
18558,18772
18577,18578
18577,18667
18578,18635
18579,18699
18559,18700
18580,18669
18560,18748
18561,18637
18581,18638
18583,18641
18584,18672
18562,18784
18546,18646
18546,18587
18589,18677
18590,18705
18590,18963
18591,18649
18592,18613
18592,18833
18593,18616
18593,18679
18594,18706
18505,18810
18597,18708
18551,18598
18571,18792
18599,18652
18601,18793
18601,18602
18603,18842
18604,18689
18573,18690
18573,18769
18574,18795
18605,18697
18605,18773
18575,18665
18576,18698
18576,18606
18606,18667
18580,18779
18607,18750
18582,18780
18582,18829
18608,18671
18608,18672
18584,18753
18585,18724
18609,18610
18613,18805
18614,18615
18615,18616
18549,18617
18549,18761
18618,18618
18619,18681
18619,18682
18620,18682
18595,18620
18621,18622
18623,18624
18625,18738
18625,18709
18602,18818
18572,18688
18603,18871
18627,18655
18627,18712
18628,18659
18628,18692
18629,18714
18630,18694
18630,18631
18631,18695
18633,18663
18633,18696
18636,18775
18637,18723
18637,18749
18638,18702
18638,18827
18642,18671
18609,18754
18610,18755
18611,18725
18645,18673
18645,18727
18646,18673
18546,18704
18588,18728
18648,18677
18612,18648
18612,18705
18617,18760
18620,18764
18621,18732
18596,18791
18596,18708
18570,18916
18570,18893
18623,18735
18624,18736
18653,18710
18626,18739
18626,18654
18654,18841
18655,18656
18655,18713
18656,18872
18656,18713
18657,18658
18658,18741
18659,18742
18659,18770
18661,18744
18661,18745
18662,18715
18662,18746
18632,18822
18632,18716
18663,18716
18664,18796
18664,18978
18668,18718
18639,18830
18639,18751
18670,18782
18640,18752
18640,18641
18671,18831
18611,18785
18588,18857
18674,18961
18674,18756
18675,18881
18647,18786
18676,18677
18649,18757
18679,18807
18679,18731
18680,18731
18680,18759
18617,18759
18681,18762
18682,18763
18622,18811
18683,18733
18683,18684
18685,18790
18652,18734
18652,18814
18686,18817
18686,18737
18653,18945
18690,18873
18691,18740
18691,18769
18692,18770
18692,18693
18660,18693
18660,18743
18695,18821
18665,18845
18665,18717
18666,18717
18666,18923
18698,18823
18667,18824
18636,18848
18636,18718
18699,18797
18699,18777
18669,18722
18669,18825
18701,18779
18702,18749
18702,18904
18703,18750
18640,18855
18641,18878
18672,18831
18644,18856
18644,18725
18673,18880
18704,18802
18705,18832
18678,18729
18678,18804
18614,18758
18614,18807
18681,18809
18595,18764
18595,18789
18707,18789
18684,18812
18687,18896
18687,19074
18709,18710
18709,18738
18711,18869
18688,18919
18689,18712
18713,18768
18714,18744
18714,18820
18694,18745
18694,18821
18715,18952
18696,18796
18697,18772
18697,18773
18717,18954
18718,18776
18700,18777
18719,18720
18719,18850
18720,18851
18721,18722
18721,18778
18723,18748
18723,18826
18641,18800
18725,18785
18726,18727
18727,18908
18677,18931
18705,18909
18730,18965
18731,18835
18618,18788
18684,18864
18734,18867
18734,18974
18741,18742
18742,18770
18745,18899
18746,18953
18716,19056
18747,18925
18747,18775
18722,18798
18748,18852
18750,18828
18751,18905
18751,18782
18753,18783
18724,18784
18724,18982
18754,18982
18754,18879
18757,18803
18729,18803
18729,18860
18758,18806
18759,18835
18760,18761
18761,18886
18762,18808
18764,18937
18732,18888
18732,18811
18733,18863
18733,18914
18765,18812
18765,18790
18708,18892
18708,18766
18735,18918
18735,18736
18736,18816
18738,19102
18739,18794
18739,18841
18767,18819
18767,18870
18712,18843
18768,18843
18740,18769
18740,18949
18741,18898
18770,18977
18743,18994
18744,18820
18746,18771
18771,18822
18772,19174
18773,18845
18774,18824
18776,18797
18776,18926
18779,18825
18749,18826
18780,18853
18780,18829
18781,18781
18781,18854
18752,18799
18752,18855
18783,18784
18755,18879
18755,18801
18785,18856
18704,18704
18786,18962
18786,18858
18757,18882
18757,18883
18787,18806
18758,18834
18788,18886
18788,18936
18762,18837
18763,18809
18763,18838
18733,18839
18793,18840
18793,18993
18794,18818
18795,18921
18775,18848
18797,18849
18777,18875
18778,18876
18782,18799
18800,18878
18801,18959
18801,19001
18802,18984
18806,18884
18807,18834
18760,18861
18808,18836
18809,18862
18789,18810
18789,18937
18811,18938
18790,18890
18813,18865
18791,18866
18791,18891
18792,18973
18792,18867
18814,18868
18814,18894
18818,18993
18794,18947
18768,18872
18820,18844
18821,18899
18822,18874
18796,18997
18823,18924
18823,18846
18824,19024
18777,18900
18777,18956
18828,18853
18828,18980
18830,18854
18830,18905
18782,18906
18799,18907
18831,19063
18803,18883
18804,19038
18804,18805
18805,18833
18807,18935
18835,18885
18837,18862
18810,18911
18810,18888
18815,18868
18815,18943
18816,18944
18816,18895
18817,18895
18817,18896
18819,19020
18819,19075
18843,19051
18769,18873
18847,18955
18775,18925
18849,18900
18849,18926
18825,18902
18825,18903
18826,18904
18853,19061
18829,18999
18855,18928
18857,18984
18857,19065
18858,19088
18858,18931
18832,18909
18832,18859
18805,19094
18833,18964
18834,18884
18835,19004
18861,18885
18861,18966
18836,18967
18839,18940
18839,18969
18812,18864
18864,18914
18812,19071
18865,18890
18865,18915
18866,18915
18867,18942
18868,18917
18869,18992
18869,19103
18840,18946
18841,18947
18842,18870
18842,18920
18873,19053
18844,18951
18820,19022
18874,18995
18874,18922
18845,18954
18846,18979
18850,18875
18850,18927
18851,18927
18851,18901
18778,18901
18852,18957
18852,18904
18877,19060
18854,18958
18878,18929
18831,19031
18856,18959
18880,18908
18880,18930
18881,18961
18881,19087
18883,18932
18885,18966
18862,18887
18863,18889
18889,18913
18889,18939
18863,18940
18890,19047
18866,18941
18891,18892
18893,18971
18893,18972
18894,18974
18894,19049
18895,18944
18870,18948
18871,18920
18871,18975
18872,18976
18900,19151
18875,18956
18876,18902
18903,18957
18903,19058
18905,19028
18879,19000
18908,18960
18882,18963
18882,18932
18910,18964
18884,18965
18911,18937
18911,19010
18888,18968
18912,18913
18912,19012
18914,18969
18915,18970
18891,19014
18892,18989
18916,18971
18917,18943
18918,19016
18918,18944
18896,19073
18920,19127
18897,18975
18898,18949
18898,19128
18921,18950
18921,19104
18899,19078
18923,18924
18923,18954
18924,19108
18925,19024
18927,19227
18876,18901
18902,19110
18906,19062
18906,18907
18907,18928
18928,19029
18929,18981
18929,19156
18909,19091
18932,19037
18933,18934
18934,18965
18884,19039
18936,18987
18936,19006
18862,19009
18913,18988
18940,19046
18944,19073
18945,19050
18945,18992
18919,19018
18919,19019
18897,19149
18950,18951
18950,19055
18952,18953
18952,19079
18848,18998
18848,19025
18926,19025
18926,19026
18956,19151
18957,19059
18959,19032
18959,19114
18931,19089
18909,19092
18963,19003
18935,19040
18935,18986
18966,19005
18886,19042
18886,18987
18967,19007
18967,19008
18968,19010
18968,19011
18938,19011
18938,19069
18941,18970
18970,19144
18941,19014
18972,19015
18973,19015
18973,18991
18942,18991
18942,19101
18974,19049
18943,19016
18947,19148
18948,19075
18948,19021
18975,19076
18976,19052
18976,19220
18949,19297
18951,19077
18951,19022
18953,18995
18978,19107
18978,19023
18954,19174
18955,18979
18979,19108
18955,19024
18876,19152
18980,19060
18980,19061
18958,18999
18958,19083
18981,19030
18960,18983
18960,19064
18961,19233
18961,19185
18962,19087
18962,19160
18985,19037
18964,19067
18965,19120
18935,19095
18986,19004
18986,19041
18987,19364
18937,19043
18988,19013
18988,19045
18990,19048
18972,19146
18991,19168
18947,19172
18977,19129
18977,19054
18994,19054
18996,19057
18997,19106
18997,19082
18954,19204
18982,19112
19000,19112
19000,19085
19002,19064
19003,19093
19003,19262
19004,19096
19005,19005
19006,19007
19006,19068
19007,19097
19008,19097
19010,19043
18969,19046
18969,19143
19014,19098
18989,19098
18989,19048
18971,19146
19015,19100
19016,19216
18993,19148
19017,19018
19017,19195
19019,19020
19019,19248
19022,19355
19023,19082
19023,19132
18998,19253
18998,19025
19026,19151
19026,19484
18999,19155
19027,19083
19028,19062
19028,19177
19029,19084
19030,19063
18982,19182
19001,19085
19001,19159
19033,19086
19034,19116
18984,19065
18984,19117
19035,19089
19036,19093
19038,19066
19038,19094
19039,19040
19040,19095
19004,19121
19008,19189
19043,19284
19011,19122
19012,19044
19012,19045
19045,19124
19046,19124
19047,19072
19047,19125
19048,19098
19048,19099
19050,19126
18992,19050
18992,19103
19020,19249
19052,19199
19055,19077
18995,19130
18995,19080
19057,19150
19057,19106
19058,19110
19058,19207
19060,19175
19062,19111
19030,19229
19063,19178
19031,19138
19031,19179
19065,19184
19037,19119
19066,19119
19067,19094
19067,19120
19039,19163
19008,19164
19069,19122
19069,19070
19070,19142
19070,19123
19044,19123
19071,19143
19071,19072
19072,19125
19049,19269
19074,19147
19076,19127
19076,19197
19052,19198
19053,19221
19053,19201
19055,19077
19080,19081
19081,19105
19056,19131
19024,19226
19059,19135
19059,19153
19061,19154
19083,19176
19084,19156
19085,19158
19086,19115
19064,19139
19087,19185
19089,19161
19090,19118
19097,19141
19069,19142
19012,19285
19071,19192
19099,19193
19099,19167
19100,19215
19100,19168
19073,19169
19074,19170
19102,19170
19050,19171
19103,19245
19075,19196
19055,19104
19078,19222
19078,19173
19079,19173
19079,19223
19056,19105
19082,19203
19082,19225
19108,19276
19110,19207
19111,19137
19113,19183
19114,19115
19086,19086
19088,19160
19088,19161
19091,19140
19091,19208
19092,19208
19092,19236
19093,19209
19094,19464
19095,19163
19095,19210
19122,19315
19012,19267
19101,19101
19102,19102
19126,19291
19126,19171
19127,19428
19128,19129
19128,19352
19129,19252
19054,19252
19054,19274
19104,19393
19130,19223
19130,19202
19131,19150
19106,19224
19107,19132
19132,19225
19107,19398
19109,19133
19134,19135
19134,19207
19136,19154
19111,19177
19114,19260
19116,19139
19116,19335
19118,19313
19118,19140
19140,19186
19119,19237
19120,19264
19121,19210
19121,19415
19142,19142
19123,19190
19123,19191
19124,19212
19143,19214
19125,19242
19144,19145
19149,19197
19149,19351
19109,19152
19157,19181
19157,19231
19112,19278
19115,19310
19086,19334
19139,19334
19160,19234
19161,19235
19118,19279
19119,19187
19162,19238
19163,19448
19141,19164
19141,19239
19164,19188
19166,19265
19142,19190
19124,19241
19125,19287
19144,19242
19147,19217
19147,19244
19148,19755
19172,19219
19172,19218
19151,19329
19175,19255
19175,19303
19154,19303
19155,19176
19176,19257
19177,19258
19179,19180
19179,19305
19180,19181
19180,19305
19181,19230
19157,19277
19182,19231
19112,19307
19158,19307
19158,19159
19159,19232
19183,19232
19183,19260
19114,19310
19184,19407
19184,19311
19164,19239
19188,19189
19165,19240
19165,19211
19192,19214
19192,19287
19098,19268
19098,19243
19193,19243
19167,19193
19167,19316
19146,19423
19146,19215
19101,19168
19101,19318
19194,19270
19169,19271
19170,19349
19102,19290
19171,19388
19195,19247
19195,19293
19196,19324
19196,19272
19197,19250
19198,19220
19198,19295
19199,19200
19199,19295
19173,19326
19150,19224
19203,19275
19203,19327
19174,19204
19204,19299
19205,19253
19206,19541
19155,19256
19178,19359
19182,19377
19159,19308
19185,19337
19186,19279
19186,19280
19208,19281
19209,19236
19209,19262
19210,19341
19189,19240
19190,19266
19191,19266
19212,19213
19213,19286
19144,19288
19215,19386
19168,19317
19169,19217
19169,19319
19217,19319
19102,19321
19219,19292
19218,19219
19220,19294
19221,19325
19221,19430
19201,19273
19201,19296
19222,19355
19222,19394
19224,19275
19225,19298
19174,19482
19226,19356
19226,19301
19227,19330
19227,19331
19228,19254
19156,19486
19156,19229
19179,19304
19230,19306
19231,19333
19232,19362
19185,19261
19185,19444
19235,19410
19235,19338
19237,19339
19238,19264
19238,19491
19191,19267
19191,19344
19241,19345
19242,19288
19243,19498
19216,19387
19245,19246
19245,19370
19218,19322
19247,19292
19247,19427
19220,19429
19251,19325
19223,19371
19253,19302
19207,19372
19254,19255
19255,19357
19256,19358
19257,19258
19257,19332
19229,19259
19260,19309
19233,19337
19234,19261
19234,19462
19262,19447
19263,19413
19264,19413
19240,19365
19240,19492
19265,19524
19265,19314
19266,19344
19214,19286
19214,19383
19268,19347
19269,19367
19269,19387
19216,19348
19270,19271
19271,19319
19218,19474
19248,19350
19248,19249
19249,19323
19252,19353
19252,19274
19275,19396
19276,19433
19254,19403
19229,19621
19277,19306
19277,19333
19233,19233
19261,19444
19279,19363
19236,19281
19281,19446
19236,19489
19237,19340
19282,19340
19283,19342
19239,19364
19239,19365
19284,19314
19284,19315
19267,19366
19267,19285
19285,19468
19286,19346
19286,19421
19287,19383
19287,19422
19216,19502
19290,19291
19290,19369
19291,19452
19293,19350
19272,19390
19272,19391
19296,19297
19297,19587
19274,19354
19299,19300
19299,19399
19276,19300
19276,19459
19301,19540
19302,19328
19302,19540
19258,19332
19258,19660
19304,19439
19304,19376
19278,19377
19278,19360
19307,19360
19309,19405
19309,19378
19310,19406
19311,19336
19311,19461
19312,19336
19314,19418
19288,19469
19316,19385
19317,19450
19317,19318
19318,19367
19270,19348
19320,19424
19321,19349
19321,19425
19292,19584
19293,19427
19323,19324
19323,19507
19324,19389
19294,19392
19294,19429
19295,19611
19325,19455
19296,19534
19326,19395
19326,19431
19298,19327
19327,19479
19298,19397
19300,19399
19301,19356
19330,19331
19331,19401
19303,19373
19305,19306
19308,19360
19308,19361
19310,19378
19334,19379
19336,19442
19313,19363
19339,19381
19340,19490
19342,19343
19342,19465
19343,19364
19343,19417
19344,19420
19267,19495
19345,19382
19346,19382
19346,19421
19316,19384
19289,19449
19270,19319
19349,19451
19350,19475
19355,19615
19298,19480
19329,19542
19329,19434
19330,19434
19358,19374
19332,19436
19306,19306
19333,19784
19362,19404
19362,19405
19335,19380
19335,19407
19337,19520
19337,19409
19313,19411
19363,19445
19341,19448
19341,19414
19365,19553
19315,19493
19366,19420
19366,19495
19347,19497
19289,19450
19367,19674
19319,19471
19368,19424
19349,19504
19369,19452
19370,19388
19370,19426
19351,19477
19351,19392
19352,19614
19352,19353
19353,19508
19354,19456
19354,19393
19356,19511
19330,19485
19372,19402
19372,19460
19357,19403
19357,19512
19373,19374
19374,19546
19359,19437
19359,19513
19375,19438
19306,19549
19333,19688
19360,19569
19360,19641
19381,19447
19364,19417
19364,19466
19315,19467
19382,19577
19383,19526
19288,19527
19347,19528
19385,19500
19387,19530
19369,19425
19369,19472
19389,19390
19389,19507
19390,19453
19351,19454
19392,19560
19394,19457
19394,19458
19371,19509
19371,19536
19396,19591
19396,19510
19397,19398
19398,19432
19399,19483
19400,19433
19401,19713
19373,19545
19373,19546
19358,19659
19358,19436
19306,19623
19377,19516
19378,19517
19334,19406
19334,19518
19379,19441
19380,19441
19407,19488
19408,19599
19410,19462
19410,19463
19313,19463
19411,19445
19412,19521
19413,19464
19414,19415
19415,19667
19416,19465
19364,19552
19418,19554
19418,19693
19315,19494
19419,19420
19421,19496
19422,19526
19422,19527
19384,19498
19384,19499
19385,19499
19386,19423
19423,19579
19386,19501
19348,19502
19348,19531
19425,19472
19388,19583
19426,19505
19426,19506
19391,19476
19391,19428
19429,19680
19430,19478
19393,19456
19395,19458
19397,19538
19434,19564
19401,19565
19435,19566
19403,19544
19403,19594
19436,19660
19437,19595
19438,19513
19438,19487
19405,19597
19442,19443
19409,19520
19409,19444
19445,19551
19413,19574
19448,19491
19414,19666
19417,19465
19417,19604
19319,19581
19424,19471
19424,19503
19451,19503
19451,19504
19452,19556
19427,19609
19428,19585
19430,19534
19430,19612
19456,19508
19395,19458
19395,19431
19431,19509
19459,19483
19459,19618
19433,19539
19439,19487
19439,19514
19440,19548
19461,19550
19461,19519
19442,19519
19444,19600
19462,19601
19446,19521
19446,19522
19447,19646
19464,19490
19413,19523
19413,19692
19467,19525
19420,19495
19468,19628
19468,19649
19470,19529
19449,19450
19319,19531
19471,19532
19424,19532
19473,19506
19473,19676
19453,19476
19476,19585
19454,19477
19454,19586
19455,19533
19455,19478
19457,19561
19457,19535
19479,19510
19479,19537
19480,19537
19480,19538
19481,19657
19482,19657
19482,19562
19484,19563
19484,19542
19485,19564
19485,19565
19460,19619
19460,19714
19486,19547
19486,19621
19406,19570
19406,19624
19488,19571
19488,19550
19444,19626
19463,19551
19489,19522
19489,19627
19491,19647
19448,19647
19466,19552
19466,19575
19494,19576
19494,19525
19467,19467
19496,19578
19469,19497
19499,19555
19500,19555
19500,19529
19449,19501
19501,19673
19503,19582
19504,19582
19472,19630
19505,19506
19473,19795
19475,19678
19475,19610
19453,19557
19476,19558
19477,19559
19478,19633
19508,19614
19509,19616
19510,19656
19483,19780
19512,19545
19512,19567
19487,19638
19514,19548
19515,19568
19516,19568
19516,19596
19441,19716
19441,19690
19519,19572
19520,19573
19521,19663
19490,19664
19523,19603
19492,19524
19524,19554
19496,19605
19497,19528
19528,19606
19449,19580
19450,19580
19450,19607
19530,19608
19502,19697
19531,19794
19532,19581
19505,19505
19533,19703
19533,19774
19534,19613
19535,19590
19535,19589
19395,19590
19536,19708
19536,19803
19538,19709
19511,19634
19541,19563
19542,19737
19543,19636
19546,19620
19514,19639
19548,19622
19517,19598
19517,19570
19551,19645
19522,19719
19464,19602
19464,19574
19465,19648
19465,19604
19552,19668
19553,19575
19492,19553
19492,19812
19495,19724
19495,19628
19527,19629
19498,19606
19498,19672
19499,19672
19529,19579
19556,19583
19556,19675
19507,19653
19507,19557
19557,19558
19558,19631
19559,19679
19559,19632
19560,19586
19537,19682
19539,19618
19539,19634
19563,19712
19564,19635
19565,19635
19545,19739
19513,19595
19513,19638
19549,19640
19549,19623
19568,19662
19570,19570
19570,19624
19550,19572
19572,19625
19573,19599
19573,19600
19574,19603
19575,19668
19577,19650
19526,19578
19578,19605
19526,19770
19497,19694
19579,19673
19580,19607
19582,19837
19583,19699
19584,19757
19584,19609
19585,19631
19560,19701
19587,19705
19587,19681
19561,19615
19561,19589
19590,19654
19591,19655
19591,19656
19540,19711
19566,19685
19566,19658
19592,19637
19593,19686
19569,19596
19596,19662
19569,19641
19598,19643
19550,19644
19599,20108
19600,19626
19601,19717
19601,19718
19602,19788
19602,19665
19553,19669
19605,19650
19606,19773
19579,19817
19580,19695
19607,19695
19581,19753
19557,19732
19586,19797
19612,19633
19612,19613
19588,19917
19615,19707
19589,19654
19617,19617
19618,19845
19540,19736
19541,19736
19541,19828
19619,19683
19619,19714
19620,19739
19620,19659
19622,19639
19622,19640
19597,19642
19570,19689
19571,19690
19625,19644
19627,19719
19627,19691
19604,19749
19554,19750
19554,19670
19628,19725
19608,19696
19609,19840
19610,19678
19610,19653
19631,19758
19632,19679
19632,19797
19611,19702
19613,19775
19614,19614
19615,19778
19616,19779
19616,19708
19636,19804
19636,19684
19637,19658
19637,19715
19595,19621
19595,19741
19638,19687
19639,19687
19640,19742
19623,19742
19642,19643
19624,19689
19624,19716
19626,19745
19649,19726
19629,19752
19651,19728
19630,19652
19630,19675
19653,19796
19611,19703
19633,19774
19614,19761
19617,19655
19617,19866
19655,19735
19657,20025
19635,19713
19658,19738
19621,19849
19623,19661
19661,19688
19623,19661
19641,19853
19642,19743
19645,19746
19645,19663
19646,19747
19646,19664
19664,19788
19665,19832
19665,19721
19647,19748
19666,19789
19666,19810
19667,19722
19648,19722
19648,19923
19669,19768
19669,19723
19649,19671
19649,19727
19671,19727
19672,19816
19674,19728
19674,19729
19630,19819
19675,19754
19677,19756
19677,19883
19677,19839
19678,19731
19611,19887
19654,19734
19656,19735
19682,19763
19634,19892
19683,19713
19685,19919
19685,19805
19659,19740
19660,19807
19687,19971
19688,19783
19643,19743
19689,19785
19690,19809
19644,19644
19663,19767
19691,19720
19691,19830
19692,19692
19668,19749
19668,19768
19670,19750
19670,19693
19650,19792
19694,19773
19694,19772
19673,19793
19695,19728
19696,19729
19697,19730
19698,19753
19699,19915
19700,19755
19679,19758
19680,19701
19701,19798
19680,19702
19703,19821
19681,19776
19681,19760
19704,19760
19705,19801
19706,19777
19707,19762
19708,19803
19709,19710
19709,20163
19711,19827
19683,19893
19715,19738
19715,19765
19686,19765
19623,19899
19662,19784
19662,19852
19717,19872
19717,19787
19720,19747
19646,19875
19693,19791
19725,19726
19725,19814
19726,19769
19727,19769
19729,19910
19696,19818
19730,19911
19697,19730
19731,19957
19731,19864
19679,19841
19680,19798
19702,20048
19705,19800
19733,19777
19734,19802
19734,19779
19735,19825
19736,19827
19712,19828
19712,19737
19737,19995
19713,19846
19713,19781
19714,19804
19714,19782
19738,19848
19741,19808
19743,19785
19744,19786
19718,19787
19718,19766
19746,19766
19746,19873
19719,19767
19720,19874
19747,19831
19721,19832
19721,19855
19722,19860
19723,19833
19723,19812
19750,19924
19693,19906
19751,19813
19752,19770
19752,20043
19754,19984
19699,19754
19699,19838
19755,20012
19756,19757
19757,20126
19758,19841
19759,19821
19760,19823
19761,19801
19764,19780
19765,19896
19740,19806
19740,19807
19742,19938
19716,19870
19716,19871
19745,19921
19766,20032
19767,19939
19719,19830
19692,19903
19748,19922
19749,19811
19771,19772
19772,19908
19697,19913
19753,19794
19755,20125
19756,19839
19774,19959
19775,19799
19775,19888
19761,19962
19761,19891
19762,19844
19778,19802
19778,19844
19779,19931
19763,19825
19780,19826
19781,19846
19781,19893
19739,19867
19784,19829
19785,20062
19786,19786
19790,19859
19768,19833
19791,19813
19791,19876
19792,19878
19792,19907
19770,19907
19770,19879
19773,19908
19773,19909
19793,19817
19793,19835
19697,19912
19794,19882
19753,19836
19799,19822
19776,19822
19776,19928
19777,19824
19802,19965
19782,19937
19782,19894
19804,19847
19805,19848
19805,19895
19783,19899
19783,19850
19786,19809
19788,19832
19748,19978
19748,19856
19789,19856
19789,19857
19810,19857
19810,19858
19811,19923
19811,19904
19812,19861
19813,19877
19815,19862
19816,19862
19816,19880
19818,19863
19818,19911
19819,20044
19820,19838
19795,19915
19795,19927
19796,19885
19797,19865
19798,19916
19798,19989
19821,19842
19823,19843
19823,19889
19800,19801
19801,19891
19803,20023
19803,19966
19826,19845
19826,19933
19827,19935
19828,20166
19807,20201
19808,19898
19808,19868
19829,19851
19829,19920
19786,19871
19809,19900
19787,19901
19830,19874
19814,20117
19769,19814
19769,19878
19835,19953
19835,19926
19836,19837
19836,20010
19838,19956
19841,19988
19821,19958
19800,19843
19843,19889
19800,19890
19777,19964
19844,19930
19825,19967
19847,19894
19847,20028
19848,19896
19849,19897
19849,19969
19850,19851
19851,19851
19853,19869
19854,19900
19830,19940
19831,19874
19831,19902
19832,19944
19855,19977
19856,19857
19858,19859
19859,20088
19861,19947
19861,19905
19834,19834
19817,19880
19817,19953
19837,19955
19840,20159
19840,20013
19865,20017
19865,20047
19822,19990
19824,19929
19866,19966
19866,20053
19845,19918
19867,20134
19850,19999
19852,19920
19852,19869
19809,19871
19809,20063
19872,19921
19872,19901
19873,19975
19875,19942
19875,19943
19855,20036
19858,19979
19833,19904
19876,19877
19877,20116
19878,20118
19879,19949
19879,19925
19862,19952
19880,20122
19881,19881
19882,19913
19882,20010
19839,19883
19883,19987
19839,20187
19864,20076
19864,19884
19885,19886
19886,20015
19886,20014
19888,19960
19892,19994
19892,19934
19895,19919
19897,20058
19851,20030
19871,20002
19902,19941
19902,19942
19903,19977
19903,19945
19857,19946
19833,20039
19876,20007
19908,19951
19834,19909
19909,20008
19834,19952
19881,19954
19912,19913
19914,20070
19915,20045
19885,20014
19889,19928
19889,19991
19890,19992
19890,19961
19891,19961
19891,19962
19917,19993
19918,19933
19918,20026
19893,19937
19893,20056
19894,19937
19919,20028
19895,20057
19896,19968
19897,19897
19899,19998
19899,20029
19920,20000
19900,20003
19921,20064
19874,19976
19922,19945
19922,20037
19904,19980
19833,19947
19905,19947
19905,20180
19906,19924
19924,19981
19906,20007
19907,19949
19925,19949
19925,20043
19912,20154
19913,20155
19927,19985
19927,20073
19916,20017
19916,19989
19928,20049
19929,20021
19929,19964
19930,20022
19930,19965
19931,20095
19931,20052
19932,20024
19934,20081
19934,20098
19936,20167
19919,19996
19939,20066
19939,20033
19943,20005
19943,20004
19944,20006
19944,20035
19923,20068
19948,19981
19950,19951
19951,20008
19926,20009
19926,19982
19911,20276
19911,20153
19956,19984
19956,20011
19958,20093
19958,20019
19959,20019
19959,20020
19960,19990
19962,20192
19963,20021
19964,20226
19966,20096
19967,20053
19967,20024
19933,20055
19935,20027
19935,20100
19968,20199
19968,20285
19970,20102
19971,20082
19971,20083
19938,19998
19920,20084
19972,20105
19973,20031
19974,20062
19901,20065
19975,20032
19941,19976
19976,20034
19941,19942
19942,20004
19945,20145
19980,20213
19980,20039
19907,20042
19952,20121
19953,20009
19954,19982
19954,19983
19955,20070
19985,20045
19985,20073
19986,20073
19987,20012
19987,20158
19957,20013
19957,20076
19988,20016
19990,20362
19991,19992
19991,20050
19992,20051
19961,20051
19993,20256
19993,20078
19965,20094
19965,20095
19994,20099
19994,20098
19937,20169
19969,20058
19969,20102
19997,20059
19938,20059
19999,20029
19999,20060
20001,20061
19901,19901
19940,20033
19940,20110
20005,20006
20004,20005
20006,20144
19977,20113
19978,20037
19978,20212
19946,19979
19979,20088
19981,20180
19981,20181
20007,20181
19982,20123
19954,20089
19955,20010
19984,20071
19984,20072
20011,20072
20011,20090
20013,20075
20014,20015
20016,20188
19989,20092
20018,20077
20020,20128
20020,20129
20022,20078
20022,20094
20023,20052
20023,20079
20025,20055
20026,20081
20027,20099
20027,20165
19995,20133
19995,20197
20028,20283
19998,20103
20030,20060
20030,20104
20000,20173
20002,20137
20002,20086
20003,20063
20003,20107
20033,20176
20035,20036
20037,20145
19946,19946
20038,20115
20039,20039
19947,20149
20040,20116
20041,20117
20008,20152
20008,20183
20009,20123
20044,20218
20012,20091
20015,20046
20015,20254
19988,20046
20046,20254
20017,20306
20017,20160
19989,20160
20048,20092
20048,20190
20019,20191
20049,20330
20049,20050
20050,20051
20021,20226
20052,20130
20053,20194
20024,20195
20054,20164
20025,20132
20055,20229
20026,20097
20028,20198
20058,20171
20059,20205
20029,20060
20061,20085
20031,20085
20031,20106
20062,20106
20063,20138
20064,20087
20064,20175
20065,20141
19901,20109
20032,20142
20066,20142
20034,20034
20035,20144
20036,20209
20036,20112
20067,20112
20037,20114
19946,20146
20039,20179
20042,20151
20043,20043
20069,20121
20010,20156
20044,20157
20044,20355
20071,20219
20071,20220
20072,20090
20045,20409
20045,20124
20074,20184
20075,20159
20075,20076
20080,20131
20081,20230
20056,20168
20084,20104
20061,20136
20085,20208
20087,20087
20066,20143
20034,20111
20088,20147
20068,20148
20068,20178
20039,20214
20042,20249
20042,20300
20089,20216
20089,20217
20070,20157
20091,20185
20091,20158
20076,20224
19988,20225
20092,20189
20077,20161
20077,20093
20093,20444
20051,20255
20094,20227
20095,20227
20079,20130
20079,20363
20096,20257
20096,20162
20098,20231
20100,20165
20100,20232
20056,20282
20056,20169
20101,20367
20102,20172
20082,20172
20082,20203
20083,20203
20083,20204
20029,20315
20084,20207
20105,20173
20105,20174
20086,20137
20086,20138
20107,20139
20108,20241
20108,20242
20109,20141
20109,20244
20110,20111
20111,20177
20034,20177
20112,20210
20114,20145
20114,20212
20116,20273
20118,20299
20118,20119
20120,20215
20121,20122
20122,20274
20123,20216
20090,20252
20073,20253
20125,20305
20125,20185
20126,20127
20126,20278
20128,20129
20129,20329
20078,20256
20078,20332
20130,20193
20131,20162
20131,20194
20097,20338
20097,20230
20099,20231
20099,20165
20133,20166
20133,20260
20134,20201
20134,20200
20102,20313
20104,20289
20136,20174
20136,20239
20106,20137
20138,20266
20107,20266
20140,20481
20087,20267
20110,20176
20004,20245
20144,20246
20113,20211
20113,20320
20145,20270
19946,20295
20115,20148
20150,20181
20116,20298
20117,20299
20152,20215
20152,20524
20121,20183
20153,20154
20153,20303
20154,20440
20158,20468
20159,20494
20161,20190
20161,20412
20128,20191
20051,20383
20162,20257
20163,20164
20164,20228
20132,20258
20132,20259
20166,20339
20167,20233
20167,20262
20168,20389
20170,20200
20171,20202
20171,20313
20173,20237
20174,20238
20136,20316
20106,20208
20106,20240
20106,20372
20137,20240
20175,20243
20141,20243
20142,20244
20143,20269
20146,20247
20147,20247
20147,20296
20148,20271
20148,20178
20178,20213
20149,20297
20149,20248
20180,20322
20182,20272
20119,20249
20155,20277
20155,20250
20156,20250
20156,20304
20157,20251
20090,20220
20184,20253
20184,20222
20185,20327
20186,20187
20187,20278
20188,20328
20188,20443
20160,20306
20160,20279
20189,20190
20192,20226
20192,20414
20194,20307
20163,20335
20197,20309
20197,20261
20168,20282
20169,20555
20198,20340
20198,20263
20199,20448
20199,20285
20135,20312
20135,20391
20203,20342
20204,20236
20204,20343
20205,20288
20206,20474
20207,20289
20207,20426
20208,20316
20106,20290
20175,20291
20143,20268
20143,20292
20176,20269
20177,20374
20210,20211
20210,20319
20211,20320
20212,20294
20214,20351
20179,20214
20215,20644
20183,20380
20121,20274
20216,20302
20217,20275
20218,20219
20218,20355
20219,20326
20220,20326
20221,20252
20222,20223
20225,20254
20225,20328
20189,20279
20191,20577
20195,20280
20195,20334
20229,20259
20229,20337
20196,20308
20231,20308
20233,20261
20233,20310
20234,20284
20200,20341
20201,20368
20201,20390
20235,20286
20205,20236
20236,20344
20205,20287
20237,20370
20237,20345
20238,20345
20238,20239
20239,20346
20240,20428
20242,20267
20243,20455
20244,20373
20245,20375
20245,20293
20209,20246
20246,20485
20209,20319
20247,20296
20213,20321
20179,20297
20181,20272
20151,20323
20151,20353
20216,20381
20217,20354
20253,20467
20223,20305
20223,20357
20255,20331
20256,20415
20256,20332
20227,20417
20228,20385
20228,20336
20258,20364
20230,20308
20232,20387
20232,20281
20260,20365
20260,20366
20261,20309
20262,20310
20262,20389
20263,20284
20263,20340
20172,20423
20172,20314
20264,20314
20265,20314
20238,20371
20242,20395
20267,20348
20268,20292
20269,20292
20248,20432
20248,20399
20273,20379
20273,20402
20275,20276
20276,20406
20250,20304
20251,20441
20251,20325
20278,20359
20189,20360
20280,20307
20280,20384
20259,20259
20230,20628
20281,20339
20281,20421
20283,20340
20283,20555
20285,20311
20286,20312
20286,20368
20266,20479
20266,20394
20291,20430
20291,20396
20268,20373
20268,20397
20293,20318
20293,20376
20270,20320
20270,20349
20294,20295
20295,20398
20296,20377
20271,20486
20271,20350
20297,20352
20272,20434
20272,20400
20298,20400
20298,20401
20249,20300
20301,20353
20274,20404
20275,20354
20303,20407
20303,20440
20304,20441
20252,20356
20305,20358
20254,20529
20306,20382
20279,20382
20279,20360
20257,20552
20307,20384
20258,20420
20258,20259
20309,20366
20282,20471
20284,20367
20312,20369
20288,20450
20288,20315
20290,20453
20290,20372
20317,20478
20319,20458
20294,20518
20321,20459
20321,20351
20322,20399
20322,20433
20299,20403
20249,20463
20300,20323
20323,20353
20274,20439
20302,20381
20324,20405
20326,20356
20328,20443
20330,20413
20330,20331
20331,20578
20332,20416
20333,20445
20334,20335
20334,20470
20335,20385
20336,20386
20336,20580
20337,20338
20337,20502
20308,20532
20310,20388
20285,20556
20341,20657
20341,20390
20313,20392
20314,20314
20314,20424
20315,20509
20289,20474
20345,20427
20316,20346
20316,20393
20347,20347
20347,20394
20347,20429
20320,20516
20351,20487
20300,20436
20274,20438
20355,20526
20356,20409
20327,20410
20327,20468
20360,20411
20361,20411
20329,20594
20329,20497
20363,20419
20364,20386
20364,20420
20259,20531
20338,20446
20339,20422
20342,20424
20342,20343
20343,20425
20346,20371
20372,20428
20348,20395
20348,20482
20292,20292
20374,20375
20375,20513
20376,20514
20376,20431
20320,20568
20377,20519
20377,20586
20352,20487
20352,20432
20378,20433
20380,20524
20380,20437
20381,20405
20354,20464
20356,20442
20357,20548
20357,20358
20359,20493
20328,20469
20382,20576
20362,20497
20362,20413
20387,20504
20387,20421
20365,20422
20365,20505
20366,20505
20389,20447
20340,20600
20367,20534
20367,20448
20390,20449
20368,20506
20369,20472
20314,20507
20370,20426
20370,20510
20371,20475
20394,20564
20395,20541
20396,20430
20396,20455
20373,20456
20397,20456
20397,20511
20374,20512
20398,20518
20398,20613
20399,20615
20379,20401
20379,20461
20402,20403
20353,20573
20404,20437
20404,20490
20405,20546
20354,20621
20406,20465
20406,20464
20407,20465
20407,20547
20408,20491
20358,20410
20358,20528
20410,20492
20411,20496
20414,20706
20417,20418
20418,20499
20418,20500
20419,20501
20385,20580
20386,20553
20422,20533
20391,20472
20391,20558
20392,20423
20392,20535
20423,20536
20424,20508
20425,20473
20426,20537
20427,20475
20427,20510
20346,20476
20346,20539
20393,20477
20393,20453
20428,20453
20431,20515
20432,20520
20433,20488
20400,20521
20401,20641
20402,20489
20403,20522
20403,20544
20435,20463
20440,20491
20441,20525
20409,20672
20412,20551
20412,20444
20444,20530
20413,20595
20415,20598
20415,20498
20416,20498
20416,20445
20417,20499
20384,20470
20384,20579
20420,20653
20421,20554
20447,20818
20447,20682
20448,20556
20425,20559
20452,20509
20428,20478
20454,20478
20429,20480
20429,20564
20430,20482
20455,20608
20456,20566
20292,20511
20457,20457
20374,20457
20458,20485
20458,20568
20434,20460
20460,20488
20434,20572
20461,20461
20462,20489
20435,20590
20436,20591
20436,20523
20437,20620
20437,20490
20438,20545
20438,20439
20465,20547
20466,20525
20467,20527
20467,20548
20468,20575
20469,20495
20469,20550
20443,20675
20445,20499
20446,20581
20446,20654
20471,20599
20448,20710
20449,20583
20449,20506
20473,20584
20473,20560
20450,20560
20450,20451
20474,20585
20475,20603
20476,20538
20476,20539
20477,20539
20480,20481
20481,20737
20455,20483
20292,20611
20484,20567
20431,20514
20485,20612
20486,20519
20486,20570
20459,20542
20459,20487
20488,20616
20461,20617
20489,20543
20463,20618
20439,20645
20464,20750
20493,20648
20493,20593
20494,20593
20443,20550
20496,20551
20496,20496
20497,20595
20498,20598
20500,20501
20501,20650
20502,20531
20502,20581
20504,20631
20504,20732
20506,20557
20507,20536
20507,20508
20508,20559
20451,20561
20509,20659
20479,20479
20479,20563
20480,20565
20482,20636
20455,20609
20511,20610
20457,20567
20512,20513
20513,20514
20517,20569
20518,20694
20487,20614
20520,20571
20489,20489
20524,20592
20490,20545
20491,20622
20525,20623
20441,20753
20441,20701
20492,20528
20528,20574
20492,20575
20494,20724
20529,20725
20497,20594
20500,20679
20470,20651
20470,20779
20503,20630
20472,20658
20535,20601
20536,20602
20537,20562
20537,20685
20510,20685
20510,20603
20538,20603
20538,20633
20479,20604
20540,20541
20540,20689
20540,20606
20541,20606
20541,20607
20455,20691
20515,20515
20516,20568
20516,20569
20519,20587
20542,20570
20521,20572
20521,20641
20522,20589
20522,20544
20523,20619
20523,20573
20545,20645
20491,20670
20526,20624
20548,20574
20551,20649
20530,20649
20530,20577
20499,20627
20552,20680
20552,20579
20553,20652
20553,20653
20531,20837
20532,20628
20532,20629
20533,20554
20533,20708
20555,20600
20558,20683
20559,20584
20560,20584
20478,20736
20478,20604
20564,20605
20565,20605
20565,20635
20514,20663
20568,20568
20569,20666
20542,20716
20571,20638
20572,20640
20489,20588
20543,20589
20544,20590
20573,20644
20546,20860
20546,20621
20547,20751
20547,20669
20526,20625
20575,20673
20550,20758
20578,20678
20579,20651
20580,20681
20581,20838
20554,20732
20582,20599
20556,20819
20557,20632
20560,20764
20562,20585
20585,20712
20539,20633
20479,20634
20563,20634
20563,20605
20566,20662
20515,20665
20518,20745
20518,20715
20586,20587
20586,20613
20587,20769
20570,20716
20543,20588
20544,20544
20544,20697
20590,20697
20591,20618
20591,20619
20573,20643
20574,20673
20593,20723
20549,20703
20549,20813
20550,20705
20576,20726
20576,20869
20577,20649
20577,20676
20595,20677
20596,20677
20578,20834
20597,20760
20600,20709
20583,20657
20557,20583
20557,20711
20601,20894
20601,20602
20562,20684
20604,20688
20607,20660
20566,20738
20567,20611
20567,20855
20612,20637
20612,20742
20613,20715
20614,20800
20614,20638
20615,20801
20615,20667
20589,20718
20544,20589
20618,20747
20592,20771
20592,20620
20622,20772
20623,20772
20623,20990
20625,20646
20625,20702
20575,20647
20626,20647
20594,20775
20598,20872
20627,21042
20579,20917
20629,20630
20630,20631
20599,20682
20602,20843
20633,20686
20539,20735
20634,20688
20605,20765
20605,20635
20635,20713
20606,20689
20606,20660
20607,20661
20636,20661
20566,20692
20610,20611
20637,20665
20637,20693
20616,20667
20616,20695
20639,20695
20639,20640
20641,20696
20617,20642
20589,20719
20619,20698
20643,20748
20643,20770
20620,20700
20621,20807
20624,20721
20646,20671
20647,20647
20648,20674
20648,20755
20627,20707
20627,20816
20650,20679
20650,20761
20651,20892
20652,20681
20652,20729
20653,20836
20654,20731
20654,20838
20628,20780
20629,20780
20630,20631
20655,20708
20599,20840
20656,20733
20658,20781
20658,20683
20659,20712
20659,20846
20603,20897
20603,20686
20636,20636
20662,20790
20662,20692
20610,20739
20610,20792
20611,20740
20663,20768
20663,20741
20664,20741
20568,20797
20638,20801
20667,20882
20640,20859
20617,20717
20644,20805
20669,20670
20646,20754
20671,20754
20671,20672
20673,20811
20677,20727
20678,20834
20678,20706
20680,20761
20680,20873
20681,20835
20628,20731
20682,20762
20657,20945
20683,21028
20684,20734
20687,20736
20688,20786
20605,20766
20605,20713
20689,20767
20607,20660
20636,20788
20690,20789
20691,20691
20692,20791
20665,20856
20665,20794
20693,20795
20693,20742
20568,20743
20666,20744
20666,20694
20695,20882
20695,20859
20668,20717
20697,20746
20699,20806
20700,20771
20700,20827
20645,20827
20669,20808
20670,20720
20670,20808
20701,20809
20701,20721
20702,20722
20702,20754
20647,20811
20647,20864
20703,20757
20703,20867
20704,20725
20705,20830
20675,20705
20675,20831
20676,20870
20676,20759
20706,20776
20679,20777
20681,20817
20708,20941
20712,20784
20684,20685
20686,20897
20688,20850
20713,20737
20660,20767
20660,20787
20661,20788
20691,20820
20714,20857
20694,20745
20696,20802
20696,20803
20698,20826
20698,20748
20720,20720
20672,20915
20723,20724
20707,20816
20707,20777
20728,20778
20730,20968
20709,20943
20709,20841
20710,20842
20710,20893
20684,20848
20685,20949
20736,20786
20737,20952
20691,20789
20738,20791
20738,20739
20739,20792
20742,20880
20743,20796
20744,20797
20744,20858
20715,20798
20715,20799
20716,20908
20716,20800
20746,20957
20746,20804
20747,20804
20747,20826
20748,20929
20749,20806
20750,20751
20751,20862
20752,20753
20753,20828
20721,20810
20672,20773
20672,20829
20723,20755
20755,20864
20724,20812
20756,20757
20756,20962
20756,20866
20757,20866
20725,20758
20758,20830
20726,20832
20726,20869
20759,20870
20727,20775
20727,20814
20760,20916
20729,20817
20729,20836
20762,20839
20733,20819
20763,20919
20763,20920
20711,20876
20711,20781
20764,20846
20764,20845
20712,20896
20735,20898
20765,20851
20766,20899
20766,20923
20740,20854
20768,20793
20768,20879
20741,20822
20745,20823
20769,20985
20769,20881
20717,20910
20717,20884
20770,20805
20770,20929
20750,20807
20750,20861
20773,21040
20773,20829
20725,20868
20759,20774
20775,20833
20727,20993
20776,20815
20777,20816
20761,20966
20778,20779
20779,20835
20732,20875
20732,21026
20781,20975
20782,21096
20783,20845
20735,20785
20735,20877
20785,20849
20785,20877
20737,21004
20767,20979
20767,20787
20787,20900
20788,20852
20789,20853
20790,20821
20791,20903
20792,20854
20740,20740
20793,20855
20793,20904
20794,20795
20794,20856
20796,20857
20745,20858
20799,20907
20799,21052
20801,21053
20803,20883
20803,20910
20804,21013
20805,20885
20807,20960
20808,20862
20772,20990
20809,20828
20809,20863
20812,20961
20812,20865
20776,20994
20760,20871
20778,20892
20817,21148
20786,20849
20786,20878
20767,20924
20820,20853
20820,20821
20821,20926
20790,21005
20822,20879
20822,20905
20797,20955
20823,20824
20800,20825
20806,20912
20806,20886
20771,20886
20771,20887
20827,20913
20808,21059
20828,20914
20810,20863
20810,20888
20829,20915
20811,20930
20813,20868
20725,21020
20830,21020
20831,20832
20831,20890
20832,21142
20775,21168
20836,20837
20837,20967
20731,20838
20818,20970
20818,20942
20841,20842
20841,20971
20843,20895
20844,20976
20846,20922
20847,20848
20848,20949
20852,20901
20852,20925
20853,20902
20855,20928
20795,20856
20795,20880
20857,20906
20858,20984
20826,20911
20826,21014
20860,21058
20860,20960
20861,20960
20861,20862
20863,20914
20754,20888
20865,20932
20869,20963
20775,21116
20834,20964
20834,20994
20760,20891
20871,20965
20872,20936
20835,20939
20838,20969
20731,20780
20780,21025
20874,20940
20875,20996
20875,21247
20839,20918
20840,20918
20840,20997
20842,20972
20845,20948
20850,20878
20850,20951
20854,20927
20879,21049
20856,20905
20880,21010
20800,20909
20859,20986
20859,20956
20884,20957
20886,20988
20888,21018
20864,21061
20865,20931
20866,20933
20867,20933
20813,20867
20813,21041
20868,20934
20889,21021
20890,20935
20873,20966
20873,20937
20892,20917
20839,20942
20893,20972
20893,20944
20819,20944
20876,20975
20894,20895
20894,21029
20877,20950
20849,21150
20849,21003
20878,20978
20851,20951
20851,20899
20899,20923
20900,20924
20900,20901
20901,20980
20903,20903
20904,20983
20904,20954
20905,21008
20906,20906
20881,20985
20881,20908
20908,21034
20882,21053
20910,21012
20885,20929
20885,21015
20912,20987
20913,21057
20913,20959
20754,21060
20870,21022
20916,21023
20916,20965
20892,21119
20836,20995
20919,20974
20920,20945
20921,20947
20897,21000
20850,21045
20923,21046
20924,20979
20900,20980
20925,20953
20925,21032
20902,20953
20902,21126
20928,20982
20928,20983
20856,21008
20800,21034
20800,21106
20914,21039
20915,21040
20932,20962
20932,21019
20937,20938
20917,21024
20941,20970
20918,21070
20943,20971
20944,21121
20920,21094
20945,21095
20946,20975
20947,21073
20947,21028
20895,21030
20948,20998
20948,21031
20949,21196
20950,21001
20950,21002
20951,21080
20851,21080
20953,21179
20903,21006
20927,21048
20927,21007
20856,21009
20909,21134
20958,21015
20961,21061
20931,20961
20931,21062
20962,21063
20933,21086
20935,21021
20963,20992
20965,21066
20936,21023
20966,21118
20938,21067
20967,20995
20967,20968
20968,20969
20969,21149
20940,21025
20940,21246
20941,21069
20970,21027
20942,21092
20971,21071
20973,20974
20976,20998
20977,21098
20949,20999
20980,21047
20980,21032
20903,20981
20982,21007
20982,21127
20954,20983
20954,21049
20906,21051
20906,21129
20955,21130
20955,21033
20984,21033
20984,21157
20986,21011
20986,21084
20956,21084
20956,21054
20957,21055
20929,21014
20987,21108
20989,21016
20960,21136
20990,21038
20991,21041
20992,20992
20964,20993
20964,21145
20936,21042
20936,21216
20966,21089
20968,21149
20996,21091
20943,20997
20943,21120
20972,21072
20974,21248
20976,21174
20998,21097
20949,21099
21000,21077
21000,21124
21003,21078
20979,21081
20903,21005
21007,21127
20983,21127
21010,21050
21010,21128
21011,21107
21011,21084
21012,21035
20929,21208
20988,21056
20988,21057
21017,21058
21021,21087
20963,21459
21022,21114
21022,21115
20993,21117
20964,21117
20994,21088
21024,21068
21024,21171
21026,21026
20997,21223
20975,21225
20975,21073
21029,21122
21029,21074
21030,21075
21030,21123
21004,21046
21004,21200
21008,21083
21009,21083
21009,21050
20985,21052
20985,21132
21035,21054
21013,21160
21013,21036
21036,21036
21014,21161
21037,21037
21016,21164
21038,21138
21038,21211
21018,21111
21018,21085
21040,21631
21019,21062
21019,21063
21020,21112
20992,21064
21023,21066
21025,21488
21026,21069
21027,21190
21027,21092
20943,21071
21043,21095
21028,21073
21044,21123
21031,21097
21031,21296
21046,21230
21047,21082
21047,21102
20903,21180
21049,21104
21033,21105
21034,21133
21037,21135
21037,21056
21057,21162
21058,21109
21039,21139
21039,21110
21060,21085
21060,21240
21061,21241
21062,21167
21063,21265
21041,21141
21064,21213
21065,21245
21066,21215
21042,21146
21042,21217
21068,21219
21068,21171
21026,21335
21069,21221
21071,21072
21072,21192
21028,21096
21074,21075
21076,21077
21076,21100
21076,21077
21077,21177
21078,21079
21045,21229
21045,21152
21032,21125
21032,21178
21083,21232
21050,21156
21052,21131
21034,21234
21053,21107
21054,21207
21055,21159
21055,21160
21036,21161
21015,21183
21015,21108
21056,21162
21059,21166
21059,21137
21085,21212
21061,21140
21064,21243
21067,21089
21089,21170
21067,21218
21090,21147
21091,21172
21092,21269
21092,21222
21070,21309
21070,21223
21093,21121
21073,21194
21028,21194
21097,21174
21099,21100
21099,21176
21101,21227
21078,21198
21103,21154
21104,21155
21104,21232
21083,21203
21106,21133
21106,21134
21053,21235
21110,21111
21110,21288
21111,21212
21086,21186
21086,21141
21087,21356
21087,21142
21113,21143
21114,21143
21114,21214
21116,21144
21116,21188
21117,21144
21088,21145
21088,21506
21118,21169
21071,21120
21071,21191
21121,21379
21094,21248
21094,21095
21095,21193
21096,21311
21096,21312
21122,21173
21122,21295
21098,21175
21124,21177
21080,21152
21080,21230
21102,21252
21102,21125
21125,21178
21127,21202
21128,21204
21129,21130
21131,21260
21131,21206
21107,21262
21084,21084
21084,21207
21108,21184
21135,21184
21135,21210
21109,21164
21109,21165
21136,21165
21136,21328
21137,21138
21137,21238
21138,21239
21139,21211
21112,21141
21112,21397
21142,21356
20992,21243
21143,21433
21115,21214
21115,21187
21117,21506
21118,21170
21119,21220
21119,21147
21147,21268
21148,21294
21148,21307
21123,21249
21098,21342
21098,21195
21124,21227
21124,21197
21078,21199
21151,21228
21153,21275
21126,21179
21154,21201
21128,21156
21156,21203
21130,21256
21130,21205
21157,21233
21157,21279
21133,21234
21134,21261
21084,21262
21158,21159
21159,21350
21161,21323
21108,21209
21163,21326
21164,21303
21165,21284
21139,21288
21167,21241
21167,21265
21141,21396
21144,21267
21145,21244
21146,21216
21146,21217
21170,21484
21171,21220
21149,21333
21172,21246
21172,21247
21120,21359
21095,21337
21174,21341
21175,21175
21176,21226
21176,21250
21177,21315
21150,21344
21150,21198
21152,21251
21179,21345
21126,21201
21129,21181
21129,21255
21160,21350
21183,21208
21162,21282
21162,21236
21185,21283
21166,21237
21166,21238
21186,21242
21168,21187
21187,21214
21168,21306
21188,21306
21188,21267
21189,21308
21190,21221
21190,21269
21191,21192
21192,21406
21193,21225
21175,21272
21196,21226
21196,21272
21199,21228
21199,21273
21200,21274
21200,21298
21178,21252
21178,21318
21180,21366
21180,21276
21202,21319
21202,21368
21205,21256
21205,21278
21182,21258
21182,21259
21206,21300
21206,21280
21084,21322
21207,21322
21209,21302
21209,21263
21184,21263
21166,21264
21212,21289
21186,21376
21168,21399
21215,21245
21215,21507
21217,21293
21169,21560
21169,21400
21218,21219
21218,21358
21219,21358
21221,21335
21191,21360
21224,21270
21193,21362
21225,21490
21194,21338
21194,21340
21226,21297
21198,21273
21228,21316
21229,21251
21229,21316
21231,21275
21203,21321
21204,21254
21204,21346
21233,21257
21234,21349
21235,21301
21235,21390
21208,21281
21183,21208
21183,21302
21236,21282
21236,21325
21237,21429
21237,21264
21238,21286
21239,21304
21239,21305
21211,21287
21241,21290
21242,21291
21242,21375
21213,21292
21214,21433
21245,21377
21216,21293
21220,21592
21247,21334
21222,21269
21222,21309
21223,21378
21223,21310
21250,21297
21250,21314
21227,21227
21230,21413
21252,21252
21253,21345
21232,21299
21255,21256
21257,21278
21258,21259
21259,21260
21260,21300
21261,21370
21240,21289
21240,21331
21266,21505
21243,21332
21213,21332
21267,21530
21268,21294
21270,21336
21271,21361
21248,21271
21271,21381
21248,21337
21194,21339
21249,21295
21249,21363
21272,21272
21251,21316
21251,21386
21274,21317
21274,21471
21277,21320
21255,21369
21278,21348
21258,21279
21183,21453
21263,21324
21285,21285
21285,21393
21264,21286
21288,21394
21289,21330
21292,21357
21293,21482
21268,21461
21246,21402
21270,21380
21248,21381
21295,21442
21249,21491
21272,21382
21297,21343
21252,21275
21276,21366
21276,21319
21299,21321
21299,21418
21279,21420
21258,21389
21300,21477
21301,21370
21301,21450
21262,21497
21281,21452
21263,21422
21283,21371
21283,21426
21303,21352
21303,21353
21284,21353
21284,21328
21286,21304
21287,21305
21287,21374
21265,21431
21265,21354
21291,21354
21291,21457
21294,21401
21246,21308
21308,21435
21246,21462
21269,21405
21309,21464
21310,21378
21310,21359
21311,21312
21311,21408
21312,21313
21296,21342
21314,21315
21315,21446
21273,21344
21273,21384
21318,21387
21318,21345
21319,21367
21321,21418
21262,21391
21281,21421
21302,21454
21324,21351
21282,21424
21325,21326
21325,21424
21326,21371
21327,21426
21329,21393
21286,21429
21305,21373
21287,21587
21330,21395
21330,21456
21306,21434
21307,21401
21307,21487
21335,21436
21269,21463
21336,21361
21337,21510
21338,21407
21338,21439
21341,21364
21296,21364
21296,21444
21342,21382
21343,21539
21343,21383
21314,21383
21314,21445
21252,21571
21252,21415
21252,21387
21320,21368
21320,21320
21347,21369
21348,21419
21348,21448
21349,21449
21323,21478
21323,21421
21282,21392
21282,21423
21352,21427
21328,21353
21328,21372
21304,21373
21355,21396
21356,21611
21333,21593
21333,21561
21334,21404
21334,21534
21359,21437
21336,21675
21339,21440
21341,21409
21344,21412
21365,21384
21316,21386
21346,21688
21346,21474
21349,21521
21322,21391
21322,21451
21350,21478
21351,21392
21371,21425
21352,21428
21304,21556
21373,21586
21354,21502
21375,21376
21375,21432
21378,21464
21359,21535
21360,21437
21360,21465
21379,21509
21379,21438
21380,21438
21380,21725
21361,21381
21362,21510
21362,21490
21340,21440
21340,21441
21364,21538
21383,21445
21384,21385
21345,21472
21345,21345
21366,21473
21367,21517
21367,21417
21368,21417
21368,21575
21388,21418
21369,21475
21389,21476
21389,21477
21370,21522
21350,21524
21328,21480
21393,21499
21394,21500
21394,21395
21395,21456
21376,21891
21396,21504
21397,21504
21397,21458
21398,21458
21332,21612
21332,21357
21357,21557
21377,21613
21377,21507
21358,21460
21358,21591
21401,21486
21402,21462
21403,21404
21404,21533
21405,21436
21405,21463
21361,21566
21381,21489
21408,21441
21408,21511
21409,21596
21382,21597
21410,21411
21411,21412
21411,21469
21412,21469
21386,21493
21414,21471
21414,21470
21415,21541
21387,21494
21416,21544
21366,21544
21417,21417
21420,21520
21391,21580
21422,21553
21422,21581
21424,21479
21425,21498
21430,21500
21433,21481
21399,21529
21400,21635
21400,21484
21435,21488
21436,21562
21378,21564
21437,21565
21406,21536
21406,21537
21381,21755
21439,21440
21441,21758
21442,21467
21442,21491
21445,21540
21446,21568
21446,21569
21413,21493
21413,21621
21447,21496
21419,21547
21419,21518
21448,21518
21448,21519
21450,21604
21450,21549
21451,21606
21451,21523
21421,21655
21453,21454
21392,21423
21392,21554
21425,21584
21425,21555
21426,21498
21426,21527
21427,21527
21455,21480
21431,21501
21431,21502
21432,21457
21457,21502
21432,21503
21458,21632
21459,21633
21459,21590
21434,21530
21460,21485
21461,21636
21461,21486
21462,21533
21465,21639
21465,21594
21438,21674
21439,21619
21467,21705
21467,21567
21468,21468
21443,21680
21443,21596
21469,21762
21470,21646
21471,21646
21472,21494
21472,21513
21473,21516
21417,21517
21417,21574
21475,21496
21449,21625
21449,21521
21478,22182
21454,21553
21423,21479
21423,21554
21480,21585
21456,21802
21456,21609
21482,21668
21482,21614
21483,21531
21483,21508
21484,21485
21486,21670
21463,21563
21490,21618
21440,21677
21468,21641
21492,21512
21493,21570
21494,21513
21495,21600
21418,21600
21418,21623
21496,21578
21477,21603
21497,21550
21497,21551
21479,21583
21479,21628
21499,21608
21429,21629
21429,21556
21481,21557
21481,21558
21506,21559
21507,21695
21508,21560
21487,21671
21487,21532
21488,21672
21464,21673
21464,21701
21509,21537
21509,21674
21466,21595
21466,21619
21511,21511
21491,21641
21512,21569
21512,21683
21513,21513
21514,21598
21515,21598
21517,21573
21417,21573
21518,21601
21519,21520
21520,21602
21521,21579
21522,21716
21522,21651
21523,21580
21523,21653
21525,21581
21526,21583
21498,21607
21527,21744
21499,21658
21504,21747
21528,21589
21505,21590
21529,21558
21529,21807
21530,21667
21508,21634
21484,21696
21534,21562
21535,21564
21535,21565
21510,21617
21468,21679
21468,21680
21538,21642
21541,21571
21541,21708
21542,21598
21516,21544
21516,21545
21546,21575
21496,21547
21547,21713
21519,21624
21548,21603
21521,21650
21550,21605
21550,21626
21551,21552
21552,21580
21553,21771
21555,21607
21555,21657
21556,21745
21500,21587
21500,21630
21505,21612
21505,21664
21558,21666
21559,21613
21559,21808
21531,21614
21531,21634
21560,21721
21561,21615
21561,21700
21533,21815
21534,21870
21562,21638
21565,21639
21536,21594
21537,21616
21567,21878
21539,21597
21539,21540
21540,21568
21569,21620
21570,21684
21570,21645
21571,21708
21513,21647
21513,21572
21572,21572
21543,21687
21543,21544
21575,21622
21576,21649
21577,21688
21496,21713
21549,21605
21581,21582
21554,21582
21554,21656
21583,21628
21586,21587
21588,21630
21589,21632
21589,21611
21557,21665
21531,21720
21591,21592
21591,21669
21592,21868
21563,21843
21563,21673
21564,21723
21536,21724
21536,21616
21567,21705
21539,21682
21568,21643
21544,21768
21573,21574
21574,21648
21599,21769
21600,21649
21578,21578
21602,21602
21549,21604
21549,21652
21605,21652
21580,21717
21606,21653
21606,21654
21607,21657
21607,21744
21585,21856
21585,21608
21586,21920
21609,21746
21609,21659
21610,21660
21611,21663
21590,21806
21612,21780
21614,21719
21593,21637
21593,21699
21615,21812
21565,21786
21594,21787
21616,21754
21617,21755
21595,21618
21595,21619
21538,21596
21597,21682
21621,21645
21621,21685
21572,21647
21572,21686
21598,21686
21598,21687
21622,21648
21575,21738
21600,21623
21623,21688
21601,21830
21601,21624
21603,21690
21579,21715
21579,21716
21604,21691
21627,21654
21608,21658
21587,21835
21630,21801
21610,21692
21632,21861
21633,21663
21633,21806
21637,21698
21637,21968
21615,21784
21617,21676
21618,21704
21640,21730
21538,21706
21642,21706
21620,21643
21620,21734
21620,21683
21644,21684
21646,21707
21573,21794
21573,21711
21648,21712
21622,21712
21649,21739
21601,21624
21602,21741
21625,21742
21650,21742
21650,21715
21651,21853
21651,21691
21652,21770
21653,21916
21582,21656
21628,21656
21628,21834
21629,21745
21659,21774
21659,21836
21631,21775
21631,21692
21661,21718
21661,21693
21661,21778
21662,21693
21663,21748
21665,21893
21665,21863
21666,21863
21666,22047
21613,21864
21613,21749
21668,21925
21668,21865
21635,21965
21635,21696
21636,21868
21636,21670
21670,21722
21671,21722
21671,21697
21672,21700
21639,21753
21616,21724
21675,21726
21617,21901
21676,21704
21676,21756
21619,21728
21619,21729
21677,21729
21677,21758
21678,21730
21641,21679
21679,21759
21680,21731
21680,21681
21596,21681
21682,21879
21643,21733
21620,21735
21684,21684
21684,21823
21645,21763
21645,21685
21646,21824
21647,21710
21647,21766
21687,21826
21600,21740
21689,21831
21690,21714
21690,21852
21625,21714
21657,21743
21660,21776
21660,21718
21660,21777
21694,21839
21664,21780
21667,21781
21667,22000
21695,21749
21695,21782
21634,21720
21634,21721
21669,21750
21669,21783
21697,21698
21697,21811
21699,21751
21700,21813
21672,21814
21673,21844
21674,21754
21674,21845
21702,21788
21675,21725
21703,21727
21704,21757
21705,21818
21681,21760
21596,21792
21596,21905
21683,21761
21685,21736
21707,21707
21646,21764
21709,21710
21709,21765
21686,21766
21712,21795
21713,21830
21624,21741
21624,21914
21716,21832
21691,21991
21717,21833
21582,21855
21658,21773
21692,21776
21660,21837
21718,21777
21693,21804
21719,21865
21719,21809
21720,21809
21721,21965
21696,21896
21722,22136
21698,21811
21701,21844
21701,21723
21723,21872
21703,21726
21728,21757
21728,21789
21729,21789
21705,21790
21641,21878
21731,21759
21731,21791
21706,21732
21732,21732
21734,21735
21735,21793
21683,21793
21684,21821
21684,21822
21685,21685
21707,21736
21708,21943
21708,21765
21737,21794
21737,21768
21711,21827
21711,21795
21738,21828
21738,21829
21739,21769
21739,21740
21688,21884
21714,21714
21742,21797
21717,21799
21717,21854
21654,21800
21745,21773
21746,21803
21746,21836
21751,21841
21752,21842
21673,21871
21753,21787
21753,21874
21724,21787
21754,22030
21725,21816
21726,21875
21727,21817
21758,22031
21730,21818
21759,21791
21760,21792
21760,21904
21706,21905
21733,21819
21733,21734
21761,21762
21762,21881
21763,21823
21685,21763
21736,21847
21764,21848
21764,21824
21708,21944
21767,21826
21769,21829
21739,21740
21740,21850
21741,21831
21715,21797
21715,21832
21770,21799
21770,21956
21743,21834
21743,21772
21744,21918
21774,21802
21774,21921
21775,21803
21775,21960
21776,21922
21777,21837
21779,21839
21747,22021
21747,21892
21749,21924
21750,21840
21750,21783
21784,21812
21784,21813
21785,21869
21755,21817
21755,21933
21757,21974
21789,21789
21758,21936
21730,21876
21790,21877
21790,21903
21792,21938
21707,21848
21765,21825
21766,21849
21766,21766
21768,21882
21768,21911
21795,21827
21796,21913
21796,21851
21797,21954
21798,21853
21799,21854
21744,21919
21745,21959
21801,21858
21801,22017
21802,21888
21803,22044
21777,21859
21804,21805
21806,22106
21781,21807
21781,21894
21809,21926
21810,21866
21810,21840
21811,21968
21815,22028
21815,21842
21786,21873
21786,21874
21788,21900
21788,21816
21816,22085
21817,21875
21730,21903
21791,21904
21819,21879
21793,22035
21761,21793
21762,21880
21820,21881
21822,21823
21824,21942
21824,21909
21826,21910
21795,21883
21830,21950
21831,21951
21771,21885
21834,21886
21773,21887
21773,21773
21836,21921
21837,21859
21804,21890
21805,21890
21838,21860
21805,21838
21838,22018
21839,21962
21807,21964
21808,22077
21808,21864
21810,21967
21840,21928
21812,21841
21813,21931
21814,21969
21814,21897
21842,21898
21843,21932
21843,21899
21787,22169
21845,22030
21845,21900
21789,21935
21818,21903
21791,22032
21761,21761
21846,21846
21821,21822
21685,21847
21848,21942
21794,21912
21829,22038
21850,21850
21714,21954
21853,21955
21833,21992
21833,21993
21855,21917
21856,22127
21856,21887
21835,21995
21835,21857
21857,21858
21857,21858
21836,22100
21859,21961
21861,21862
21864,21924
21866,21927
21867,21928
21868,21929
21841,22027
21812,21930
21871,21899
21871,22084
21844,21972
21872,21873
21874,21973
21791,22057
21879,21976
21761,21977
21880,21940
21881,21940
21846,21941
21821,21846
21821,21978
21822,21979
21847,22005
21765,21981
21765,21945
21849,21946
21766,21849
21766,21947
21882,21910
21882,22062
21827,21912
21827,21982
21883,21983
21883,22064
21850,21985
21884,21985
21884,21948
21851,21949
21852,21953
21714,21852
21832,22067
21854,21992
21855,21885
21885,21957
21855,21957
21886,22097
21886,22014
21857,21996
21888,22017
21888,22099
21889,21960
21860,21997
21860,22019
21891,21963
21891,22020
21892,22021
21892,22022
21861,22024
21863,22074
21894,21964
21894,22135
21895,22000
21897,21969
21897,21970
21869,21970
21869,22028
21898,22001
21870,22001
21870,21971
21872,21972
21873,22002
21873,22193
21900,22030
21875,22085
21902,21937
21876,21937
21876,22055
21877,22056
21877,21878
21904,22058
21906,22118
21907,21975
21908,21941
21685,21980
21909,22037
21909,22090
21910,21910
21911,21912
21911,22063
21850,21984
21851,21986
21851,22009
21913,22010
21914,22011
21832,21988
21915,21989
21916,21993
21916,22040
21887,21994
21773,21994
21773,21958
21921,22099
21923,21998
21924,22077
21865,21925
21925,22078
21865,22107
21896,22108
21896,21966
21927,21966
21928,22048
21929,22049
21929,22026
21930,22027
21930,22081
21899,22137
21872,22002
21901,21901
21901,21974
21934,21935
21902,22031
21878,22117
21878,22057
21905,21938
21938,22033
21905,22140
21939,22088
21880,22036
21941,22060
21846,22004
21942,22006
21943,21944
21944,21981
21945,21946
21945,22007
21946,22007
21946,21946
21766,21946
21910,22008
21948,21986
21949,22010
21949,22009
21950,22095
21914,22039
21951,22039
21951,21987
21952,21987
21952,21953
21953,22151
21955,21989
21955,22068
21956,22012
21956,21992
21957,22070
21917,22041
21917,22013
21919,22043
21887,22128
21959,22016
21920,22016
21920,22130
21961,22073
21961,22131
21962,22216
21962,21999
21963,21999
21963,22133
21964,22047
21966,22108
21931,22050
21931,22110
21969,22111
21971,22029
21971,22051
21933,22053
21974,22170
21935,21936
21936,22115
21937,22054
21903,21903
21903,22056
21905,22087
21975,22141
21975,21976
21976,22003
21977,22089
21979,21980
21980,22177
21943,22120
21947,22008
21912,22091
21912,22121
21982,21983
21948,22065
21950,22096
21954,21988
21989,22067
21991,22012
21919,22158
21994,22128
21959,22098
21960,22072
21890,22102
21997,22018
21997,22103
21998,22019
21962,22133
21926,21965
21968,22164
21968,22080
21970,22111
22001,22112
21972,22193
22002,22193
21935,21935
21976,22003
22003,22088
21940,22059
22004,22060
21978,22061
21979,22061
22005,22177
22005,22006
22006,22037
21981,22007
21946,21947
21910,22178
21910,22062
21983,22092
21985,21985
21986,22122
21950,22066
21990,22069
22012,22123
21992,22123
21993,22124
22013,22126
22014,22157
22014,22071
22015,22043
22016,22129
21995,22160
22019,22103
21998,22103
21999,22133
22021,22104
22022,22023
22022,22134
22023,22024
22023,22105
22024,22105
22000,22075
22025,22076
21926,22107
22030,22169
22034,22118
21940,22036
21940,22175
21978,22004
21978,22144
22037,22090
21981,22120
22008,22147
21985,22065
22009,22010
22010,22094
22011,22096
22039,22096
21954,22153
21991,22154
21991,22123
22040,22124
22040,22181
22041,22125
22042,22071
22017,22186
22044,22101
22044,22072
22018,22102
22020,22104
22045,22162
22046,22106
22047,22074
22048,22048
22049,22049
22026,22049
22026,22079
22027,22080
22027,22109
22028,22165
21935,22171
22054,22116
22054,22055
21903,22117
22032,22057
22032,22058
22058,22139
22033,22173
21976,22119
22036,22089
22036,22175
22060,22143
21979,22177
22005,22090
21946,22145
21946,22146
22062,22063
22063,22091
21983,22121
22064,22092
22038,22064
22038,22093
22065,22148
22009,22122
22009,22149
22066,22150
21987,22212
22067,22180
22070,22155
22070,22125
22071,22157
22043,22157
22043,22184
21995,22130
21995,22159
22072,22073
22073,22131
22074,22217
22075,22076
22075,22204
22048,22049
22081,22109
22081,22191
22082,22110
22051,22083
22051,22206
22084,22137
22084,22113
22052,22168
22085,22219
22053,22208
22055,22086
22056,22117
22033,22087
22033,22087
22089,22142
22061,22176
22007,22145
22062,22178
22093,22093
22094,22149
22094,22095
21954,22213
22068,22180
22068,22069
22069,22154
22097,22156
22097,22183
22099,22187
22100,22101
22072,22101
22102,22132
22020,22161
22106,22162
22076,22077
22078,22205
22078,22107
22108,22189
22080,22109
22051,22112
22114,22168
21935,22209
22031,22115
22031,22172
22116,22172
22055,22194
22086,22138
22119,22141
22088,22119
22088,22196
22091,22121
22092,22121
22095,22150
22066,22179
22124,22215
22126,22156
22127,22128
22098,22098
22098,22129
22129,22185
22130,22185
22100,22188
22131,22203
22020,22104
22104,22134
22105,22134
22105,22162
22107,22218
22048,22190
22110,22191
22110,22111
22112,22167
22137,22207
22115,22171
22139,22173
22033,22195
22140,22174
22118,22174
22118,22141
22142,22197
22142,22175
22144,22176
22120,22199
22122,22148
22122,22149
22096,22179
22151,22152
22152,22153
22154,22180
22158,22184
22127,22201
22159,22160
22160,22202
22133,22161
22020,22161
22136,22163
22109,22191
22166,22167
22165,22166
22168,22169
21935,22210
22117,22138
22143,22175
22143,22211
22176,22176
22147,22200
22147,22178
22150,22179
22123,22214
22159,22185
22165,22192
22173,22220
22196,22197
22144,22198
22144,22144
22148,22148
22209,22210
22198,22211
