0,297
0,363
0,593
0,801
0,1197
0,1340
1,65
1,76
1,80
1,98
1,109
1,147
1,153
1,247
1,251
1,320
1,345
1,470
1,488
1,530
1,617
1,676
1,686
1,760
1,779
1,1076
1,1087
1,1208
1,1264
1,1269
1,1271
1,1442
1,1461
1,1499
2,1536
1,1544
1,1574
1,1604
2,22
2,84
2,156
2,203
2,232
2,266
2,340
2,447
2,460
2,465
2,568
2,628
2,652
3,711
2,738
2,792
2,1255
2,1286
2,1330
2,1345
2,1356
2,1389
2,1438
3,1458
2,1468
3,40
3,45
3,73
3,177
3,197
3,501
3,537
3,542
3,619
3,621
3,634
3,668
3,705
3,1177
3,1184
3,1192
3,1212
4,1275
3,1306
3,1382
3,1411
3,1486
4,113
4,182
4,285
4,293
4,569
4,679
4,715
4,1059
5,1071
4,1215
4,1320
4,1425
4,1597
6,125
5,225
5,290
5,387
5,599
5,604
5,686
5,701
5,722
6,730
5,814
5,1047
5,1105
5,1316
6,1375
5,1378
5,1384
5,1438
6,1452
5,1538
5,1558
6,44
6,95
6,148
6,164
6,221
6,253
6,263
6,287
6,675
6,696
6,720
6,762
6,853
7,1281
6,1298
6,1392
6,1399
6,1604
6,1608
7,64
7,178
7,292
7,374
7,377
7,392
7,458
7,608
7,683
7,712
7,823
7,849
7,1059
7,1105
7,1191
7,1304
8,1334
7,1337
7,1356
7,1361
7,1414
7,1461
8,1473
7,1540
7,1594
7,1625
10,36
8,215
9,399
8,450
8,545
8,601
8,625
8,697
8,700
8,868
8,1186
8,1257
8,1314
8,1383
9,1389
8,1542
8,1587
9,1599
9,47
9,62
9,231
11,306
9,437
9,454
10,536
9,583
9,726
9,760
9,828
9,838
9,1227
9,1349
9,1423
9,1443
9,1619
10,27
10,178
10,222
10,229
10,246
10,273
10,328
10,357
10,372
10,426
10,507
10,574
10,659
10,1099
10,1237
10,1344
10,1486
11,1541
12,48
11,68
11,72
11,159
11,196
11,211
11,251
11,285
11,310
11,343
11,366
11,449
11,512
11,532
11,644
11,666
11,682
11,745
11,1064
11,1184
11,1235
11,1277
11,1355
11,1434
11,1465
11,1511
11,1546
11,1582
12,219
12,293
14,545
12,571
12,577
12,599
12,620
12,677
12,713
12,718
12,756
12,813
12,838
12,1040
12,1284
12,1308
13,1579
12,1620
13,1
13,28
13,62
13,68
13,140
13,171
13,226
14,265
13,356
14,439
13,464
13,497
13,535
13,646
13,654
13,667
13,761
14,819
13,1458
13,1504
13,1563
14,40
14,89
14,101
14,112
14,234
14,287
14,374
14,423
14,452
14,478
14,527
14,651
14,660
14,709
14,779
14,793
14,1236
14,1253
14,1271
15,1276
14,1409
14,1598
15,53
15,448
15,473
15,571
15,672
15,851
16,864
15,1049
15,1089
15,1322
15,1331
15,1413
15,1442
15,1573
15,1625
16,46
16,60
16,233
16,297
16,434
16,489
16,504
16,537
17,616
16,627
16,724
16,747
16,755
16,769
16,1035
16,1098
16,1202
16,1301
16,1342
16,1398
17,1410
16,1451
16,1458
16,1493
19,1501
17,97
17,125
17,133
17,219
18,225
18,255
17,288
18,313
17,409
17,443
17,472
17,509
17,620
19,629
17,663
18,812
18,1042
17,1065
17,1328
17,1438
17,1515
18,27
18,46
18,60
18,108
18,184
18,209
19,237
18,422
18,483
18,549
18,575
19,755
18,1187
18,1313
19,1574
19,120
20,164
19,262
19,349
19,445
20,506
19,559
19,703
19,707
20,727
19,785
20,818
19,846
19,861
19,876
19,1179
19,1243
19,1435
19,1546
20,27
21,87
20,128
20,155
20,167
20,241
20,320
20,325
20,355
20,623
20,669
20,763
20,797
20,801
20,1199
20,1251
20,1274
20,1390
20,1534
21,1
21,108
21,144
21,153
21,259
21,270
21,425
21,836
21,1038
21,1070
21,1077
21,1103
21,1176
21,1206
21,1268
21,1323
21,1481
21,1543
21,1586
21,1590
21,1616
22,43
22,47
22,53
22,136
22,196
23,202
22,245
22,262
22,412
22,496
22,743
22,823
22,872
22,1044
22,1184
22,1357
22,1577
23,1584
22,1624
22,1633
23,71
23,105
23,110
23,162
23,355
23,370
23,515
23,578
23,600
23,764
23,1105
23,1228
23,1276
23,1299
23,1301
23,1327
23,1403
23,1412
26,1481
24,1486
23,1570
23,1607
25,3
24,25
25,39
24,51
24,56
24,239
24,243
24,403
24,483
24,508
24,612
24,731
24,776
24,803
24,864
24,979
24,1108
24,1111
24,1201
24,1238
25,1416
24,1538
24,1594
26,99
25,103
25,133
25,144
25,190
25,348
25,602
25,673
26,755
25,771
25,778
26,792
25,821
25,843
25,1102
25,1308
25,1321
25,1410
25,1427
25,1473
25,1528
26,1589
25,1616
26,1630
27,26
26,67
26,95
26,117
26,126
26,141
26,178
26,199
26,260
27,282
26,309
26,388
26,496
26,688
26,766
26,807
26,829
26,1053
26,1235
26,1304
26,1352
26,1364
26,1366
26,1419
26,1462
27,29
27,52
27,60
28,151
27,156
27,160
27,174
27,225
27,319
27,408
27,536
27,546
29,577
27,613
27,676
27,1034
28,1064
27,1219
27,1394
27,1399
27,1421
27,1426
27,1530
28,1606
28,1616
28,11
28,39
28,62
28,118
28,139
28,147
28,193
28,359
28,366
28,442
29,651
29,670
28,696
28,732
29,740
28,768
28,823
29,872
28,1200
28,1325
28,1396
28,1453
28,1470
28,1505
28,1570
30,3
29,123
30,134
29,165
29,167
29,206
29,323
29,346
29,408
29,418
29,718
29,1044
29,1062
29,1105
29,1134
29,1165
29,1173
29,1189
29,1219
29,1241
29,1423
30,1528
30,1540
29,1600
29,1641
30,11
30,24
30,52
30,69
30,88
30,246
30,269
30,275
30,288
30,317
30,328
32,397
30,494
30,533
30,592
30,639
30,692
30,730
30,769
30,825
30,1162
30,1246
30,1315
31,1409
30,1447
30,1549
30,1575
30,1589
30,1627
30,1635
31,21
31,170
31,779
31,797
31,1239
31,1252
31,1263
31,1403
31,1450
31,1480
31,1483
31,1507
31,1532
31,1564
32,1613
32,1622
33,13
33,37
33,64
32,87
32,189
32,290
32,337
32,348
32,377
32,413
32,558
33,1061
32,1164
32,1388
32,1391
32,1416
32,1439
33,26
33,53
33,133
34,146
34,213
33,284
33,351
33,489
33,561
33,583
33,702
33,784
33,1170
33,1314
33,1327
33,1376
33,1431
33,1531
33,1535
33,1552
34,3
34,22
34,31
34,74
34,161
34,170
35,288
34,429
34,441
34,589
34,643
35,698
34,721
34,746
34,797
34,1133
36,1269
34,1394
34,1451
34,1476
34,1544
37,1594
35,130
35,151
35,186
35,356
35,405
35,524
36,659
35,708
35,833
35,866
35,871
35,1036
35,1109
35,1159
35,1297
36,1324
35,1379
35,1419
36,1446
35,1599
35,1621
36,10
36,35
36,77
36,109
36,136
36,140
36,238
36,247
36,371
36,382
36,490
36,579
36,701
36,711
36,804
36,1148
36,1172
37,1212
36,1399
37,1451
36,1609
37,178
37,221
37,307
37,339
37,494
37,531
37,715
37,742
37,777
37,786
37,815
37,1053
37,1179
37,1373
37,1514
38,1620
38,68
38,142
38,160
38,286
38,312
38,405
38,425
38,487
38,589
38,698
38,701
38,733
38,755
38,1062
38,1140
38,1239
38,1312
38,1320
38,1337
38,1537
38,1541
38,1577
39,8
39,47
39,155
39,216
39,240
39,303
39,665
39,679
39,684
39,1043
40,1057
39,1231
39,1309
39,1330
39,1381
39,1420
40,1456
39,1472
39,1517
39,1584
40,129
40,162
40,208
40,343
40,386
40,520
40,763
40,782
40,806
40,1135
40,1138
40,1142
40,1164
40,1274
41,1303
41,1312
40,1333
40,1482
40,1515
40,1591
41,22
41,73
41,92
42,119
41,153
41,167
41,187
41,327
41,368
41,378
41,407
41,434
41,485
41,579
42,592
41,669
41,739
42,914
41,1175
41,1354
42,1376
41,1387
41,1409
41,1470
41,1526
41,1562
41,1573
41,1580
42,1603
42,16
42,80
42,128
42,174
42,184
42,338
42,366
42,402
43,427
42,534
42,688
43,773
42,864
42,1066
42,1154
42,1183
42,1405
42,1463
42,1478
43,1576
44,19
43,75
47,123
43,176
43,189
44,239
43,313
43,473
43,517
43,581
43,647
43,851
43,862
43,880
43,909
43,1145
43,1173
43,1202
43,1327
43,1446
44,1452
43,1513
44,1542
43,1588
43,1612
44,51
44,134
45,141
44,159
44,171
44,350
44,368
44,403
44,674
44,753
44,1315
44,1546
44,1637
45,0
45,10
45,181
45,416
45,487
45,563
45,656
45,728
45,748
45,781
45,788
45,847
45,984
45,1166
45,1204
45,1266
45,1471
45,1525
45,1551
45,1612
45,1619
46,47
46,145
46,184
46,216
46,242
46,245
48,274
46,479
46,572
46,868
46,1181
46,1226
46,1300
46,1465
46,1475
46,1554
46,1604
46,1621
47,89
47,137
47,188
47,316
48,321
47,420
47,569
47,598
47,741
47,857
47,986
47,1132
47,1179
47,1269
47,1385
47,1454
47,1467
47,1473
47,1490
47,1517
47,1533
47,1565
47,1590
49,9
48,217
48,344
48,521
48,584
50,726
48,784
48,1050
48,1060
48,1141
48,1169
48,1208
48,1324
48,1392
48,1394
48,1536
48,1611
49,3
49,14
49,83
49,268
49,290
49,400
49,589
49,644
49,714
49,899
49,1115
49,1134
49,1203
49,1266
49,1310
49,1460
50,1463
49,1607
51,1616
49,1634
50,62
50,92
50,106
50,140
50,214
50,719
50,740
50,881
50,1021
50,1058
50,1080
50,1084
50,1388
50,1397
50,1469
50,1494
52,1504
51,1556
50,1639
52,46
51,138
51,200
51,305
51,342
51,351
51,411
51,466
51,706
51,773
51,887
51,1119
51,1139
51,1173
51,1223
51,1315
51,1353
51,1359
51,1402
51,1530
52,79
53,146
52,181
52,184
52,241
52,324
53,372
52,402
52,494
52,519
52,524
52,571
52,657
52,883
52,902
52,1092
52,1113
52,1197
52,1302
53,1378
52,1388
52,1482
52,1559
53,1590
52,1596
52,1641
53,22
53,60
54,297
53,387
53,409
53,426
53,578
53,644
53,770
53,779
53,1084
53,1179
53,1200
53,1257
53,1381
53,1450
53,1498
53,1508
53,1531
53,1573
54,64
54,72
54,89
54,197
54,209
54,219
54,308
54,395
54,522
54,596
54,673
54,711
54,803
54,840
54,1019
54,1241
54,1250
55,1304
54,1329
54,1353
54,1363
55,1396
54,1474
54,1534
54,1536
54,1554
54,1639
55,19
55,97
55,151
55,290
55,341
55,355
55,585
55,690
55,723
55,901
55,1112
55,1146
55,1168
55,1383
55,1385
55,1390
55,1491
56,1544
57,9
56,193
57,278
56,365
56,385
56,392
56,429
56,637
56,669
56,700
56,785
56,1004
57,1083
56,1234
56,1594
57,1603
56,1636
57,40
57,67
57,94
57,127
57,178
57,318
57,332
57,398
57,412
57,416
58,429
57,435
57,445
57,488
57,491
57,505
57,641
57,764
57,832
57,865
57,1118
57,1140
57,1221
57,1240
57,1325
58,1333
57,1445
57,1489
58,3
58,18
60,30
58,98
58,115
58,150
59,208
59,385
58,485
58,500
58,597
58,682
58,685
58,886
58,903
58,918
58,1134
58,1156
58,1160
58,1273
58,1320
58,1400
58,1460
58,1548
59,15
59,79
59,192
59,350
59,567
59,694
59,702
59,714
59,726
60,781
59,827
59,896
59,907
59,913
59,925
59,1065
59,1092
59,1112
59,1190
59,1203
59,1234
59,1301
60,1350
59,1393
59,1409
59,1561
59,1572
60,200
61,221
60,436
61,461
60,482
60,587
60,709
60,718
60,842
60,858
60,862
61,877
60,1034
60,1056
60,1067
60,1249
60,1318
60,1379
60,1549
60,1591
60,1633
60,1641
61,22
61,43
61,87
61,96
61,205
61,319
61,374
62,430
61,452
61,488
61,650
61,820
61,1080
61,1137
61,1228
61,1238
61,1271
61,1394
61,1457
61,1489
61,1498
61,1541
61,1568
63,25
62,68
64,100
62,115
62,230
62,284
62,331
62,407
62,457
62,498
62,509
62,569
62,646
62,806
62,836
62,1026
62,1110
62,1219
62,1306
63,1328
62,1336
62,1360
62,1410
62,1444
62,1558
62,1563
63,1573
62,1606
63,2
63,196
63,217
63,268
63,328
63,441
63,527
63,723
63,778
63,802
63,932
63,1062
63,1128
63,1137
63,1193
63,1242
63,1358
63,1379
63,1555
63,1620
64,120
64,449
64,698
64,895
64,898
64,908
64,929
64,989
64,993
64,1198
64,1376
64,1407
64,1480
64,1487
64,1506
64,1535
64,1560
64,1570
64,1578
65,1588
64,1596
64,1641
65,29
65,45
65,69
65,112
65,154
65,206
65,354
65,525
65,720
65,788
66,814
67,822
65,889
65,903
65,905
65,946
65,951
65,1012
65,1077
65,1130
65,1195
65,1331
65,1341
65,1359
65,1448
65,1530
65,1605
65,1616
66,208
66,389
66,418
66,513
66,773
66,977
66,1003
66,1108
66,1125
66,1159
67,1189
66,1261
67,1273
66,1303
66,1545
68,38
68,73
67,120
67,211
67,401
67,469
67,556
67,574
67,583
67,723
67,797
67,817
67,924
67,937
67,996
67,1005
67,1055
67,1141
67,1156
67,1335
67,1419
68,1445
67,1460
67,1554
67,1568
68,226
68,255
68,261
68,318
68,403
68,465
68,481
68,658
68,820
68,862
68,873
68,1074
68,1129
68,1256
69,1265
68,1323
68,1385
68,1417
68,1423
68,1530
68,1547
68,1593
69,26
70,29
69,32
69,108
69,179
69,181
69,208
69,303
69,357
69,363
69,423
69,517
71,535
69,557
69,578
69,725
69,825
69,951
69,1202
69,1222
70,1237
69,1458
70,1480
69,1571
70,112
70,194
70,316
70,326
70,395
70,500
70,740
70,816
70,943
70,1005
70,1107
70,1316
71,1358
70,1419
70,1609
71,56
71,259
71,310
71,377
71,445
71,658
71,990
71,993
72,1001
71,1015
71,1052
71,1305
71,1331
71,1439
71,1457
71,1492
71,1510
71,1544
71,1595
72,50
72,65
72,77
72,114
72,428
73,526
72,567
73,797
72,816
72,848
72,955
72,969
72,972
72,1007
73,1071
72,1086
72,1097
72,1188
72,1222
73,1250
72,1415
73,46
73,190
73,457
74,517
74,540
73,546
73,587
73,594
73,635
73,734
73,736
73,790
73,945
73,1017
74,1028
73,1056
73,1110
73,1120
73,1136
73,1148
73,1179
73,1281
73,1323
73,1418
73,1509
73,1518
73,1605
76,65
74,81
74,158
75,213
75,413
74,672
74,818
75,939
74,988
74,1004
74,1066
74,1171
74,1226
74,1298
74,1364
74,1449
75,1502
75,1599
75,48
76,78
75,209
75,484
75,592
75,810
76,972
76,1101
76,1115
76,1132
75,1185
76,1208
75,1576
75,1593
76,29
76,177
76,180
77,190
76,554
76,651
76,660
76,872
76,933
76,943
76,980
76,990
76,1166
76,1313
76,1320
76,1547
76,1608
77,42
78,49
77,81
77,332
77,370
77,450
77,663
77,744
77,849
77,977
77,1033
78,1140
78,1163
77,1243
78,1254
77,1269
78,1296
77,1349
77,1361
77,1488
77,1536
77,1596
79,74
79,149
78,312
78,348
78,351
78,373
78,384
78,409
78,497
79,590
78,641
78,739
79,820
78,833
78,1111
78,1262
78,1291
78,1379
78,1510
79,109
79,203
79,243
80,247
79,701
79,703
79,789
79,857
79,921
79,1067
79,1078
79,1332
79,1340
79,1344
79,1363
79,1385
79,1482
79,1528
80,1552
79,1571
79,1587
79,1632
80,76
80,142
81,188
80,447
81,733
80,747
80,753
80,831
80,855
80,956
80,974
80,1038
80,1046
80,1382
80,1419
80,1443
80,1446
80,1506
80,1532
83,1591
81,1636
81,38
81,51
81,85
81,106
81,169
82,173
81,254
81,303
81,330
81,342
81,415
81,538
81,574
81,814
81,867
81,926
81,1011
81,1024
81,1054
82,1095
81,1106
81,1110
81,1160
81,1169
81,1286
81,1513
82,1544
82,148
82,223
82,406
83,425
82,491
82,529
82,625
82,646
82,758
82,855
83,946
82,1075
82,1130
82,1173
82,1264
82,1296
82,1362
82,1403
82,1423
82,1448
82,1493
84,55
83,90
83,302
83,307
83,367
83,665
83,749
83,751
84,793
83,837
83,846
83,876
83,1028
83,1037
83,1049
83,1085
83,1374
83,1415
83,1425
83,1535
84,1557
83,1567
84,1578
83,1582
83,1601
84,40
84,50
84,64
84,69
84,147
84,152
84,184
84,205
84,331
85,382
84,526
84,920
84,1072
84,1160
85,1187
84,1313
84,1357
84,1382
85,1512
84,1526
86,1547
85,31
85,177
85,192
85,234
85,245
85,334
85,376
86,403
85,407
85,432
85,535
85,598
85,649
85,657
85,818
85,924
85,972
85,1039
85,1176
85,1287
85,1466
85,1478
85,1503
85,1574
86,42
86,44
86,140
86,164
86,222
86,363
86,379
86,446
86,582
86,828
86,968
86,991
86,1074
86,1079
86,1081
86,1089
86,1256
86,1389
86,1443
86,1495
88,1581
88,1614
86,1621
86,1624
87,176
87,242
87,266
88,370
87,400
87,610
88,649
87,945
87,1033
87,1223
87,1243
87,1261
87,1298
87,1311
87,1331
88,1448
87,1610
88,28
88,37
89,41
89,63
88,170
88,190
88,225
88,311
88,361
88,422
88,498
88,1020
88,1056
89,1091
88,1290
88,1354
89,1518
89,0
91,43
89,60
89,93
89,173
89,176
89,359
89,402
89,433
89,491
89,592
89,657
89,857
89,969
89,1012
89,1052
89,1095
89,1221
89,1253
89,1326
89,1392
89,1510
89,1521
89,1608
89,1618
90,1621
91,1631
90,166
90,227
90,388
90,412
91,661
90,709
90,803
90,1164
90,1235
90,1275
90,1281
90,1397
90,1461
90,1471
90,1495
90,1501
91,80
91,198
91,310
91,363
91,392
91,399
91,486
91,615
92,741
91,840
91,913
91,1187
91,1242
91,1299
91,1347
91,1586
92,33
92,208
92,367
92,401
92,416
93,553
92,567
92,972
92,990
92,1063
92,1098
92,1200
92,1233
92,1295
93,72
93,204
93,218
93,284
94,311
93,314
93,370
93,633
93,700
93,812
93,831
94,1037
93,1059
94,1114
93,1160
93,1228
93,1278
93,1461
93,1506
94,1543
94,1604
93,1637
94,12
94,25
95,212
94,250
94,302
94,361
94,403
94,409
94,826
95,876
94,924
94,952
94,965
94,1250
94,1291
94,1355
94,1412
94,1620
95,57
95,357
95,562
95,607
95,723
95,834
95,933
95,994
95,1021
95,1053
95,1057
95,1086
95,1110
95,1200
95,1203
95,1234
95,1319
95,1370
95,1550
96,26
97,136
96,195
96,245
97,300
96,373
96,475
96,480
96,669
96,677
97,699
97,824
96,828
96,1119
96,1138
96,1292
96,1382
96,1385
96,1415
96,1465
97,8
97,67
97,185
97,374
97,458
97,490
97,547
97,553
97,723
97,842
97,862
97,880
97,957
97,1010
97,1047
97,1082
97,1092
97,1147
97,1245
97,1373
97,1620
97,1630
98,19
98,29
98,34
98,75
98,91
98,221
98,292
98,568
98,638
98,640
98,652
98,721
98,807
98,848
98,986
98,1020
98,1155
98,1231
98,1504
98,1596
99,202
99,244
99,298
99,313
99,454
99,481
99,582
99,878
99,965
99,1050
99,1089
99,1141
100,1294
100,1380
99,1468
99,1483
99,1607
100,50
100,199
100,211
100,324
100,355
100,398
100,462
101,564
100,589
100,651
101,671
100,693
100,910
100,945
100,953
100,975
100,995
100,1121
100,1144
101,1179
100,1210
103,1299
100,1384
100,1396
100,1404
100,1491
100,1517
101,27
101,63
101,161
101,177
101,181
101,204
101,218
101,224
101,284
101,304
101,311
101,481
102,702
101,924
101,937
102,1060
101,1088
101,1507
104,1512
101,1598
101,1619
102,81
102,207
102,301
102,317
102,466
102,614
102,681
102,741
102,859
102,912
103,918
102,1015
102,1069
102,1174
102,1350
102,1477
102,1538
102,1542
102,1547
102,1549
103,1601
102,1610
103,1623
103,17
103,25
103,87
103,98
103,169
103,217
104,288
103,325
103,418
103,456
103,600
103,645
103,659
103,746
103,1009
103,1042
103,1046
103,1118
103,1236
103,1394
103,1401
103,1495
103,1515
103,1576
104,11
104,40
104,67
104,157
104,163
104,172
104,199
105,203
104,314
104,392
104,570
104,583
104,722
104,905
104,1024
104,1103
104,1153
104,1162
104,1167
104,1312
105,1371
105,1378
104,1387
104,1544
105,1614
104,1626
105,47
105,141
105,215
106,225
106,318
105,361
106,454
105,458
105,486
106,618
107,633
105,662
105,670
105,829
105,849
105,935
105,972
105,1000
105,1068
105,1113
105,1157
105,1330
105,1363
105,1475
105,1490
105,1519
106,1536
105,1570
106,1629
105,1640
106,20
106,54
106,147
106,149
106,366
106,624
106,673
107,681
106,698
106,749
106,818
106,897
106,931
106,949
106,981
106,1005
106,1137
106,1148
106,1194
106,1353
106,1562
106,1606
106,1637
107,104
107,187
107,292
107,298
107,392
107,434
107,556
108,585
107,644
107,740
107,879
107,990
107,1060
107,1131
107,1166
108,1542
107,1598
108,6
109,86
108,159
108,257
108,303
108,419
108,428
108,536
108,615
108,812
108,936
108,968
108,979
108,1044
108,1069
108,1108
108,1302
108,1330
108,1530
108,1615
108,1634
109,1
109,31
109,213
109,551
109,598
109,727
109,731
109,734
109,744
109,862
109,963
110,974
109,1015
109,1075
109,1089
110,1120
109,1146
109,1168
109,1260
110,1334
109,1353
110,1373
109,1486
109,1507
109,1619
109,1639
110,19
110,141
111,171
110,208
110,210
110,237
110,289
110,400
110,416
110,441
110,453
110,488
110,716
110,751
110,772
110,775
110,813
110,851
110,910
111,999
110,1139
110,1253
110,1306
110,1385
110,1510
110,1531
110,1601
110,1629
110,1633
111,270
111,317
112,345
111,433
111,560
111,613
111,913
111,1007
111,1068
111,1101
111,1361
111,1400
112,14
112,102
112,216
112,263
112,267
112,292
112,299
112,424
112,546
112,586
112,595
112,697
113,700
112,703
113,768
112,811
112,821
112,856
112,979
112,1021
112,1040
112,1127
112,1143
112,1173
112,1257
112,1397
112,1530
112,1533
112,1538
114,1554
112,1564
112,1639
113,47
113,67
114,114
113,197
113,240
113,306
113,329
113,373
113,456
113,513
114,716
114,749
113,758
113,1012
113,1225
113,1289
113,1579
114,233
114,243
114,436
115,605
114,710
114,1061
114,1073
114,1200
114,1241
114,1335
114,1479
114,1487
115,1559
114,1625
114,1637
115,61
115,126
115,195
115,262
115,294
115,303
115,313
115,339
115,375
115,396
115,404
115,513
115,594
116,620
115,672
115,707
115,727
115,772
115,865
115,988
115,1071
115,1218
115,1228
115,1248
115,1288
116,1336
115,1357
115,1384
115,1568
116,1571
115,1606
116,13
116,29
116,63
116,99
117,108
116,140
116,178
117,184
117,479
116,616
116,815
116,869
116,887
116,934
116,964
116,1019
116,1079
116,1124
116,1126
116,1516
116,1527
116,1546
116,1637
117,0
117,59
117,80
117,234
117,238
117,311
117,327
117,373
117,380
117,415
117,445
117,469
117,491
117,560
117,654
117,721
117,753
118,898
117,920
117,931
117,951
117,1045
117,1142
117,1241
117,1332
117,1355
117,1396
117,1480
117,1596
119,115
119,264
118,291
118,384
118,423
118,609
119,692
119,703
118,736
119,777
119,994
118,1019
118,1140
119,1178
118,1289
119,1347
118,1542
119,55
119,101
119,130
119,153
120,272
119,304
119,397
119,406
119,491
119,510
119,558
119,582
119,614
119,620
119,760
119,837
119,1107
119,1153
119,1243
119,1257
119,1279
119,1282
119,1340
119,1377
119,1520
119,1590
119,1598
119,1602
120,18
120,94
120,135
120,168
120,181
120,233
120,241
120,404
120,420
120,462
120,470
120,603
120,725
120,764
120,974
120,982
120,1008
120,1157
120,1223
121,1297
120,1303
120,1409
121,1513
120,1621
122,91
121,218
121,280
121,369
121,542
121,720
121,950
121,954
121,961
121,1122
121,1395
121,1505
122,1611
122,8
122,20
122,36
122,84
122,267
122,401
122,475
122,549
122,615
122,770
122,815
123,853
122,878
123,886
122,982
122,1017
122,1110
122,1127
122,1150
122,1254
122,1311
122,1337
122,1518
122,1523
122,1540
122,1560
122,1571
122,1631
123,17
123,43
123,73
123,168
123,394
123,468
123,520
123,545
123,595
123,606
123,698
123,849
123,995
123,1174
123,1196
123,1278
123,1300
123,1350
123,1355
123,1507
123,1598
124,5
124,97
124,180
125,232
124,260
124,275
125,329
124,458
124,654
124,980
124,1091
124,1138
124,1308
124,1549
125,59
125,128
125,137
125,140
125,254
125,295
125,369
126,386
125,394
125,420
125,440
125,499
125,679
125,872
125,911
125,959
125,1101
125,1223
125,1236
125,1245
125,1376
125,1490
125,1521
125,1543
125,1624
126,217
126,403
126,553
126,556
126,718
126,724
126,944
126,1181
126,1247
126,1250
126,1268
126,1295
126,1345
127,1350
126,1388
126,1612
128,44
127,58
128,84
127,148
127,180
127,227
127,279
127,338
127,407
127,475
127,572
127,633
127,660
127,736
127,824
127,865
127,990
127,1008
127,1081
127,1111
127,1244
127,1304
127,1307
127,1377
127,1536
127,1604
127,1633
128,3
128,170
128,234
128,265
128,327
128,427
128,434
128,569
128,620
128,658
128,725
129,752
128,890
128,902
128,1000
128,1024
130,1034
128,1068
128,1084
128,1295
128,1399
128,1477
128,1509
129,77
129,117
129,347
129,381
130,388
129,409
129,552
129,698
130,720
129,941
129,990
129,1047
129,1065
129,1145
129,1233
130,1247
130,1271
129,1335
129,1381
129,1385
129,1533
129,1538
129,1588
129,1608
129,1614
130,52
130,121
130,228
130,230
130,232
130,253
130,331
130,413
130,458
130,717
131,819
130,835
130,950
131,1041
130,1113
131,1293
130,1301
131,1511
130,1521
130,1627
131,39
132,60
131,167
131,324
131,353
131,400
131,547
131,656
131,1004
131,1058
131,1168
132,1266
131,1574
131,1611
131,1616
131,1636
132,49
133,178
132,222
132,332
132,336
132,357
132,501
132,524
133,528
132,555
133,733
132,857
132,886
133,908
132,982
133,995
132,1019
132,1075
132,1242
132,1313
132,1368
133,1499
132,1535
132,1541
133,2
133,39
134,57
133,143
133,147
133,226
133,244
133,266
133,457
133,574
133,838
134,946
133,953
133,1083
133,1187
133,1215
133,1244
134,1377
133,1566
134,83
134,115
134,325
134,672
134,709
134,751
134,770
134,1005
134,1037
135,1058
134,1076
134,1179
134,1298
134,1575
134,1586
134,1634
135,32
135,41
135,49
136,61
136,99
135,170
135,531
135,536
135,543
135,658
135,739
135,759
135,881
136,991
135,1047
135,1145
135,1230
136,1554
135,1559
135,1604
135,1614
136,66
136,176
137,221
136,235
136,425
136,433
136,525
136,534
136,593
136,606
136,674
136,767
136,827
137,843
136,1021
136,1273
136,1362
136,1372
136,1422
136,1532
136,1561
137,78
137,115
137,224
137,245
137,264
137,328
137,344
137,460
137,590
137,858
137,871
138,908
137,942
137,949
137,958
138,998
137,1002
137,1079
137,1630
137,1637
138,22
138,38
138,152
138,257
138,467
138,536
139,694
138,699
138,707
138,722
138,754
138,848
138,1051
138,1073
139,1085
138,1088
138,1172
138,1219
138,1247
138,1324
138,1452
138,1550
141,1602
139,168
139,250
140,261
139,264
139,354
139,418
139,620
139,627
139,631
139,655
139,690
140,743
139,840
139,861
139,1149
139,1175
139,1227
139,1445
139,1449
139,1462
139,1577
139,1597
140,49
140,59
140,117
140,228
140,239
140,291
140,514
140,523
140,679
140,865
140,969
140,975
140,991
140,1025
140,1075
140,1180
140,1245
140,1284
140,1447
141,1632
141,28
141,88
141,97
141,137
141,152
141,156
141,185
141,251
141,321
141,364
142,517
141,774
141,838
142,965
141,1063
141,1140
141,1142
141,1177
141,1597
141,1607
141,1610
142,163
142,204
143,237
143,252
142,415
142,514
142,598
142,610
142,622
142,711
142,768
142,831
142,873
142,891
142,952
142,1013
142,1023
142,1100
143,1106
143,1124
142,1185
142,1243
142,1437
142,1553
143,60
143,71
143,103
143,154
143,159
143,186
143,282
144,292
143,411
143,472
143,626
143,886
143,923
143,975
143,1057
143,1129
143,1224
143,1279
143,1313
143,1385
143,1433
144,2
144,176
145,304
144,362
144,457
145,463
144,486
144,509
144,755
144,869
144,983
144,1117
144,1145
144,1251
145,1379
144,1515
145,1526
144,1594
144,1606
145,1626
145,66
145,85
145,139
145,156
145,164
145,174
145,220
145,268
145,352
145,478
145,531
145,711
145,750
145,842
145,932
146,961
145,1073
145,1103
145,1215
145,1277
145,1440
145,1586
145,1612
145,1620
146,12
146,56
146,83
147,176
146,190
146,283
146,308
146,418
146,450
146,496
146,555
146,566
146,896
147,911
147,1067
146,1107
146,1127
146,1172
146,1195
146,1468
146,1520
146,1539
146,1641
147,68
147,80
147,222
148,240
147,299
147,330
147,445
147,453
147,476
147,597
147,605
147,692
147,779
147,955
147,979
147,996
147,1121
147,1228
147,1311
147,1576
147,1609
148,56
148,139
148,167
148,184
148,226
148,285
148,358
148,543
148,552
148,576
148,628
148,762
148,924
148,1101
148,1171
148,1218
148,1327
148,1520
148,1622
148,1630
148,1636
149,69
149,79
151,303
149,322
149,332
151,352
150,447
149,573
149,686
149,779
149,907
149,1017
149,1049
150,1116
149,1270
149,1384
149,1432
149,1558
150,10
150,50
150,259
150,264
150,311
150,365
151,416
151,427
150,442
150,528
150,626
150,770
150,783
150,832
150,862
150,891
150,974
150,1282
150,1459
150,1523
150,1529
150,1585
150,1637
151,18
151,229
152,332
151,348
151,358
151,499
151,531
151,631
151,720
151,873
151,930
152,955
151,977
151,994
152,1072
151,1075
151,1154
151,1191
151,1419
152,135
152,178
152,206
152,214
152,239
152,305
152,313
152,338
152,441
152,826
152,879
153,887
152,906
153,961
152,969
153,1041
152,1052
152,1062
152,1069
152,1093
152,1111
152,1140
152,1142
152,1176
152,1179
152,1253
152,1469
152,1531
153,9
153,31
153,50
153,54
153,73
154,84
153,319
153,363
153,502
153,528
153,534
153,700
153,709
153,829
153,918
153,972
153,1024
153,1135
153,1216
153,1385
153,1421
153,1525
154,1528
155,281
154,285
154,552
155,603
155,775
154,1152
154,1177
154,1196
154,1503
154,1513
154,1516
154,1534
154,1590
155,7
155,203
155,210
155,218
155,255
155,414
155,626
155,760
156,870
155,884
155,988
155,1006
155,1068
155,1078
155,1082
155,1119
155,1356
155,1360
155,1426
155,1469
155,1560
156,1637
156,15
156,88
156,133
156,277
156,302
156,517
156,648
156,980
156,1121
156,1315
156,1363
156,1420
156,1464
156,1523
158,171
157,182
158,493
157,583
157,1009
157,1052
157,1114
158,1268
157,1280
157,1398
158,1547
158,70
158,249
158,312
158,322
158,348
158,377
158,630
158,983
158,1044
158,1107
158,1230
158,1314
158,1434
159,1500
159,1520
159,1525
159,3
159,218
159,226
159,299
159,305
159,442
159,446
159,542
159,578
159,598
159,627
160,633
160,704
159,765
160,877
159,1050
159,1159
159,1198
159,1212
160,1218
159,1406
159,1462
160,1471
159,1533
159,1556
159,1558
159,1634
160,16
160,152
160,211
160,350
161,890
160,940
161,1075
160,1107
160,1429
160,1585
160,1606
160,1631
161,59
161,86
161,118
161,124
161,373
161,534
161,663
161,709
161,730
161,752
161,910
161,1003
161,1065
161,1091
161,1195
161,1214
161,1258
161,1350
161,1456
161,1464
161,1489
161,1512
161,1629
161,1634
161,1642
162,91
162,128
163,169
162,219
162,356
162,470
162,645
162,658
162,829
162,895
162,1035
162,1089
162,1167
162,1231
162,1331
162,1414
162,1438
163,63
163,84
163,150
163,208
163,222
163,247
163,265
163,283
163,315
163,439
163,479
163,748
163,846
163,1057
163,1104
163,1134
163,1283
164,12
164,126
164,578
164,660
164,784
164,867
164,986
164,1002
164,1074
164,1181
164,1218
164,1308
164,1320
164,1415
164,1470
165,1490
164,1494
164,1501
164,1510
164,1515
164,1548
165,141
165,144
165,148
165,166
165,247
165,473
165,492
165,533
165,631
165,662
165,730
165,740
166,748
165,888
165,1016
165,1021
165,1097
165,1125
165,1278
165,1435
165,1506
165,1577
166,153
166,298
166,356
166,370
166,524
166,557
166,575
166,580
166,618
166,709
166,727
166,825
166,836
166,876
166,902
166,972
166,1058
166,1129
166,1136
166,1400
166,1430
166,1470
166,1477
168,1486
166,1569
166,1608
167,23
167,98
168,148
167,185
167,207
167,274
167,302
167,471
167,538
167,591
167,937
167,1061
167,1077
167,1169
167,1340
167,1371
167,1398
167,1417
167,1507
167,1518
167,1558
167,1643
168,48
168,81
168,140
168,173
168,343
168,442
169,448
168,536
168,562
168,664
168,891
168,895
168,962
168,1106
168,1154
168,1400
168,1468
168,1472
168,1499
168,1521
169,78
170,86
169,98
169,199
169,201
169,275
169,289
169,354
169,367
169,489
169,496
169,580
169,613
169,648
169,734
169,823
169,882
169,993
169,1014
169,1083
169,1162
169,1340
169,1357
169,1420
169,1429
169,1438
169,1459
169,1535
169,1611
169,1615
170,82
170,160
170,192
170,248
170,349
170,373
170,620
170,692
170,892
170,1131
170,1166
171,1193
170,1206
170,1208
170,1261
170,1448
170,1470
170,1559
170,1604
171,138
172,141
172,148
171,151
172,278
171,285
171,466
171,507
171,555
171,571
171,576
171,580
171,598
171,612
171,661
171,710
171,716
171,828
171,997
171,1032
171,1142
171,1290
171,1379
171,1393
172,1432
171,1444
171,1519
171,1550
171,1568
171,1582
172,9
172,36
172,53
172,194
172,209
172,267
172,269
172,272
172,351
172,362
172,364
172,370
173,442
172,446
172,501
172,527
172,674
172,848
172,942
172,955
172,986
172,1153
172,1314
172,1587
172,1612
172,1639
173,44
173,377
173,403
173,558
173,573
173,584
173,640
173,656
173,665
173,734
173,758
173,760
173,800
173,856
173,884
173,978
173,1034
173,1047
174,1084
173,1203
173,1287
173,1369
173,1382
173,1406
173,1500
173,1547
173,1561
173,1628
175,40
174,53
174,151
175,161
174,179
174,263
174,282
174,531
174,551
174,707
174,716
174,971
174,981
174,988
174,1064
174,1118
174,1517
174,1554
175,16
175,110
175,116
175,127
175,202
176,274
175,343
175,525
175,638
175,753
175,890
175,940
175,955
175,1028
175,1088
175,1150
175,1174
175,1275
175,1351
176,1455
175,1480
176,185
176,368
176,513
176,559
176,565
176,572
176,599
176,634
176,695
176,699
176,749
176,763
177,834
176,961
176,1073
176,1192
176,1266
176,1374
176,1419
177,1490
176,1516
176,1540
176,1599
177,5
179,9
177,20
178,111
177,116
177,164
177,182
177,540
177,595
177,612
177,669
177,725
177,831
177,989
177,1029
177,1045
178,1087
177,1285
177,1302
177,1479
178,1635
178,91
178,153
178,189
178,283
178,318
178,380
179,386
178,459
178,532
178,837
178,948
178,1110
178,1161
178,1204
178,1265
178,1300
178,1337
178,1383
178,1482
178,1516
178,1589
179,3
181,51
180,80
179,331
179,361
179,412
179,529
179,537
179,584
179,611
179,734
179,743
179,811
179,861
179,1042
179,1068
179,1188
180,1307
179,1404
179,1422
179,1465
180,95
180,167
180,204
180,238
180,258
180,365
180,449
182,454
180,484
180,566
180,656
180,678
180,719
180,721
180,770
181,856
180,891
181,980
180,1014
180,1125
180,1274
180,1318
180,1392
180,1414
180,1487
180,1536
181,1560
180,1601
181,45
181,116
181,278
181,443
181,506
181,732
181,759
181,987
181,1209
181,1340
181,1355
181,1406
181,1462
182,1494
181,1566
182,1590
181,1604
182,112
182,122
182,126
182,466
182,581
182,672
183,702
182,709
182,740
183,801
182,868
183,881
182,936
182,1025
182,1057
182,1289
182,1393
182,1607
182,1613
183,0
183,101
184,106
183,192
183,200
183,441
183,446
183,480
183,540
183,589
183,696
183,770
183,810
184,815
183,847
183,894
183,924
183,1106
183,1149
184,1203
183,1214
184,1397
183,1511
186,8
184,16
184,46
185,56
184,95
184,169
185,183
185,374
184,489
184,545
184,725
184,759
185,914
184,972
184,1042
184,1159
184,1195
184,1248
184,1323
184,1329
184,1461
184,1477
184,1554
184,1597
184,1632
185,248
185,263
185,332
185,394
185,560
185,728
185,837
185,1074
185,1178
185,1181
185,1260
185,1353
185,1373
186,1393
185,1418
185,1492
185,1576
188,190
186,367
186,469
186,584
187,611
187,618
187,674
187,716
186,747
186,876
186,927
186,932
186,1161
186,1199
186,1235
186,1254
186,1282
187,0
187,23
187,168
187,188
188,448
187,504
187,693
187,765
187,791
187,885
187,1022
187,1044
187,1226
187,1232
187,1359
187,1472
187,1518
188,89
188,271
189,398
188,441
188,532
189,537
188,891
188,1145
188,1183
188,1469
188,1502
188,1524
189,1581
188,1634
189,60
189,75
189,170
189,211
189,582
189,664
189,679
189,801
189,840
189,845
189,1006
189,1148
189,1205
189,1216
189,1262
189,1399
190,1458
189,1484
190,1
190,15
190,175
190,406
190,529
190,543
190,616
190,672
190,824
190,874
191,948
190,987
191,1029
190,1068
190,1072
191,1193
190,1331
190,1396
191,40
191,164
191,394
191,557
191,577
191,584
191,669
191,730
191,755
191,767
191,846
191,1047
191,1090
191,1207
191,1235
191,1389
191,1490
191,1512
191,1563
191,1633
192,18
192,51
192,53
192,81
192,169
192,243
192,372
192,379
192,554
192,732
192,774
192,1007
192,1102
192,1260
193,1271
192,1295
192,1379
192,1385
192,1454
192,1485
193,32
193,77
193,419
193,498
195,529
193,657
193,659
193,796
194,817
193,919
193,1074
193,1150
194,1153
193,1212
193,1238
194,1257
193,1304
193,1335
193,1363
193,1467
194,0
195,61
195,83
194,167
194,200
196,551
194,585
195,671
194,676
194,735
194,785
194,867
194,967
194,1064
194,1087
194,1516
195,29
195,220
195,225
195,241
195,323
195,375
195,378
195,402
195,467
196,523
195,534
195,578
195,618
195,832
195,1077
195,1084
195,1492
195,1503
195,1512
195,1528
196,56
196,73
196,440
196,516
196,569
196,660
196,731
196,804
196,829
197,1162
196,1170
196,1272
196,1326
196,1471
196,1638
199,80
197,106
197,172
197,473
197,674
197,762
197,810
197,818
197,841
197,928
197,956
197,1015
197,1209
198,1266
198,1308
197,1383
197,1392
197,1449
197,1514
198,104
199,217
198,220
199,463
198,510
198,638
198,662
198,706
198,875
198,911
198,1284
198,1500
199,159
199,427
199,478
199,584
201,629
199,729
199,736
199,861
199,872
199,929
199,975
199,1005
199,1070
199,1094
199,1210
199,1233
199,1237
199,1311
199,1351
199,1527
199,1643
201,30
200,194
200,249
200,371
200,379
200,386
200,417
200,452
200,551
200,556
200,614
200,660
200,841
200,877
200,880
200,964
200,977
200,1017
200,1134
201,1151
200,1190
200,1260
200,1364
200,1380
200,1402
200,1424
201,65
201,73
201,75
201,191
201,369
201,403
201,514
201,534
201,575
201,651
201,676
201,730
202,917
201,942
201,1020
201,1137
201,1201
201,1210
201,1217
201,1262
201,1279
201,1281
201,1366
201,1528
201,1551
202,22
202,45
202,54
202,164
203,215
202,360
202,443
202,507
202,543
203,563
202,615
203,625
202,666
202,750
202,798
202,1029
202,1115
202,1231
203,1255
202,1408
202,1422
202,1470
202,1521
203,27
203,191
203,335
203,401
203,470
203,554
204,656
203,663
203,881
203,902
203,910
203,993
203,1001
203,1009
203,1098
204,1240
203,1265
203,1305
203,1363
204,62
204,69
204,218
204,254
204,371
204,575
204,636
205,760
205,872
204,925
204,1023
204,1036
204,1220
204,1251
204,1349
204,1400
204,1466
205,29
205,51
205,234
206,260
205,392
205,408
205,475
206,555
205,605
205,612
205,741
205,756
205,795
205,996
205,1073
205,1096
206,1119
205,1284
205,1326
205,1347
205,1356
205,1531
206,13
206,80
206,202
206,373
206,404
206,461
206,535
206,567
206,627
206,648
206,901
206,1079
206,1125
206,1225
206,1235
206,1254
206,1275
206,1445
207,100
207,176
207,190
207,434
207,449
207,661
207,1115
207,1144
208,1405
207,1450
207,1469
207,1523
208,10
208,53
209,257
208,265
208,362
208,371
208,550
208,630
208,670
208,730
209,991
208,995
208,1073
208,1081
208,1131
209,1280
208,1354
208,1397
208,1448
208,1489
208,1497
209,34
209,40
209,81
209,348
209,477
209,532
210,539
209,609
209,634
209,643
209,713
209,825
209,877
209,930
209,1091
209,1093
209,1245
209,1296
209,1452
209,1491
209,1495
209,1523
210,194
210,366
210,397
210,402
210,442
210,466
210,481
210,681
210,751
210,875
210,949
210,983
210,1099
210,1116
210,1144
211,1220
210,1242
210,1321
210,1388
210,1479
211,1482
210,1499
211,23
211,83
211,95
211,453
211,591
211,995
211,1094
211,1374
212,1491
211,1526
213,11
212,105
212,358
212,458
212,552
212,659
212,666
212,742
212,883
212,1036
212,1229
212,1233
212,1317
212,1353
212,1507
213,46
213,97
213,395
213,443
213,473
213,567
213,627
213,636
213,1021
213,1097
213,1147
213,1190
213,1340
213,1445
214,20
214,73
215,331
214,352
214,511
214,519
214,707
214,754
214,772
214,784
214,1011
214,1105
214,1112
214,1222
214,1260
214,1263
214,1290
214,1355
214,1378
214,1508
215,360
215,589
215,628
215,664
215,794
215,818
216,1021
215,1039
215,1077
215,1132
215,1235
215,1241
215,1275
215,1499
215,1519
215,1530
215,1542
216,29
216,179
216,263
217,317
216,323
216,363
216,412
216,585
216,639
216,724
216,957
216,1045
216,1227
216,1328
216,1512
218,47
217,351
217,381
217,459
217,514
217,573
217,581
217,941
218,986
217,1000
217,1031
217,1039
217,1104
217,1110
217,1270
217,1470
217,1485
218,184
218,434
218,506
218,626
218,705
218,754
218,809
218,845
218,936
218,1015
219,1090
218,1097
218,1455
218,1462
218,1506
219,20
219,62
219,70
219,197
219,223
220,339
219,687
219,771
219,821
219,916
219,954
219,1007
219,1070
219,1112
219,1369
219,1406
219,1495
219,1588
220,6
220,15
220,185
220,316
220,348
221,357
220,406
220,408
220,461
221,510
220,527
220,549
220,584
220,776
220,996
220,1050
220,1207
220,1353
220,1472
220,1526
221,22
221,72
221,80
222,175
221,226
221,245
221,326
222,332
221,360
221,482
221,485
221,529
221,681
222,685
221,801
221,823
221,1117
221,1221
221,1330
222,1337
221,1348
222,1368
221,1375
222,229
222,319
222,375
222,430
222,710
222,832
222,871
222,1015
222,1212
222,1372
222,1491
223,14
223,42
223,46
223,82
223,226
223,382
223,585
224,592
223,635
223,682
223,758
223,948
223,1011
223,1035
223,1042
223,1074
224,1343
223,1452
223,1477
224,58
224,311
224,357
224,667
224,732
224,802
224,826
225,856
225,913
224,1019
225,1372
225,8
225,44
225,55
225,101
226,181
225,205
225,344
225,507
225,511
225,601
225,686
225,700
225,809
225,845
225,978
225,1040
225,1049
225,1081
225,1094
225,1104
225,1149
225,1203
225,1365
225,1533
227,1612
226,223
226,390
226,414
226,760
226,896
226,989
226,996
227,1121
226,1144
226,1220
226,1319
226,1339
226,1504
227,8
227,210
229,219
227,387
227,401
227,438
227,451
227,547
227,577
227,717
227,725
227,762
228,814
227,905
227,1007
227,1039
227,1046
227,1327
227,1441
227,1602
227,1605
228,23
228,70
229,241
228,360
228,433
229,510
228,612
228,666
228,682
228,713
229,835
228,876
228,992
228,1057
228,1064
228,1218
228,1321
228,1401
228,1466
228,1494
229,19
229,84
229,91
230,234
229,253
229,352
229,480
229,573
229,581
229,623
229,674
229,705
229,737
229,753
229,765
229,785
229,840
229,867
229,1093
229,1203
229,1431
230,1435
230,1536
231,103
230,306
230,390
230,760
232,827
230,912
231,1195
230,1211
230,1335
231,27
231,346
232,357
231,447
231,540
231,581
231,742
231,752
231,800
231,876
231,893
231,1043
232,1101
232,1214
231,1374
231,1385
231,1498
231,1509
231,1513
232,74
232,247
232,326
232,374
232,430
232,564
233,572
233,624
232,703
232,767
232,784
232,832
232,982
232,1127
234,1186
232,1206
232,1322
232,1343
233,1370
232,1380
233,37
233,63
233,109
233,205
234,209
233,267
233,354
233,392
233,424
233,446
233,507
233,512
233,554
233,683
234,696
233,792
233,812
233,1044
234,1072
234,1134
233,1507
233,1527
233,1533
234,12
234,79
234,102
234,113
235,186
234,531
234,691
234,741
234,771
234,873
234,879
234,894
234,909
234,922
234,990
234,1022
234,1373
234,1436
235,81
235,181
235,232
235,283
235,333
235,370
235,396
235,489
235,557
235,563
235,586
235,589
235,641
237,820
235,847
236,881
235,1020
235,1229
235,1502
235,1525
235,1643
236,66
236,111
236,330
237,342
236,416
236,576
236,693
236,770
236,795
236,806
239,1233
236,1490
236,1528
236,1536
237,299
237,445
237,467
237,608
237,617
237,638
237,649
237,713
237,726
237,1075
237,1221
237,1227
237,1303
237,1315
237,1448
238,1602
237,1631
238,30
238,230
238,312
238,408
238,423
238,488
238,527
238,598
238,606
238,700
238,796
240,824
238,837
238,845
238,1078
238,1134
238,1188
238,1198
239,1311
238,1378
238,1455
238,1461
238,1613
239,1639
238,1642
239,110
239,117
239,141
239,208
239,268
239,521
239,537
239,592
239,610
239,975
239,1035
239,1047
239,1223
239,1365
239,1421
239,1433
239,1493
239,1513
239,1632
240,54
241,60
240,218
240,305
240,307
240,329
240,351
240,482
240,567
240,603
240,621
240,768
240,801
240,846
241,1071
241,1133
240,1226
240,1338
240,1417
240,1516
240,1606
241,4
241,182
241,210
241,271
241,310
241,318
241,368
241,402
241,407
241,436
241,583
241,596
241,739
241,871
241,873
241,891
241,898
241,1031
241,1079
241,1103
241,1129
241,1440
241,1484
241,1496
241,1536
241,1542
242,51
242,99
243,103
242,249
242,303
242,412
242,428
243,525
242,581
242,756
242,817
242,875
242,928
242,1089
243,1188
242,1237
242,1308
242,1350
242,1368
242,1403
242,1473
243,1623
243,57
243,63
243,85
243,89
243,496
243,592
243,883
243,1099
244,1110
243,1331
243,1420
243,1438
243,1451
243,1465
243,1519
243,1610
244,221
244,356
244,370
244,438
244,654
244,737
244,917
244,1193
244,1222
244,1236
244,1347
244,1397
244,1431
244,1586
244,1603
247,24
245,56
245,95
245,149
245,470
245,641
245,678
245,726
245,759
245,773
245,904
245,932
245,1305
245,1401
245,1407
245,1468
245,1530
245,1619
246,86
246,258
246,287
246,311
246,337
246,378
246,390
246,400
246,588
246,657
246,782
246,828
246,936
246,1111
246,1181
246,1246
246,1339
246,1474
246,1532
246,1601
247,58
247,101
247,152
247,210
247,313
247,469
247,559
247,675
247,687
247,886
247,1068
247,1096
247,1299
247,1359
247,1391
247,1403
247,1440
247,1447
248,1528
248,1587
247,1603
248,1609
248,1
248,263
248,487
248,548
248,565
248,665
248,725
248,909
249,920
249,1202
248,1219
248,1336
248,1470
249,1576
248,1625
249,61
249,365
249,391
249,476
249,494
249,794
249,1207
249,1229
249,1238
249,1305
249,1328
249,1343
249,1365
249,1393
250,1404
249,1437
249,1465
249,1615
250,27
250,200
250,218
250,252
250,403
250,435
250,560
251,611
250,744
250,797
250,885
250,1115
250,1217
250,1243
250,1296
250,1334
250,1350
250,1356
250,1362
250,1385
251,1408
250,1431
250,1478
250,1601
251,114
251,308
251,369
251,394
251,568
251,575
251,723
251,749
251,891
251,897
251,1210
251,1241
251,1303
252,1483
251,1516
251,1533
251,1591
251,1594
252,18
252,61
252,74
252,103
253,206
252,415
252,434
252,488
252,517
252,1101
252,1216
252,1314
252,1417
253,1463
252,1573
252,1599
253,13
256,27
253,109
253,292
253,332
253,467
253,545
253,621
253,654
253,663
253,668
253,867
253,1339
253,1475
253,1593
253,1604
254,1
255,8
254,144
254,161
254,218
254,242
254,262
254,310
254,317
255,326
254,396
254,421
254,464
254,568
254,607
254,718
254,738
254,1212
254,1300
254,1311
254,1362
254,1515
254,1615
256,19
255,84
255,146
255,409
255,493
255,536
255,594
257,758
255,797
255,1077
255,1229
255,1255
255,1264
255,1401
255,1558
255,1562
256,3
256,62
256,73
256,255
256,297
256,302
256,337
257,374
256,378
256,553
256,555
257,617
256,641
256,688
256,873
257,1052
256,1057
256,1137
256,1476
256,1552
256,1568
256,1596
257,78
257,113
257,205
257,236
257,414
257,420
257,474
258,582
257,591
257,625
257,649
257,734
257,789
257,915
257,1210
257,1251
257,1348
257,1352
257,1379
257,1409
258,68
258,127
258,251
258,371
258,426
258,437
259,492
258,507
258,514
258,927
258,1078
259,1112
258,1264
258,1389
258,1499
258,1561
259,2
259,76
259,159
259,232
260,239
259,328
259,422
259,488
259,529
259,611
259,630
259,911
259,941
259,1085
259,1144
259,1193
259,1403
259,1442
259,1445
259,1454
259,1539
260,1558
259,1608
260,129
260,280
260,315
260,337
260,386
260,548
260,589
260,600
260,651
261,706
260,782
260,908
260,1076
260,1466
261,6
261,41
261,189
261,251
261,322
261,366
261,415
261,453
261,554
261,655
261,683
262,794
261,1053
261,1095
261,1132
261,1173
261,1216
261,1447
261,1503
261,1522
261,1537
261,1546
261,1564
262,91
262,113
262,193
262,281
262,420
263,432
262,490
263,514
262,1126
262,1147
263,1234
262,1289
262,1373
262,1411
262,1511
262,1518
264,33
263,161
263,252
263,577
263,594
263,1495
263,1531
263,1547
263,1563
264,234
264,341
264,388
264,458
264,484
264,614
264,694
264,707
264,782
264,925
265,1047
264,1071
264,1174
265,1185
264,1191
264,1219
264,1282
264,1364
264,1465
264,1507
265,1566
265,126
265,185
265,267
265,279
265,288
265,663
265,684
265,700
265,904
265,923
265,933
265,1085
265,1203
265,1331
265,1336
265,1389
265,1545
265,1560
266,10
266,29
266,118
266,175
266,210
266,416
266,425
266,438
266,449
266,507
266,577
266,586
266,697
266,899
266,1040
266,1081
266,1147
266,1177
267,1434
267,71
268,247
267,272
267,286
267,304
267,352
267,490
267,803
267,1169
267,1340
267,1349
267,1353
267,1612
268,56
268,156
268,196
268,275
268,282
268,384
268,430
268,484
268,878
268,931
268,940
268,1058
268,1093
268,1121
268,1135
268,1194
268,1359
268,1362
268,1495
268,1589
269,15
269,36
269,178
270,331
269,337
269,515
270,592
269,617
269,704
269,1148
269,1227
269,1293
269,1342
269,1346
270,1435
269,1441
269,1507
269,1543
269,1548
269,1564
270,1570
270,207
270,216
270,267
270,356
270,480
270,526
270,580
270,893
270,908
270,1206
271,1213
270,1246
270,1505
270,1590
271,92
271,113
271,139
271,149
271,250
271,264
271,455
271,501
271,540
271,657
271,806
271,917
271,943
271,1125
272,1236
271,1243
271,1264
271,1291
272,1415
271,1507
272,1
272,13
272,157
272,187
272,278
272,335
272,362
272,1165
272,1169
272,1585
273,130
273,238
273,349
273,469
273,590
273,733
274,756
273,877
273,912
273,1038
273,1076
273,1151
273,1194
273,1223
273,1286
273,1298
273,1349
274,8
274,86
274,104
274,118
274,146
274,189
274,217
274,232
274,277
274,577
274,772
274,895
274,900
274,1097
274,1131
274,1167
274,1262
274,1323
274,1340
274,1404
274,1522
274,1538
275,163
275,310
276,339
276,459
275,598
275,652
275,669
275,695
275,879
275,889
275,919
275,941
275,1057
275,1104
275,1128
275,1142
275,1160
275,1170
275,1315
275,1510
275,1576
275,1614
277,4
276,10
276,35
277,39
276,107
276,133
277,143
277,182
276,230
276,289
276,364
276,467
276,478
276,528
276,587
276,610
277,686
276,897
276,906
276,910
276,930
278,1041
276,1096
276,1190
276,1218
276,1256
276,1418
276,1498
276,1582
277,90
277,189
277,254
277,329
277,346
277,380
277,397
277,449
277,555
277,643
277,701
277,766
277,891
277,894
277,903
277,1325
277,1363
278,1395
277,1438
277,1480
278,1518
278,33
278,116
278,134
278,177
278,362
278,440
278,567
279,591
278,631
278,662
278,665
278,692
278,882
278,1269
278,1290
278,1408
278,1420
278,1433
279,1447
279,1609
278,1621
279,91
280,102
280,185
279,206
279,242
279,272
279,310
279,449
279,583
279,611
279,727
279,934
279,944
279,1104
279,1124
280,1151
279,1160
279,1252
279,1365
279,1479
279,1572
279,1623
280,7
280,141
280,264
280,286
280,333
280,358
280,384
280,483
280,546
280,660
280,735
280,926
280,936
280,1053
280,1095
280,1242
280,1321
280,1328
280,1406
280,1429
281,12
281,300
281,444
281,463
281,652
281,678
281,725
281,782
281,1101
282,1178
281,1350
281,1517
281,1588
282,23
282,36
282,100
282,197
282,211
282,273
282,365
282,524
282,631
282,740
282,763
282,780
282,939
282,1216
282,1278
282,1290
282,1364
282,1377
282,1417
282,1440
282,1497
283,1521
282,1527
282,1592
283,9
283,26
283,46
283,319
283,340
283,453
283,491
284,496
283,556
283,560
283,666
283,898
283,928
283,1055
283,1246
283,1402
283,1409
283,1443
283,1510
283,1615
285,59
284,76
284,157
284,181
284,286
285,351
285,369
284,476
284,481
284,537
284,647
284,661
284,694
284,717
284,935
284,1080
284,1191
284,1269
284,1287
284,1381
284,1416
284,1434
284,1568
284,1574
285,0
285,32
286,105
285,385
285,390
285,469
285,564
285,759
285,782
285,1126
285,1152
285,1168
285,1317
285,1319
286,1593
285,1610
286,235
286,288
286,319
286,337
287,360
286,413
287,587
286,627
286,683
286,754
286,766
286,1109
286,1258
286,1295
287,1359
286,1407
286,1412
286,1430
286,1519
286,1564
286,1572
287,28
287,34
288,76
287,115
287,123
287,141
287,329
287,498
287,677
287,770
287,938
287,1042
287,1150
287,1175
287,1221
287,1228
287,1551
288,65
289,137
288,343
288,347
288,371
288,455
288,464
289,537
289,682
288,724
288,930
288,955
288,1086
288,1184
288,1196
288,1239
288,1242
288,1353
288,1370
288,1398
288,1409
288,1440
288,1507
288,1538
288,1543
289,30
289,83
289,151
289,339
289,407
289,424
290,482
289,553
289,631
289,660
289,740
289,1106
289,1170
290,1323
289,1381
290,1609
290,345
291,463
290,520
290,524
290,527
290,1197
290,1362
290,1466
290,1554
291,121
291,189
291,246
291,269
291,292
291,401
291,633
291,728
291,955
291,1114
291,1120
291,1211
291,1236
291,1341
291,1441
292,1538
291,1613
293,10
292,15
293,29
293,45
292,68
292,280
292,297
292,365
292,383
292,451
292,529
293,614
292,637
293,673
292,693
293,928
292,935
292,1150
292,1153
292,1203
292,1218
292,1318
292,1370
293,1386
292,1468
292,1479
292,1492
292,1586
292,1589
292,1619
293,6
293,123
293,275
293,341
293,375
293,403
293,437
293,456
293,542
293,572
293,657
293,866
293,924
295,948
293,1092
293,1120
293,1179
293,1397
294,1407
293,1424
293,1584
295,1605
294,58
294,268
294,314
294,381
294,389
294,497
294,532
294,547
294,760
294,764
294,782
294,1214
294,1368
294,1455
294,1475
294,1556
294,1588
295,50
295,196
295,283
295,286
295,344
295,386
295,465
297,609
295,859
295,868
295,1177
295,1399
295,1495
295,1514
295,1535
295,1581
295,1601
295,1613
299,45
296,122
296,240
296,261
296,333
296,678
296,929
296,931
296,1108
296,1113
296,1599
296,1618
297,9
297,20
297,28
297,82
297,203
297,236
297,271
297,366
297,491
297,555
297,667
297,748
297,773
297,1178
297,1438
297,1459
297,1537
298,147
298,206
298,243
298,302
298,305
299,339
298,372
298,550
298,572
298,577
298,656
299,960
298,1145
298,1507
301,281
299,379
299,386
299,482
299,537
299,600
299,605
299,671
299,872
299,935
300,954
300,1533
299,1546
300,36
300,82
300,136
300,183
300,342
300,344
300,439
300,517
300,548
300,925
300,1180
300,1291
300,1419
300,1472
301,151
301,169
301,375
301,433
301,449
301,568
301,651
301,1289
301,1413
302,1496
301,1599
303,43
302,145
303,155
302,174
302,286
302,299
303,352
302,389
302,397
302,494
302,498
302,521
303,560
302,563
303,864
302,1182
303,1217
303,1423
303,1502
302,1607
303,359
303,539
303,543
303,586
303,661
303,870
303,1115
304,1263
303,1294
303,1385
303,1490
303,1506
305,15
304,56
304,86
304,126
304,129
304,131
304,164
304,248
304,260
304,429
304,476
304,486
304,512
304,551
305,1173
304,1270
304,1330
307,158
305,185
306,188
305,196
305,296
305,407
305,567
305,1157
305,1251
305,1258
305,1453
305,1456
305,1486
305,1545
305,1595
305,1621
306,5
306,50
307,54
306,124
306,166
306,210
306,272
306,392
306,402
306,415
306,491
306,540
306,678
306,697
306,752
306,874
306,1106
306,1112
307,1148
306,1224
307,1287
306,1356
306,1516
307,1540
307,86
307,134
307,237
307,257
307,293
307,343
307,551
307,560
307,702
307,958
307,990
307,1128
307,1154
308,1207
308,1221
307,1246
307,1271
307,1293
307,1339
307,1413
307,1431
308,164
308,264
308,415
308,1119
309,1161
308,1252
308,1309
308,1347
308,1375
308,1511
308,1537
308,1588
309,1
309,34
309,79
309,209
309,328
309,333
309,343
309,444
310,496
309,679
309,939
309,1110
309,1165
309,1174
309,1417
309,1475
311,85
310,367
310,400
310,411
310,468
311,551
310,593
310,658
310,879
310,972
310,1098
310,1267
310,1309
310,1313
310,1504
311,33
311,76
311,190
311,262
311,348
311,511
311,535
312,759
311,771
311,864
311,953
311,1333
311,1392
311,1467
311,1540
311,1548
311,1596
312,73
314,93
313,100
312,127
313,130
312,177
312,204
312,235
312,267
312,331
312,390
312,566
312,690
312,869
312,1117
312,1130
312,1245
312,1464
312,1508
313,26
313,138
313,181
313,212
313,427
313,444
313,510
313,1094
313,1100
313,1293
313,1620
314,221
314,264
314,295
314,320
314,551
314,660
314,898
315,1167
314,1260
314,1268
314,1343
314,1527
314,1633
315,149
315,195
315,199
316,441
315,586
315,936
315,977
315,1100
315,1171
315,1283
315,1425
315,1440
316,1475
315,1538
317,97
316,173
316,592
316,671
316,877
316,897
316,1183
316,1210
316,1331
316,1459
316,1471
316,1591
316,1617
318,55
317,185
317,232
317,378
317,451
317,492
317,544
317,580
317,588
317,693
317,765
318,1113
317,1235
317,1349
317,1498
318,40
318,92
318,103
318,291
318,323
319,387
318,468
318,536
318,658
318,967
318,1084
318,1100
318,1149
318,1226
318,1296
318,1304
318,1507
319,101
319,152
319,177
319,209
319,234
319,298
319,451
319,546
319,692
320,775
320,892
319,1230
320,1324
319,1350
319,1391
319,1404
319,1425
319,1436
319,1611
321,241
320,313
320,410
321,433
320,565
320,788
320,943
320,1154
320,1281
320,1305
320,1332
320,1343
320,1362
320,1442
320,1500
320,1620
321,52
321,60
321,209
321,526
321,616
321,940
321,1138
321,1279
321,1292
322,1419
321,1461
321,1481
321,1483
321,1496
322,291
322,370
323,397
324,459
322,497
322,514
322,622
322,761
322,1188
322,1317
322,1378
322,1503
323,36
323,51
323,144
323,187
323,191
323,248
323,314
324,452
323,471
323,666
323,892
323,1248
324,1289
324,1306
324,1326
323,1357
323,1432
323,1451
323,1480
324,44
324,151
324,175
324,203
324,261
324,328
324,368
324,432
324,596
324,641
324,789
324,888
324,933
325,937
324,972
324,984
324,1081
324,1084
324,1103
324,1114
324,1174
324,1224
324,1242
324,1316
324,1411
325,1484
325,1491
325,49
325,289
326,591
325,625
325,682
325,797
325,893
325,1258
325,1274
325,1368
326,1507
325,1538
325,1633
326,39
326,98
326,140
326,146
326,194
326,241
326,325
326,642
326,699
327,707
326,792
326,1135
326,1337
326,1375
326,1408
326,1421
326,1447
326,1456
327,58
327,114
327,116
327,219
327,225
327,301
327,312
327,466
327,485
327,684
327,722
327,785
328,932
327,1087
327,1111
327,1206
327,1212
327,1320
327,1324
327,1387
327,1434
327,1530
327,1535
327,1553
327,1617
329,201
329,228
330,232
328,348
328,355
328,542
328,599
328,635
328,666
328,757
328,776
328,885
329,1183
328,1194
328,1261
328,1292
328,1307
328,1440
328,1521
329,84
330,215
329,244
329,262
329,420
329,490
329,496
329,593
329,606
329,718
330,1117
329,1138
329,1630
329,1640
330,30
330,68
331,91
330,100
330,154
330,166
330,332
330,374
330,396
330,405
330,423
330,676
330,942
330,1150
330,1161
330,1214
330,1293
330,1325
330,1339
330,1354
330,1380
330,1386
330,1482
330,1531
330,1558
330,1580
330,1624
332,108
331,136
331,325
331,353
331,499
331,507
331,535
331,596
331,756
331,995
331,1064
331,1123
331,1132
331,1167
331,1202
331,1216
331,1273
331,1534
331,1630
332,46
332,149
332,225
332,329
332,375
333,383
332,679
332,682
332,971
332,1151
332,1317
332,1368
333,1410
333,29
333,157
333,165
334,192
333,197
333,465
333,487
333,532
333,535
333,652
333,662
333,713
333,893
333,951
333,1105
334,1134
333,1233
333,1291
333,1347
333,1452
333,1527
334,1562
333,1621
334,81
334,97
334,118
334,170
334,219
334,224
334,399
334,460
334,511
335,541
334,577
334,716
334,786
334,898
334,985
334,1076
334,1155
334,1185
334,1197
334,1325
334,1485
334,1581
335,27
335,48
335,60
335,238
335,374
335,505
335,549
335,679
335,790
335,1087
335,1097
335,1123
335,1147
335,1163
335,1183
335,1263
335,1285
335,1361
336,64
336,168
336,212
336,353
336,468
336,521
336,639
336,674
336,757
336,937
336,958
336,992
336,1204
336,1209
336,1275
337,1320
336,1324
336,1337
336,1385
336,1400
337,33
337,114
337,154
337,201
337,365
337,593
337,623
337,877
337,1079
337,1094
337,1190
338,126
338,139
338,345
338,349
338,381
338,445
339,448
338,632
338,759
338,778
338,859
338,956
338,1085
338,1293
340,1345
338,1353
338,1360
338,1532
338,1539
338,1583
338,1608
338,1638
339,57
339,71
340,89
339,99
339,120
339,191
339,318
339,330
339,404
339,408
339,422
339,637
339,669
340,886
339,938
339,941
339,1125
339,1201
339,1273
339,1483
339,1514
341,50
340,169
340,216
340,1127
341,1137
340,1269
340,1351
341,1386
340,1480
340,1643
341,118
341,158
341,250
341,406
341,485
341,502
341,592
341,668
341,684
341,723
341,725
341,764
341,766
341,869
341,876
341,1095
341,1317
341,1320
341,1375
342,1401
341,1586
342,29
342,72
342,97
342,227
342,454
343,478
342,498
342,609
342,680
342,755
342,855
342,894
342,907
342,1078
342,1086
342,1155
342,1177
342,1181
342,1276
342,1280
342,1479
342,1492
342,1588
342,1596
342,1604
342,1617
343,1
343,127
343,206
343,348
343,357
343,384
343,473
343,745
343,867
343,873
343,897
343,936
344,977
343,989
343,998
343,1129
343,1200
343,1214
343,1298
343,1317
343,1332
343,1352
344,46
344,64
345,152
344,220
344,330
344,660
345,676
344,1097
344,1163
344,1415
344,1494
345,165
345,394
345,451
345,528
345,550
345,564
345,588
345,652
345,755
345,800
345,889
345,895
345,989
345,1082
345,1148
345,1264
345,1372
346,1393
345,1526
345,1604
346,21
346,53
346,90
346,181
346,697
346,850
346,986
346,1091
346,1152
346,1159
346,1221
346,1286
346,1593
347,57
347,83
347,95
347,115
347,146
347,185
348,202
347,328
347,472
347,510
347,530
348,604
347,609
347,632
347,759
347,782
347,906
347,927
347,994
349,1142
347,1226
347,1320
347,1400
347,1459
347,1495
347,1541
348,18
348,33
348,50
348,316
348,392
349,519
348,558
348,625
348,642
348,683
348,809
348,976
348,1217
349,1522
348,1525
349,3
349,13
349,86
349,111
349,124
349,233
349,250
349,460
349,468
349,515
349,524
349,566
350,594
349,648
349,753
349,902
349,967
349,974
349,1236
349,1245
349,1269
349,1496
349,1554
349,1561
349,1602
349,1612
351,81
350,247
351,321
350,328
350,398
350,475
350,662
350,769
350,886
350,923
350,1064
350,1070
350,1094
350,1158
351,1342
350,1348
350,1366
350,1382
350,1398
350,1412
350,1460
350,1592
350,1629
351,29
352,99
351,118
351,153
351,457
351,465
351,532
351,633
351,657
351,687
351,1103
351,1106
351,1155
351,1201
352,1337
351,1350
351,1501
351,1623
352,27
352,39
352,70
352,239
352,314
352,497
352,515
352,622
352,728
352,749
352,791
352,849
353,912
352,949
352,959
352,1067
352,1094
352,1117
352,1203
352,1275
352,1323
352,1370
352,1420
352,1447
352,1525
353,1572
353,3
353,66
353,151
353,231
353,318
353,386
353,638
353,678
353,681
353,696
353,766
353,890
353,903
355,922
353,1074
353,1123
353,1196
353,1289
354,1361
353,1430
353,1467
353,1511
353,1595
354,68
354,196
354,311
354,331
354,471
354,556
354,604
354,649
354,802
354,982
354,1079
354,1136
354,1160
355,1186
354,1214
354,1334
354,1488
354,1492
354,1578
354,1585
355,8
355,16
355,75
356,327
355,335
355,459
355,656
355,689
355,776
355,797
355,856
355,1121
357,1346
355,1430
355,1454
355,1632
356,209
356,241
356,354
356,792
356,872
356,915
356,940
356,1192
356,1350
356,1390
356,1423
356,1434
356,1526
356,1625
357,24
357,74
357,111
357,153
357,420
357,467
357,549
357,641
357,644
358,682
357,755
358,849
357,899
357,908
357,1151
357,1277
357,1308
357,1474
357,1576
357,1642
358,62
358,101
359,222
358,346
358,425
358,575
358,725
358,786
358,839
358,961
358,973
359,982
358,1067
358,1090
358,1164
358,1190
358,1336
358,1351
358,1427
358,1534
358,1541
359,2
359,37
359,198
359,361
359,387
359,404
359,558
359,594
359,659
359,772
359,789
360,1153
359,1181
359,1255
359,1274
360,1359
359,1451
359,1465
359,1523
360,1587
359,1607
359,1611
361,1638
360,76
360,80
360,91
360,354
360,507
361,544
360,565
361,997
360,1124
360,1210
360,1213
360,1318
360,1340
360,1495
360,1498
360,1599
360,1613
361,41
361,109
361,350
361,562
361,665
361,929
361,953
361,988
361,1002
361,1190
361,1262
361,1309
361,1354
361,1448
361,1459
361,1500
361,1510
362,28
362,97
362,197
362,325
362,356
362,636
362,809
362,934
362,1113
362,1132
362,1204
362,1430
363,195
363,315
364,409
363,538
363,613
363,644
363,727
363,733
363,907
363,920
363,1167
363,1182
363,1316
364,1356
363,1363
363,1417
363,1451
363,1473
363,1507
363,1534
364,1591
364,8
364,84
364,146
364,150
364,900
364,1053
364,1175
364,1253
364,1347
365,1511
364,1544
364,1615
364,1630
365,58
365,207
365,611
365,725
365,831
365,837
365,848
365,904
366,1075
365,1126
365,1342
365,1537
365,1633
366,29
366,36
366,47
366,88
366,101
366,464
366,606
366,766
366,925
366,972
366,991
366,1055
366,1129
366,1165
366,1291
366,1379
366,1529
366,1539
366,1547
366,1587
367,8
367,32
367,52
367,60
367,81
367,180
367,584
368,672
367,683
367,829
367,851
367,912
367,954
367,1136
367,1233
368,1274
367,1456
367,1515
367,1596
368,155
368,405
368,460
368,558
368,734
368,841
368,901
368,975
368,1007
368,1115
368,1316
368,1335
368,1373
368,1378
368,1483
368,1545
368,1640
370,30
369,86
370,349
369,396
370,501
369,664
369,1082
369,1107
369,1550
370,216
370,451
370,686
370,726
370,826
370,1005
370,1104
370,1133
370,1308
370,1328
370,1547
370,1567
370,1582
370,1634
371,25
371,40
371,466
371,496
371,546
372,675
371,696
371,789
371,992
371,1010
372,1053
371,1198
371,1293
371,1312
371,1332
371,1355
371,1409
371,1479
373,11
372,20
372,304
372,665
372,942
372,1068
372,1075
373,1110
372,1283
372,1357
373,1406
372,1597
373,34
375,55
373,100
373,406
373,682
373,750
373,772
373,791
373,818
373,831
373,996
373,1133
373,1206
373,1248
373,1304
374,1321
373,1401
373,1418
373,1507
373,1540
373,1572
374,37
374,50
374,68
374,212
374,341
374,464
374,592
374,625
374,677
374,699
374,775
374,851
374,876
374,929
374,942
374,1105
374,1204
374,1314
374,1382
374,1409
374,1510
374,1519
374,1581
374,1590
374,1609
374,1621
375,236
377,306
375,409
375,496
375,601
375,800
375,862
375,884
375,1065
375,1072
376,1123
375,1197
375,1290
375,1297
375,1503
375,1554
375,1595
375,1632
376,16
377,21
376,198
376,221
376,331
376,381
377,452
376,656
376,675
376,680
377,808
376,979
376,1338
376,1404
376,1529
376,1583
376,1587
376,1610
378,247
377,340
377,591
377,661
377,722
377,839
377,1126
377,1147
377,1317
377,1420
377,1476
377,1616
377,1630
378,14
378,214
378,318
378,472
378,607
378,671
378,718
378,855
378,876
380,902
378,1001
378,1112
378,1135
378,1211
378,1220
378,1285
378,1312
378,1333
378,1457
378,1513
378,1525
378,1573
378,1598
378,1633
379,91
379,519
379,601
379,745
379,933
379,948
379,1315
380,1628
379,1643
380,7
380,181
380,313
381,343
380,494
380,504
380,739
380,772
380,775
381,879
380,894
380,954
380,979
380,1190
380,1218
381,1294
380,1324
380,1379
381,1535
380,1560
381,158
381,329
381,349
381,409
382,424
381,596
381,642
381,663
381,850
381,1001
381,1142
381,1150
381,1244
381,1411
381,1432
381,1434
381,1618
382,11
382,67
382,227
382,237
382,309
383,334
382,578
382,584
382,698
382,764
382,787
382,790
382,844
382,875
382,961
382,964
382,1068
382,1122
382,1158
382,1269
382,1329
382,1401
382,1426
383,1624
383,90
383,379
383,770
383,853
383,929
383,1057
383,1094
383,1130
383,1208
383,1246
384,1264
383,1321
383,1443
383,1526
383,1540
383,1593
383,1629
384,45
384,172
384,219
384,412
384,435
384,563
384,574
384,648
384,796
384,885
384,1142
384,1156
384,1255
384,1351
384,1357
384,1499
384,1513
384,1520
384,1581
385,92
385,419
385,472
385,525
385,594
385,627
385,671
385,758
385,791
385,806
385,906
385,983
385,1058
386,1167
385,1215
385,1335
387,33
386,185
387,436
386,441
386,443
386,466
386,497
386,540
386,572
386,703
386,729
386,785
386,854
386,871
386,896
386,1102
386,1161
386,1211
386,1259
386,1372
386,1409
386,1510
386,1563
387,1590
386,1610
386,1633
387,72
387,215
387,240
387,309
387,362
389,410
387,429
387,445
387,530
387,545
387,574
387,957
387,1007
387,1078
387,1099
387,1127
387,1146
387,1194
387,1197
388,1331
387,1350
387,1574
388,9
388,49
388,75
388,270
389,370
388,375
388,474
388,493
388,501
388,568
388,629
388,751
388,809
388,856
388,858
388,869
388,913
388,989
388,1051
388,1210
388,1251
388,1322
388,1386
388,1490
388,1585
388,1604
389,245
389,416
389,598
389,812
389,851
389,888
389,895
389,923
389,1013
389,1059
390,1067
389,1076
389,1105
389,1123
389,1173
389,1178
389,1259
389,1274
389,1311
389,1358
390,1396
389,1412
390,1450
389,1501
390,6
390,200
390,206
390,255
390,272
390,277
390,304
390,328
392,405
390,422
390,525
390,577
390,589
390,684
390,720
390,972
390,1024
390,1072
390,1161
390,1346
390,1423
390,1592
391,66
391,340
391,365
392,542
391,666
391,708
391,817
391,964
391,984
391,1054
391,1189
391,1313
391,1320
391,1565
391,1609
392,1629
392,25
392,213
392,224
392,240
392,316
392,424
392,469
392,586
392,653
392,717
393,755
392,827
392,1008
392,1185
392,1355
392,1378
392,1467
392,1519
392,1567
394,4
393,42
394,218
393,243
393,324
393,444
393,482
393,503
394,530
393,673
393,682
393,778
393,933
393,950
393,976
394,1030
393,1098
393,1104
393,1169
393,1265
393,1363
393,1514
394,1589
394,59
394,375
394,441
394,467
394,593
394,981
394,1284
394,1319
395,1382
394,1464
395,12
395,276
395,314
395,393
395,462
395,496
395,521
395,535
395,568
395,709
395,821
395,883
396,912
395,917
395,938
395,952
396,961
395,1053
395,1116
395,1254
395,1355
395,1514
395,1543
395,1611
395,1627
396,22
396,226
396,272
396,300
396,447
396,501
396,635
397,669
396,679
396,728
396,803
396,823
396,852
396,926
396,945
396,1049
396,1102
396,1164
396,1173
397,1300
396,1308
396,1347
396,1410
397,1426
397,1455
396,1496
396,1638
397,246
399,260
397,314
398,400
397,411
397,573
397,582
398,675
398,750
397,761
397,849
397,1021
397,1110
397,1362
398,1394
398,1402
397,1450
397,1466
397,1623
398,4
398,95
398,193
398,255
398,468
398,534
399,682
398,713
398,898
398,984
398,1061
399,1125
398,1189
398,1286
398,1379
398,1524
398,1556
398,1558
398,1566
398,1580
399,20
399,204
399,252
399,282
399,323
399,367
399,501
399,512
399,528
399,868
399,993
399,1102
399,1186
399,1217
399,1248
399,1325
399,1350
399,1359
399,1389
399,1406
399,1611
401,31
400,40
400,59
400,177
400,194
400,377
400,414
400,419
400,429
400,784
400,863
400,894
400,973
400,1008
401,1026
400,1034
400,1061
400,1312
400,1376
400,1414
400,1582
400,1591
400,1639
401,237
401,297
401,313
401,369
401,398
402,477
401,533
401,631
401,639
401,814
401,901
401,1045
401,1057
401,1110
401,1174
401,1196
401,1296
402,56
402,217
402,241
402,374
402,530
402,563
402,679
402,733
402,965
402,1155
402,1206
402,1220
402,1261
402,1318
403,1382
402,1389
402,1429
403,1577
403,1585
404,28
403,205
403,214
403,256
403,327
403,364
403,441
403,495
404,544
403,904
403,950
403,1030
403,1135
403,1198
403,1310
403,1367
403,1444
404,1546
403,1632
404,36
404,275
404,387
404,411
404,558
404,690
404,724
404,778
404,821
404,847
405,982
404,990
404,1015
404,1038
404,1067
405,1088
404,1180
404,1325
404,1351
405,1377
404,1392
404,1433
404,1478
404,1491
404,1499
404,1616
406,100
405,154
405,175
405,234
405,243
405,266
405,374
406,474
405,483
405,508
405,703
405,741
405,853
405,871
405,968
405,1012
405,1023
405,1075
405,1079
405,1128
405,1141
405,1460
405,1533
405,1597
405,1607
406,60
406,195
406,248
406,327
406,564
406,572
406,636
407,661
406,688
406,696
406,718
408,791
406,905
406,999
406,1132
406,1181
406,1204
406,1229
406,1254
406,1258
406,1369
406,1412
406,1453
406,1469
406,1488
407,1519
407,46
407,66
407,311
407,360
407,454
407,471
407,701
407,752
407,776
407,808
407,810
407,945
407,952
407,958
407,962
407,1027
407,1031
408,1197
407,1217
407,1267
407,1283
407,1354
407,1402
407,1424
407,1445
407,1507
407,1632
407,1639
408,34
408,154
408,377
408,448
408,561
408,684
408,877
408,1227
408,1322
408,1335
408,1347
408,1414
408,1434
408,1481
408,1545
408,1610
408,1620
409,1624
409,321
409,394
409,435
409,503
409,691
409,895
409,1147
409,1178
410,1186
409,1345
409,1382
409,1419
409,1448
409,1464
409,1533
409,1601
409,1634
410,32
410,64
410,385
410,543
410,893
410,1010
410,1070
410,1088
410,1127
410,1263
410,1279
410,1290
410,1361
410,1439
411,1517
410,1640
411,71
411,98
411,180
412,270
411,353
411,357
411,478
411,528
411,742
411,855
411,1052
412,1114
411,1133
411,1164
411,1213
411,1353
411,1533
412,1539
412,160
412,752
412,787
412,798
413,820
412,878
412,1008
412,1079
412,1228
412,1287
413,1341
412,1391
412,1450
412,1487
412,1619
414,77
414,103
413,177
413,184
413,203
413,222
413,252
413,377
413,583
413,587
413,731
413,902
413,1092
413,1123
413,1130
413,1250
413,1263
413,1366
413,1460
414,262
414,304
414,335
414,365
414,373
414,381
414,391
414,416
414,430
414,558
416,639
414,861
414,871
414,891
414,1059
414,1386
414,1474
414,1536
414,1548
415,18
415,350
415,420
415,444
415,458
415,505
415,589
415,679
415,731
416,750
415,851
415,883
415,973
415,1163
415,1182
415,1227
416,1285
415,1423
415,1507
415,1515
415,1622
415,1642
416,214
416,461
416,580
416,694
416,826
416,875
416,997
416,1225
416,1270
416,1541
417,7
417,170
418,548
417,733
417,753
417,792
417,1096
417,1181
417,1200
417,1209
417,1614
418,67
419,109
419,247
418,589
418,691
419,819
418,1071
418,1090
418,1128
418,1155
418,1161
418,1333
418,1360
418,1413
418,1447
419,1458
420,1537
418,1544
419,155
419,182
419,445
419,474
419,674
419,683
419,757
419,790
419,801
419,823
419,853
419,882
419,909
419,1111
419,1144
419,1196
419,1286
419,1316
419,1344
419,1353
419,1383
419,1394
420,1423
419,1436
420,1508
420,41
420,190
420,225
420,341
420,360
420,389
420,504
420,523
420,798
420,825
420,872
420,1001
420,1025
420,1068
421,1077
421,1179
420,1184
420,1190
420,1258
420,1373
420,1409
420,1415
420,1470
421,73
421,105
421,201
421,453
421,561
421,769
421,786
421,1153
421,1342
421,1377
421,1461
422,112
422,171
422,438
422,551
422,614
422,894
422,897
422,909
422,1128
422,1170
422,1234
422,1334
422,1386
422,1398
422,1401
422,1443
423,1515
424,1540
422,1596
423,553
423,597
423,677
423,739
423,795
423,859
423,1002
423,1026
423,1106
423,1284
423,1320
423,1510
423,1580
423,1582
423,1585
423,1623
424,64
424,219
424,276
424,409
424,412
424,558
424,566
424,577
424,685
424,755
424,784
424,873
424,962
424,1146
424,1183
424,1342
424,1413
424,1432
424,1627
425,1631
425,96
425,190
425,228
425,237
425,333
425,497
425,617
425,636
425,826
425,852
425,1015
425,1071
425,1131
425,1211
425,1319
425,1332
425,1428
425,1524
426,166
426,169
426,197
426,202
426,500
426,599
426,750
426,902
426,1126
426,1162
426,1167
427,1202
426,1236
427,1411
427,1502
427,76
427,98
427,113
427,187
427,245
427,439
427,457
427,484
428,531
427,557
427,609
427,664
427,757
427,768
427,798
427,811
427,822
427,946
427,1114
427,1124
427,1209
427,1395
427,1407
427,1420
427,1447
428,1471
427,1485
427,1537
428,157
428,193
428,300
428,303
428,317
428,389
428,414
429,565
428,588
428,743
428,776
428,1077
428,1088
428,1129
428,1253
428,1377
428,1462
428,1480
428,1560
428,1618
428,1620
429,63
429,182
429,205
429,645
429,685
429,696
429,898
430,1005
429,1067
429,1073
429,1111
430,1248
429,1299
430,1487
429,1494
429,1526
430,295
431,305
430,492
430,596
430,813
430,887
430,911
430,1028
430,1094
430,1159
430,1279
430,1366
431,1534
430,1544
430,1600
431,157
431,392
431,592
431,614
431,818
431,839
431,849
431,1337
431,1351
431,1403
431,1413
431,1429
431,1466
431,1502
431,1518
431,1582
432,88
432,179
432,213
432,270
432,333
432,345
432,505
432,742
432,836
432,899
432,952
432,958
432,996
432,1011
432,1071
432,1085
432,1110
432,1141
432,1212
432,1244
432,1416
432,1440
432,1444
432,1485
432,1567
432,1579
433,104
433,202
433,299
435,410
433,424
433,679
433,692
433,960
433,1363
433,1369
433,1457
434,1495
433,1538
433,1594
434,122
434,322
434,373
434,393
434,704
434,789
434,908
434,967
435,1018
434,1164
434,1201
434,1623
435,15
437,64
435,70
436,96
435,120
435,134
435,273
435,276
435,478
435,486
435,589
436,599
435,615
435,708
436,763
435,915
435,943
435,1100
435,1111
435,1273
435,1492
435,1531
436,12
437,31
436,88
436,190
436,791
436,895
436,1408
436,1435
437,1623
437,3
437,25
437,45
438,101
437,133
437,229
437,288
437,292
437,390
437,407
437,527
437,619
437,645
437,648
437,657
437,660
437,693
437,944
437,1113
437,1204
437,1208
437,1232
437,1276
438,1420
437,1541
437,1579
437,1620
439,37
438,135
438,234
438,478
438,497
439,550
438,596
438,612
438,813
438,834
438,917
438,969
438,992
438,1082
438,1117
438,1134
438,1191
438,1197
438,1266
438,1453
438,1523
438,1550
438,1554
438,1633
439,47
439,59
439,229
440,334
439,774
439,1075
439,1111
439,1161
439,1202
439,1406
439,1448
440,1461
439,1518
440,129
440,255
440,391
440,404
440,474
440,759
440,819
440,1077
440,1134
440,1145
442,1204
440,1252
440,1270
440,1310
440,1387
440,1403
440,1437
440,1455
440,1506
440,1562
441,15
441,50
441,61
441,135
441,147
441,280
441,296
441,304
441,677
441,696
441,769
441,777
441,1093
441,1109
441,1192
441,1480
441,1519
441,1582
441,1594
441,1643
442,44
442,108
442,155
442,251
442,269
442,400
442,470
443,534
442,749
442,793
442,1060
442,1099
442,1212
442,1229
442,1449
442,1558
445,33
443,61
443,63
443,147
443,175
443,372
443,375
443,472
443,523
443,597
443,643
443,938
443,1029
443,1070
443,1121
444,1165
443,1178
443,1258
443,1273
443,1300
443,1339
443,1410
443,1418
443,1424
444,7
444,251
444,307
444,387
444,404
445,508
444,662
444,800
444,811
444,920
444,1133
444,1140
444,1185
445,1210
444,1233
444,1283
444,1342
444,1447
444,1528
445,4
445,15
445,97
446,100
445,169
445,240
446,276
445,300
445,328
445,377
445,419
445,467
445,516
445,550
445,596
445,640
445,681
445,686
445,767
445,778
445,821
445,1071
445,1152
445,1176
445,1191
445,1301
445,1419
445,1468
445,1509
445,1535
445,1571
445,1591
447,227
446,475
446,484
446,543
446,556
446,585
446,807
447,1138
447,1259
446,1325
446,1347
446,1443
447,1622
447,254
447,317
447,345
447,467
447,513
447,575
447,758
447,794
447,798
448,828
447,988
447,1082
447,1306
447,1344
448,1612
448,40
448,75
448,113
448,131
449,186
448,196
448,208
448,304
448,511
448,532
448,541
448,553
448,613
448,648
448,938
448,952
448,977
448,1011
448,1147
448,1200
448,1222
448,1400
449,212
449,221
449,388
449,418
449,452
449,465
449,519
449,547
449,676
449,689
449,746
449,930
449,980
449,1032
449,1175
449,1206
449,1215
449,1277
450,1343
449,1568
450,27
450,116
450,129
450,446
450,648
450,1000
450,1079
451,1132
450,1161
450,1168
450,1395
450,1402
450,1464
450,1513
450,1526
450,1535
450,1579
450,1603
451,25
451,82
451,139
451,159
451,280
451,289
451,343
451,378
452,412
451,567
451,609
451,616
452,700
451,749
451,820
451,935
452,953
451,1023
451,1046
451,1122
451,1299
451,1307
451,1383
451,1414
451,1448
452,1583
452,124
452,207
452,240
452,253
452,443
452,492
452,542
452,574
452,594
452,784
452,790
452,992
452,1009
452,1029
452,1069
452,1144
453,1156
452,1196
452,1205
452,1395
452,1555
452,1572
453,110
453,283
453,310
453,384
453,474
454,549
453,673
454,688
453,801
453,825
453,1076
453,1151
453,1219
453,1347
453,1362
453,1489
453,1504
453,1513
453,1529
453,1565
453,1613
454,219
454,342
454,405
454,441
454,488
454,750
454,940
454,1399
454,1416
454,1473
454,1639
455,85
455,250
455,337
455,421
455,512
455,519
455,774
455,905
455,936
455,978
456,1068
455,1122
455,1174
455,1236
455,1336
455,1469
455,1497
455,1599
457,119
456,144
456,274
456,285
456,412
456,538
456,576
456,587
456,744
456,783
456,826
456,959
456,964
456,1028
456,1195
456,1206
456,1308
456,1507
456,1521
456,1540
456,1547
456,1559
457,1573
457,4
458,21
457,261
457,276
457,363
458,390
457,446
457,498
457,943
457,1037
457,1158
458,1245
457,1368
457,1509
457,1515
457,1530
457,1609
457,1641
458,14
458,208
458,305
458,415
458,470
458,515
458,1063
459,1077
458,1101
459,1208
459,1468
458,1485
458,1537
458,1568
458,1580
458,1621
458,1635
459,116
460,185
459,387
459,552
459,591
459,701
459,795
460,802
460,966
459,1030
459,1106
459,1135
459,1203
459,1232
459,1260
459,1292
459,1345
459,1368
459,1381
459,1465
459,1511
459,1603
459,1617
460,292
460,342
460,429
460,540
460,559
460,584
460,753
460,942
460,985
460,1003
460,1044
460,1266
460,1577
460,1638
461,92
461,369
461,442
461,485
461,664
461,705
461,781
461,788
461,912
461,936
461,1012
461,1142
461,1199
461,1224
461,1244
462,1269
461,1342
462,1527
462,1597
461,1641
462,26
462,253
462,258
462,307
462,498
463,689
462,792
462,969
462,1082
463,1240
463,1314
463,1587
463,1601
462,1614
462,1628
463,149
464,221
463,343
463,473
463,488
464,516
463,520
463,590
464,613
463,972
463,987
463,1251
463,1301
464,1326
463,1387
463,1473
463,1495
463,1505
463,1548
464,170
464,233
464,354
464,586
464,602
465,949
464,1004
464,1074
464,1128
464,1196
464,1403
464,1489
464,1507
464,1535
465,25
465,103
465,431
465,478
465,495
466,528
465,657
465,659
465,667
466,756
465,804
465,971
465,1193
465,1298
465,1308
465,1374
465,1575
465,1582
465,1632
466,95
466,117
466,184
466,362
466,374
466,434
466,502
466,533
467,593
466,599
466,768
466,820
466,1078
466,1122
466,1211
466,1288
468,1469
466,1545
466,1558
466,1599
466,1608
467,191
467,359
467,706
467,807
467,811
467,928
467,967
467,1158
468,1179
467,1259
467,1324
467,1464
467,1533
467,1589
468,25
468,94
468,352
468,459
468,472
468,663
468,1007
470,1046
468,1087
468,1243
468,1248
468,1500
468,1539
468,1546
468,1623
469,202
470,250
469,272
469,365
469,435
470,550
469,555
469,625
469,744
469,905
469,974
469,1146
469,1166
469,1316
469,1359
469,1526
470,166
470,175
470,219
470,240
470,245
470,262
470,318
470,526
470,601
471,1128
470,1215
470,1224
470,1530
470,1551
471,1595
470,1607
471,71
471,81
471,91
471,113
471,356
471,369
471,503
471,516
471,539
471,620
471,681
471,779
472,916
472,1051
471,1102
471,1110
471,1186
471,1248
471,1307
471,1363
471,1392
472,1456
471,1538
471,1554
471,1625
472,46
473,239
472,593
472,705
472,796
473,901
472,922
474,960
472,1003
472,1138
472,1168
472,1174
472,1201
472,1282
473,15
473,258
473,275
473,385
474,443
473,523
473,606
473,781
473,807
473,1096
473,1154
473,1213
473,1312
473,1324
473,1355
473,1407
473,1462
473,1489
473,1565
473,1578
473,1610
475,180
474,186
474,209
474,292
474,514
474,521
474,663
474,693
474,769
474,941
475,950
474,1599
474,1605
475,76
475,158
475,160
475,171
475,273
475,363
475,419
475,508
475,598
475,639
475,786
475,898
477,931
475,1028
475,1106
475,1118
475,1177
475,1242
475,1389
475,1398
475,1493
475,1508
475,1578
476,105
477,279
476,665
476,678
477,743
476,772
476,924
476,971
477,1016
476,1054
476,1236
476,1280
476,1327
476,1337
476,1352
476,1448
476,1452
476,1461
476,1469
476,1607
477,40
477,154
477,171
477,184
477,199
477,269
477,293
477,797
477,904
477,916
477,1029
477,1085
477,1128
477,1317
477,1349
477,1474
477,1487
478,1542
478,1587
478,188
478,286
478,354
479,422
478,450
478,454
478,560
478,700
478,749
478,760
478,802
478,1072
478,1106
478,1360
478,1409
478,1507
479,105
480,176
479,260
479,335
479,493
480,544
479,656
479,689
479,790
479,814
479,967
479,1060
479,1237
479,1261
479,1277
480,1391
479,1561
479,1608
479,1613
480,82
480,162
480,186
480,484
480,525
480,613
480,672
480,919
480,952
480,1006
480,1056
480,1116
480,1121
480,1188
480,1407
480,1507
480,1583
480,1590
481,73
481,118
481,145
481,197
481,217
481,222
481,234
481,288
481,315
481,361
481,506
481,599
481,607
481,622
481,625
481,757
481,802
481,812
481,912
481,1011
481,1267
481,1410
482,1485
481,1492
481,1606
481,1626
483,3
483,154
482,186
482,384
482,517
482,635
482,679
482,1109
482,1119
482,1174
482,1258
482,1273
483,1355
482,1405
483,1453
482,1596
483,203
485,233
483,264
483,280
483,397
483,429
483,437
483,503
484,551
484,640
483,660
483,739
483,798
484,823
483,1010
483,1026
483,1095
483,1168
483,1299
483,1316
483,1345
483,1368
483,1583
484,1631
484,35
484,150
484,174
484,238
484,361
486,434
484,453
484,456
484,528
484,605
484,632
484,677
484,685
485,694
484,788
484,1281
484,1304
484,1481
484,1623
485,11
485,32
485,127
485,276
485,283
485,352
485,394
485,483
485,736
485,782
485,860
485,915
485,1012
485,1021
485,1036
485,1054
485,1071
485,1122
485,1216
486,1509
486,185
486,365
486,494
486,618
486,807
486,819
486,918
486,927
486,950
486,1261
486,1367
486,1450
487,1489
486,1608
487,7
487,46
487,79
487,153
487,349
487,389
487,511
487,548
487,627
487,629
487,788
487,871
487,1067
487,1107
487,1151
487,1213
488,1392
487,1536
488,1557
487,1577
488,1619
487,1626
488,146
490,238
488,355
488,358
488,470
488,483
488,505
488,690
488,862
489,883
488,901
488,911
488,920
488,984
488,1015
488,1019
488,1036
488,1040
489,96
489,175
489,259
489,317
489,333
489,397
489,576
489,649
489,653
489,705
489,708
489,806
489,897
489,1237
489,1264
489,1345
489,1370
489,1642
491,381
490,387
490,480
490,505
490,589
490,632
490,642
490,663
490,796
490,816
490,889
490,1010
490,1033
490,1299
490,1302
490,1377
490,1410
490,1612
491,3
491,12
491,69
491,125
491,147
491,156
491,182
492,227
491,284
491,331
491,435
491,509
491,558
491,569
491,637
491,688
491,792
491,905
491,1014
491,1041
491,1206
491,1223
491,1388
491,1399
491,1479
492,75
492,213
492,314
492,320
492,600
493,647
492,655
492,676
492,870
492,933
492,955
492,980
492,1019
492,1098
492,1114
492,1244
492,1319
492,1342
493,1350
492,1493
493,1555
493,142
493,151
493,180
493,287
493,489
494,624
493,661
493,701
493,712
493,848
493,886
494,891
493,961
493,1029
493,1045
493,1056
493,1062
493,1208
493,1238
493,1254
493,1400
493,1546
493,1598
493,1605
494,4
494,44
494,72
494,135
494,185
494,206
494,219
494,247
495,289
494,387
495,593
494,790
494,810
494,858
494,919
494,1076
494,1221
494,1484
494,1501
494,1562
495,55
495,347
495,365
495,381
495,401
495,520
495,585
495,1009
495,1034
495,1249
495,1284
495,1313
495,1548
496,41
496,118
496,241
496,262
496,274
496,293
496,301
496,352
496,368
496,371
496,516
496,680
496,776
496,781
496,819
496,825
496,935
496,976
498,1039
496,1103
496,1322
496,1398
496,1412
496,1419
496,1572
496,1601
496,1612
498,180
497,230
497,243
497,345
497,452
497,494
497,555
497,564
497,581
497,692
497,901
497,922
497,988
497,1051
498,1181
497,1298
497,1303
497,1362
497,1385
497,1474
497,1507
497,1609
500,239
498,259
498,294
498,366
498,373
498,432
498,588
498,590
498,595
498,634
498,668
498,686
498,778
498,813
498,964
498,971
499,1024
498,1030
498,1073
498,1085
498,1107
498,1227
498,1235
498,1259
498,1287
498,1330
498,1346
498,1526
498,1530
499,112
499,115
499,251
499,354
499,377
499,390
499,518
499,627
499,682
500,689
499,706
499,724
499,754
499,822
499,837
499,848
499,866
499,927
500,988
499,1003
499,1290
499,1300
501,1322
499,1387
499,1483
499,1581
502,125
500,145
500,175
500,290
500,300
500,335
500,366
501,383
500,430
500,437
500,527
500,537
500,592
500,770
500,977
500,995
500,1099
500,1119
501,1371
500,1409
502,20
501,117
502,433
501,684
501,784
501,792
501,811
501,974
501,1051
501,1282
501,1299
502,1316
501,1417
501,1529
501,1616
502,167
502,179
502,187
502,350
502,395
502,406
502,453
502,541
502,581
502,607
502,851
503,955
505,964
503,1088
502,1135
502,1163
502,1189
502,1193
502,1214
502,1284
502,1376
502,1387
502,1576
503,128
503,369
504,459
503,584
503,620
503,643
503,686
503,726
503,807
503,967
503,1108
503,1327
503,1383
503,1403
504,1500
503,1598
503,1606
504,7
504,16
504,26
504,30
504,187
504,566
504,754
504,774
505,831
504,1015
504,1019
504,1029
504,1043
504,1048
504,1178
504,1257
504,1297
505,1306
504,1370
504,1389
505,1413
504,1529
505,34
506,71
505,119
505,223
505,225
505,409
505,519
506,529
505,586
505,655
505,787
505,880
506,937
505,969
505,1099
505,1215
506,1221
506,1286
505,1313
505,1375
505,1394
505,1403
505,1491
505,1524
505,1551
505,1589
505,1593
505,1642
506,13
506,78
506,125
507,428
506,603
506,850
506,875
506,924
506,949
506,993
506,1142
506,1318
506,1382
506,1476
506,1578
506,1603
507,16
507,28
507,36
507,262
507,370
508,442
507,498
507,562
507,573
507,637
507,651
507,895
507,926
507,1031
508,1036
507,1054
507,1077
507,1084
508,1172
507,1273
507,1363
507,1401
507,1611
508,20
508,136
508,190
509,270
508,276
509,451
508,523
508,814
508,958
509,963
508,1102
508,1126
508,1138
508,1397
508,1405
508,1490
508,1498
508,1533
509,2
509,120
509,259
509,504
509,614
509,783
509,1025
510,1079
509,1144
509,1180
509,1237
509,1285
509,1314
510,1387
509,1479
509,1515
510,85
510,231
510,387
510,456
510,542
510,692
510,759
510,835
510,885
510,888
510,1004
510,1010
511,1084
510,1109
510,1157
510,1192
510,1359
510,1401
510,1473
511,1534
511,391
511,496
511,529
511,572
511,706
511,772
512,854
511,1148
511,1190
512,1216
511,1327
511,1614
512,24
512,58
512,82
512,200
512,243
512,290
512,293
512,302
512,428
512,609
512,818
512,898
513,956
513,1174
512,1240
512,1259
512,1399
512,1630
513,133
513,155
513,364
513,377
513,459
513,514
514,526
513,548
513,564
513,587
513,709
513,714
513,804
514,874
513,963
513,1007
514,1168
513,1182
513,1316
514,5
514,151
514,217
514,295
515,499
514,532
515,571
514,575
514,632
514,696
514,777
514,799
514,1000
514,1102
514,1120
514,1127
514,1149
514,1187
514,1200
514,1248
514,1471
514,1517
514,1536
515,3
515,123
515,177
515,257
515,301
515,380
515,403
515,445
516,505
515,702
515,751
515,766
515,893
515,988
515,1114
515,1185
515,1211
515,1218
515,1322
515,1398
516,1485
515,1491
515,1531
516,25
516,74
516,136
518,187
516,371
516,548
516,595
516,684
516,802
516,868
516,907
516,1122
516,1220
516,1320
516,1400
516,1473
516,1518
517,81
517,116
517,311
517,327
517,394
517,490
517,532
517,574
517,651
517,727
518,783
517,788
517,830
517,1000
517,1093
517,1147
518,1178
518,1235
518,1351
517,1358
517,1416
517,1560
518,23
519,78
518,139
518,192
518,204
518,239
518,522
518,551
518,705
518,748
518,883
518,902
518,1025
518,1033
518,1098
518,1187
518,1333
518,1461
518,1496
519,1553
518,1600
519,315
519,423
519,530
519,631
519,717
520,765
519,822
519,1107
519,1135
519,1641
520,20
520,67
520,113
520,119
520,304
520,445
520,620
520,649
520,732
520,824
521,840
520,866
520,925
520,983
520,992
520,1029
520,1056
520,1088
520,1212
520,1221
520,1241
520,1246
520,1326
520,1422
521,1432
520,1522
520,1574
521,0
522,42
521,133
521,142
521,177
521,191
521,268
521,325
521,346
521,422
521,546
522,563
521,614
521,691
521,873
522,894
521,899
521,957
521,969
521,1005
521,1270
521,1286
521,1372
521,1635
522,38
522,103
522,119
522,383
522,438
522,447
522,527
523,582
522,597
522,627
522,639
522,660
522,663
522,886
522,1069
522,1186
522,1209
522,1223
522,1415
522,1508
522,1510
523,1512
522,1522
522,1610
522,1639
523,14
523,108
523,191
524,292
523,485
523,541
523,588
524,860
523,928
523,1025
523,1031
523,1046
523,1057
523,1115
523,1168
523,1218
523,1249
523,1423
523,1607
524,36
524,84
524,117
524,264
524,307
524,401
524,476
524,621
524,721
524,768
525,919
524,932
524,985
524,1273
525,1281
525,1289
525,1315
524,1500
524,1547
525,16
525,327
525,416
525,505
525,554
525,710
525,763
525,776
525,788
525,876
525,883
525,913
525,1022
525,1255
525,1261
525,1421
525,1473
525,1642
527,183
526,331
526,337
526,398
526,582
526,697
526,704
526,847
526,924
526,960
526,1028
526,1054
526,1089
526,1100
526,1109
526,1117
526,1120
526,1134
526,1216
526,1320
526,1433
526,1471
526,1515
526,1518
526,1533
528,80
527,123
527,201
527,384
527,530
527,616
528,718
527,760
527,829
527,832
527,931
527,952
527,970
527,1010
527,1062
527,1068
527,1154
527,1335
527,1423
527,1443
527,1500
527,1567
527,1586
527,1626
528,140
528,207
528,279
528,307
528,405
528,707
528,819
528,859
528,963
529,1044
528,1097
528,1115
528,1122
528,1222
528,1235
528,1354
528,1527
528,1578
528,1612
528,1619
529,91
529,199
529,298
529,337
529,478
529,518
529,560
529,662
529,896
529,921
529,967
529,1040
529,1051
529,1066
529,1086
529,1126
529,1137
529,1147
529,1159
529,1201
529,1285
529,1331
529,1372
529,1502
529,1516
529,1542
530,19
530,45
531,115
530,350
532,482
530,487
530,575
530,580
530,674
530,760
530,789
530,977
530,1027
530,1314
530,1338
530,1530
530,1556
531,49
531,175
531,370
531,454
531,490
531,530
531,557
531,722
531,1025
531,1059
531,1106
532,1293
531,1341
531,1411
531,1427
531,1505
531,1587
532,36
532,103
532,270
532,286
532,300
532,582
532,634
532,871
532,965
532,1018
532,1135
532,1230
532,1405
532,1543
532,1572
532,1575
533,18
534,63
533,89
533,134
533,412
533,423
533,469
533,638
533,793
533,854
534,938
533,1023
533,1058
533,1494
533,1515
533,1526
534,1534
534,37
534,86
534,91
534,143
534,178
534,450
534,452
534,471
534,529
534,706
535,843
534,887
534,1091
534,1125
534,1334
534,1354
534,1370
534,1507
534,1585
535,132
535,183
535,211
535,248
536,300
536,333
535,341
535,519
536,673
535,818
535,838
535,848
535,1131
535,1205
535,1510
536,4
536,39
536,109
536,128
536,278
536,328
536,360
536,375
536,576
536,648
536,759
537,869
536,1014
536,1038
536,1101
536,1145
536,1155
536,1231
536,1419
536,1548
536,1574
536,1595
537,29
537,58
537,177
537,403
537,410
537,499
537,980
537,1034
537,1530
539,35
538,56
538,65
539,274
539,298
538,339
538,348
538,380
538,417
538,515
539,523
538,625
538,642
538,851
538,1123
538,1137
538,1210
538,1281
538,1291
538,1300
538,1335
538,1362
538,1490
538,1538
538,1552
538,1600
539,95
539,111
539,116
539,201
539,220
539,426
539,446
539,533
539,662
540,846
539,917
539,936
539,1113
539,1142
539,1151
539,1235
540,4
540,490
540,669
540,782
540,881
540,902
540,981
540,1140
540,1174
540,1353
540,1530
541,197
541,280
541,302
541,347
542,579
542,631
541,776
541,790
541,808
541,946
541,1025
541,1062
541,1182
541,1186
541,1207
541,1295
541,1422
541,1487
541,1491
542,69
542,86
542,166
542,190
543,219
542,294
542,373
542,382
542,465
542,548
542,621
542,754
542,908
542,924
542,932
543,977
542,1215
542,1286
542,1341
542,1431
542,1434
542,1472
543,1545
543,1565
542,1640
543,3
544,8
543,22
543,72
543,273
543,284
543,299
543,302
544,400
544,413
543,417
543,442
543,444
543,489
543,527
543,550
543,640
543,842
543,862
543,893
543,936
543,950
543,1218
543,1350
543,1357
544,1486
543,1538
544,41
544,50
544,151
544,188
544,390
544,618
544,767
545,781
544,824
544,902
544,973
544,1021
545,1140
544,1188
544,1202
545,1318
544,1482
544,1500
544,1561
545,84
546,88
546,201
545,207
545,249
546,296
545,430
545,456
545,541
545,635
545,653
545,659
545,736
545,745
545,750
545,847
545,1058
545,1098
545,1211
546,1301
545,1405
545,1513
545,1600
547,35
546,139
546,797
546,828
546,864
546,891
546,906
547,927
546,939
546,953
546,955
546,994
546,1193
546,1232
546,1296
546,1326
546,1357
546,1373
546,1426
547,38
547,132
547,161
547,196
547,211
547,406
547,434
547,502
547,628
548,668
547,724
547,758
548,1002
548,1416
547,1566
548,11
548,27
548,141
548,158
548,272
548,286
548,454
548,477
548,576
548,735
548,851
548,994
548,1081
548,1180
548,1273
548,1289
548,1294
548,1353
548,1552
549,37
550,51
549,199
549,260
549,306
549,339
549,384
549,634
549,810
549,1089
549,1104
549,1124
549,1136
549,1227
549,1311
549,1341
549,1408
549,1412
549,1425
549,1478
549,1499
549,1519
550,29
550,101
550,226
550,245
551,417
550,742
550,879
550,925
551,973
550,1094
550,1186
550,1421
550,1467
550,1476
550,1533
550,1545
550,1592
551,58
551,267
551,296
551,344
551,423
551,455
551,547
551,589
551,819
551,1020
551,1138
551,1322
551,1334
551,1353
552,1378
551,1414
551,1423
551,1432
551,1513
552,10
552,93
552,165
552,169
552,524
552,672
552,804
552,814
552,881
552,892
552,901
552,1105
552,1227
552,1340
553,1417
552,1522
552,1617
552,1622
553,55
553,112
553,142
553,365
553,423
553,435
553,596
554,646
553,731
553,844
553,919
553,934
554,996
553,1003
553,1087
553,1207
553,1248
553,1288
553,1383
554,1388
553,1472
553,1549
553,1630
554,24
554,91
554,125
554,131
554,494
555,598
554,639
555,754
554,863
554,872
554,890
554,1079
555,1292
554,1340
554,1464
554,1493
554,1511
555,102
555,152
555,170
556,196
555,206
555,248
555,370
555,589
555,743
555,780
555,797
555,935
555,999
555,1111
555,1195
556,1279
555,1314
555,1541
555,1587
556,5
556,8
556,57
556,255
556,277
556,383
556,471
556,570
556,593
556,777
556,867
556,880
556,967
556,1021
556,1092
556,1181
556,1211
556,1297
556,1466
557,117
557,126
557,168
557,177
557,298
557,401
557,488
557,637
557,834
557,977
557,1083
557,1186
557,1357
557,1372
558,1405
557,1470
557,1500
557,1531
557,1546
557,1576
558,129
558,164
558,284
558,370
558,820
558,839
558,860
558,881
558,922
558,925
558,1370
559,1452
559,274
559,290
559,499
559,507
559,565
559,740
559,789
559,813
559,847
559,906
559,1143
559,1219
559,1361
559,1378
559,1385
559,1394
560,1399
559,1461
560,1476
559,1490
559,1525
560,1599
559,1623
560,178
560,240
560,244
560,361
560,430
560,462
560,621
560,856
560,886
560,1147
560,1314
560,1504
560,1589
561,1612
560,1637
561,40
561,191
561,370
561,386
562,441
561,493
561,556
561,594
561,601
561,785
561,793
561,816
561,931
561,1178
561,1202
562,1374
561,1433
561,1631
562,11
562,45
562,114
562,226
562,264
562,460
562,577
562,832
562,841
562,945
562,1369
562,1381
562,1412
563,1415
562,1463
562,1498
562,1602
563,24
563,53
563,148
563,182
563,307
563,390
563,495
563,588
563,595
563,824
563,873
563,932
563,1098
563,1129
563,1183
563,1195
563,1227
563,1354
564,1430
563,1438
564,1445
563,1524
563,1594
565,47
565,61
564,194
564,267
564,286
564,407
564,452
564,484
564,493
564,581
564,616
564,625
564,632
565,639
564,645
564,785
564,828
564,852
565,865
564,1176
564,1284
565,1390
565,1404
564,1543
565,11
565,134
565,140
565,455
565,507
565,565
565,762
565,794
565,839
565,1090
565,1109
565,1138
565,1149
565,1195
565,1309
565,1380
566,1399
566,1419
565,1486
565,1502
565,1526
565,1600
565,1605
565,1643
566,3
566,152
566,303
566,624
566,636
566,758
566,821
566,901
566,929
566,1129
566,1156
568,1158
566,1173
566,1201
566,1318
566,1323
567,1447
566,1584
567,136
567,146
567,569
568,599
567,608
567,796
568,873
567,914
567,1093
567,1120
567,1153
567,1282
567,1360
567,1382
568,1435
567,1469
567,1594
567,1599
567,1604
568,8
568,115
568,264
569,282
568,372
568,428
568,447
568,536
568,751
568,791
568,841
568,892
568,1302
568,1456
568,1482
568,1492
569,25
569,46
569,74
569,77
569,148
571,182
569,368
569,385
569,470
569,558
569,582
569,611
569,734
569,740
569,755
569,800
569,940
569,1087
569,1102
569,1119
569,1171
569,1192
569,1203
569,1366
569,1384
570,1392
569,1495
569,1522
570,16
570,61
570,240
570,252
570,390
571,463
570,793
570,844
570,847
570,880
570,913
570,1184
570,1227
570,1278
570,1327
571,1397
570,1446
570,1530
571,7
571,23
571,30
571,40
571,203
571,223
571,266
572,290
571,459
571,603
571,906
571,1121
571,1132
573,1163
571,1182
571,1255
571,1339
572,1381
571,1407
571,1480
571,1520
571,1591
572,3
572,13
573,126
572,260
572,304
572,586
572,770
572,1111
573,1291
572,1299
573,1335
572,1352
572,1384
572,1634
573,53
573,61
573,76
573,137
573,205
574,236
573,244
573,285
573,413
573,509
573,539
574,736
573,818
573,835
573,871
573,930
573,1202
573,1328
573,1475
573,1587
573,1609
574,10
574,48
574,119
574,192
574,399
574,484
574,530
574,788
574,883
574,932
574,1113
574,1123
574,1158
574,1491
575,4
575,13
576,196
575,380
575,456
575,490
575,603
575,645
575,687
577,779
575,914
575,1390
575,1473
576,51
576,228
576,395
576,400
577,504
576,550
576,577
576,673
576,786
576,1126
576,1176
576,1318
576,1324
576,1336
576,1377
576,1437
576,1440
577,1484
577,1493
576,1537
577,39
578,129
577,202
577,206
577,308
577,408
577,411
577,755
577,844
577,1108
577,1178
577,1194
578,1270
577,1289
577,1524
577,1569
577,1586
578,45
578,117
578,175
578,365
579,395
578,467
578,512
579,535
580,603
578,734
578,848
578,866
578,1110
578,1170
578,1232
579,1250
579,1283
578,1323
579,1374
578,1395
578,1423
579,1478
578,1638
579,22
579,36
579,167
579,183
579,388
579,483
579,664
579,685
579,764
579,1172
580,1243
579,1280
579,1426
579,1567
579,1613
581,1629
581,227
580,320
581,330
580,337
580,340
580,442
580,452
580,507
580,587
580,670
580,863
580,871
580,917
580,1110
580,1159
580,1319
580,1331
580,1421
582,25
581,72
581,77
581,178
581,297
582,311
581,497
581,538
581,551
582,581
581,679
581,788
581,1156
581,1167
581,1181
581,1290
581,1321
581,1349
581,1444
582,10
582,32
582,50
582,185
582,436
582,477
582,560
582,589
582,682
582,839
582,1117
583,1279
583,2
583,403
583,507
584,516
583,540
583,668
584,862
583,878
583,910
583,933
583,983
583,1113
583,1287
584,1350
583,1513
583,1530
584,50
584,169
585,347
584,400
584,446
585,466
584,521
584,557
584,566
584,676
584,791
584,796
584,912
585,917
584,1128
584,1240
584,1254
585,1295
584,1341
584,1433
584,1500
584,1548
585,122
586,176
585,221
585,384
585,496
585,542
585,577
585,768
585,927
585,1153
585,1194
585,1237
585,1374
585,1383
586,1442
586,1518
585,1569
585,1574
586,6
588,16
586,34
586,361
586,371
586,406
586,648
586,697
587,978
586,1121
586,1164
586,1181
586,1395
586,1483
586,1593
586,1612
587,47
588,189
587,336
587,472
587,532
587,717
587,1124
587,1131
587,1250
588,1268
587,1343
587,1419
587,1486
588,81
589,90
588,125
588,159
589,283
588,541
588,677
588,706
588,867
588,924
588,939
588,1088
588,1146
589,1165
588,1243
588,1321
588,1376
588,1405
588,1555
588,1576
589,28
589,68
589,163
589,288
589,403
589,472
589,562
589,824
589,832
589,967
590,1080
590,1156
589,1319
590,1343
589,1511
589,1634
590,6
590,131
591,229
590,265
590,447
590,618
590,638
590,764
590,923
590,1247
590,1380
590,1421
590,1583
590,1608
590,1638
591,43
591,66
591,87
591,200
591,388
592,443
591,536
593,546
591,623
591,631
591,761
591,784
591,1060
591,1144
591,1150
591,1186
591,1239
591,1269
591,1300
592,1331
591,1355
591,1399
591,1513
591,1522
591,1546
591,1561
592,2
592,13
592,83
592,138
592,172
592,192
592,224
593,267
593,313
593,477
592,562
592,866
592,956
592,960
592,971
592,1091
592,1230
592,1373
592,1416
592,1477
593,1490
592,1527
592,1566
593,9
593,43
593,72
593,133
593,154
593,159
593,167
593,188
593,234
593,276
593,306
593,369
593,946
593,1152
594,1278
593,1286
593,1296
593,1382
593,1404
595,1471
593,1475
593,1551
593,1562
594,222
594,385
594,528
594,667
594,762
594,774
594,830
594,867
594,873
594,942
594,1033
594,1221
595,1262
594,1316
595,1391
594,1418
594,1428
594,1529
594,1632
595,42
596,67
595,146
595,174
595,210
595,218
595,357
595,487
595,565
595,573
595,623
595,632
596,642
595,671
597,763
595,961
596,1070
595,1132
595,1189
597,53
596,149
596,312
597,470
596,482
596,484
596,591
596,701
596,770
596,812
596,940
596,1003
596,1008
596,1042
596,1245
596,1285
596,1403
596,1408
596,1480
596,1501
596,1519
596,1643
597,6
597,46
597,62
597,127
597,160
597,166
597,172
597,290
597,634
597,776
597,831
597,951
598,1060
597,1144
597,1152
598,1158
597,1182
597,1250
597,1303
597,1338
598,1476
597,1513
597,1574
597,1634
598,14
598,41
598,151
598,177
598,287
598,365
598,637
598,701
598,903
598,970
598,1031
598,1319
598,1496
598,1542
600,1628
599,196
599,203
599,209
601,318
599,380
599,522
599,584
599,589
599,618
599,782
599,824
599,1010
599,1064
599,1085
599,1188
599,1234
599,1295
599,1375
599,1403
599,1424
599,1535
599,1566
599,1581
599,1632
600,43
600,87
600,93
600,175
600,242
600,245
600,356
600,471
600,473
600,566
600,843
600,904
600,967
600,1148
600,1260
600,1300
601,1328
600,1339
600,1357
601,1393
600,1473
600,1487
601,1527
602,1537
600,1558
600,1622
601,69
602,82
601,201
601,278
601,568
602,635
601,865
601,973
601,978
601,1055
601,1283
601,1288
601,1407
601,1425
601,1447
601,1491
603,1555
602,45
602,74
602,385
602,525
602,620
602,758
602,1035
602,1047
602,1185
602,1223
602,1398
602,1562
602,1583
603,53
603,66
603,175
603,241
603,246
603,253
603,557
603,616
603,640
603,647
603,708
603,717
603,831
603,879
603,900
603,1063
604,1141
603,1290
603,1387
603,1547
604,95
604,274
604,329
604,340
604,576
604,593
606,674
604,765
604,971
604,1014
604,1047
604,1055
604,1231
604,1281
604,1323
604,1334
604,1500
605,72
605,92
605,98
605,152
605,250
605,348
605,365
606,405
605,457
605,561
605,712
605,759
605,906
606,951
605,1086
605,1098
605,1147
605,1360
605,1383
605,1397
605,1562
605,1592
605,1597
606,131
606,155
606,211
606,234
606,275
607,321
606,360
606,368
606,583
606,619
606,632
606,910
606,943
606,1144
606,1327
606,1494
606,1504
606,1512
607,1604
607,34
607,61
607,237
607,327
607,388
607,467
607,482
607,581
607,592
607,615
607,668
607,700
607,947
607,969
607,1033
607,1280
607,1336
607,1367
608,1420
607,1497
607,1526
608,177
608,316
608,445
608,448
608,626
608,639
608,705
608,779
608,896
608,967
608,990
608,1167
608,1493
608,1559
608,1590
608,1600
609,55
609,275
609,414
610,427
609,613
609,657
609,714
609,810
610,833
609,847
609,954
610,1026
609,1102
609,1147
609,1314
609,1338
609,1424
609,1486
611,59
611,83
610,114
610,183
610,338
610,453
610,478
610,480
610,628
611,668
610,707
610,782
610,836
610,941
610,962
610,1037
610,1215
610,1331
610,1514
610,1542
611,1546
611,1551
610,1579
610,1608
611,348
611,354
611,405
611,419
611,499
611,553
611,677
611,712
611,754
611,1304
611,1316
611,1364
611,1387
611,1398
611,1481
611,1533
612,76
613,126
612,201
612,309
612,473
612,534
612,564
612,580
612,690
612,783
612,788
612,947
612,955
612,959
612,993
612,1000
612,1109
612,1161
612,1610
612,1614
612,1620
613,67
613,119
613,170
613,410
613,454
613,541
613,551
613,595
613,640
613,773
613,1089
613,1147
613,1213
613,1558
615,24
614,54
614,328
614,342
614,427
615,492
614,568
614,702
614,768
614,840
614,903
615,964
614,985
614,1275
614,1338
614,1387
615,1407
614,1505
614,1536
614,1540
614,1551
614,1585
614,1643
615,34
615,69
615,117
616,154
615,336
615,436
616,657
615,704
615,950
615,953
615,999
615,1036
615,1078
615,1158
616,1182
616,125
616,133
616,172
616,185
616,276
616,510
617,560
616,643
616,664
616,781
616,936
616,970
616,1018
616,1149
616,1333
616,1340
616,1343
616,1391
616,1545
617,1611
618,28
617,156
617,187
617,281
617,411
617,432
617,460
617,907
617,981
617,1101
617,1381
618,1540
617,1607
618,112
618,324
618,326
618,334
618,408
619,421
618,550
618,564
618,577
618,584
618,634
618,680
618,684
618,783
618,786
618,816
618,838
618,850
619,925
618,937
618,996
618,1013
618,1080
618,1086
618,1352
619,338
619,392
619,440
619,547
620,602
619,629
619,707
619,891
619,899
619,978
619,1007
619,1024
619,1110
619,1163
619,1219
619,1243
619,1319
619,1365
619,1537
619,1563
619,1588
619,1641
620,90
620,104
621,118
620,133
620,152
620,177
620,280
620,369
620,462
620,917
620,964
620,1369
620,1591
621,20
621,467
622,580
621,610
621,665
621,815
621,847
621,888
621,948
621,954
622,970
621,1190
621,1201
621,1255
621,1267
621,1412
621,1607
622,32
623,157
622,558
622,624
622,639
622,660
623,944
622,1002
622,1004
622,1104
622,1212
622,1225
622,1383
622,1547
623,109
623,124
624,169
623,300
623,340
623,365
623,426
623,441
623,443
623,589
623,613
623,667
624,752
623,811
623,917
623,923
623,1076
623,1173
623,1175
624,1264
623,1561
623,1640
624,23
624,149
624,166
625,388
624,469
624,497
624,576
624,805
624,853
624,901
624,974
624,1223
624,1237
624,1253
624,1358
624,1386
624,1569
624,1633
625,277
625,414
625,595
625,604
625,614
625,676
625,867
625,891
625,934
625,999
625,1043
625,1103
625,1302
626,1544
625,1573
625,1582
625,1624
626,127
626,140
626,346
626,426
626,440
626,459
626,706
626,761
626,822
626,844
627,1018
626,1067
626,1072
626,1188
626,1326
627,1428
626,1431
626,1561
627,1604
626,1636
629,20
627,35
627,115
628,193
627,324
627,414
627,455
627,468
627,474
627,584
627,618
627,892
627,1010
627,1157
627,1160
627,1169
627,1207
627,1233
627,1311
627,1355
627,1377
627,1501
628,15
628,50
628,198
628,266
628,274
629,306
628,339
629,367
628,380
628,562
628,704
629,806
629,888
628,933
628,945
628,953
628,1045
628,1111
628,1362
628,1368
628,1534
628,1562
628,1582
628,1593
628,1627
630,40
629,130
629,391
629,404
629,604
629,626
629,666
629,801
629,930
629,975
629,1218
629,1252
630,1329
630,105
630,177
630,327
630,345
630,351
630,452
631,552
630,644
630,973
630,1009
631,1181
630,1190
630,1342
630,1355
630,1541
630,1547
631,1618
630,1637
631,46
631,222
631,260
631,407
631,473
631,1172
632,1195
631,1204
631,1229
631,1362
631,1439
631,1578
631,1589
632,110
632,271
632,304
633,314
632,443
632,461
632,567
632,611
632,693
632,763
632,789
632,882
632,924
632,941
632,959
632,1046
632,1168
632,1271
632,1325
633,1366
632,1529
632,1634
633,62
633,182
633,224
633,334
633,419
633,479
633,559
633,569
633,602
633,669
633,682
633,751
634,863
633,920
633,948
633,1105
633,1257
633,1322
633,1420
633,1447
633,1449
633,1461
633,1593
634,1629
634,8
634,10
634,60
634,147
634,157
634,231
634,372
635,483
634,545
634,781
634,1016
634,1043
634,1075
634,1080
634,1100
634,1161
634,1228
634,1243
634,1331
635,1358
634,1375
634,1468
634,1568
635,101
635,354
635,358
635,410
635,628
635,745
635,811
635,837
635,891
635,908
635,945
635,980
635,1037
635,1102
635,1384
635,1422
635,1464
635,1574
635,1586
635,1596
636,15
636,33
636,109
636,161
636,174
636,324
636,414
636,417
636,479
637,561
636,653
637,965
637,985
636,1041
637,1082
636,1096
636,1240
636,1263
636,1329
637,1336
636,1408
636,1414
637,13
637,36
637,171
637,192
637,272
637,399
637,461
637,471
637,510
637,514
637,623
638,628
637,641
637,682
637,692
637,753
637,761
637,877
637,887
637,1061
637,1226
637,1275
637,1454
637,1594
637,1602
637,1625
638,55
638,151
638,381
638,486
638,607
638,825
638,1047
638,1057
638,1072
638,1234
638,1279
638,1387
638,1528
638,1562
639,1631
638,1640
639,5
639,15
639,58
639,101
639,256
639,557
639,589
639,746
639,855
639,910
639,913
639,934
639,937
639,977
639,1106
639,1285
639,1520
640,68
640,204
640,225
640,311
640,331
640,474
640,511
640,619
640,725
640,752
641,756
640,886
640,945
640,1042
640,1092
640,1196
640,1234
640,1272
640,1340
640,1571
641,27
641,149
641,192
641,483
642,569
641,573
642,631
641,646
641,666
641,679
642,780
641,879
641,902
641,958
641,1048
641,1064
642,1317
641,1329
641,1389
641,1401
641,1432
641,1443
641,1491
641,1541
641,1587
641,1607
641,1636
643,30
642,102
642,214
642,250
642,296
642,312
642,357
642,399
642,636
642,714
642,750
642,859
642,882
642,939
642,1029
642,1428
642,1558
643,56
643,178
643,190
643,257
643,274
643,293
643,317
643,339
643,371
643,418
643,524
643,581
643,598
643,603
643,879
643,905
643,971
643,975
643,1072
643,1102
643,1228
644,1241
643,1251
643,1279
643,1285
643,1332
643,1384
643,1464
643,1554
643,1568
644,36
644,46
644,66
644,192
644,215
644,325
644,377
644,503
644,513
644,614
644,668
644,673
644,727
644,766
644,774
644,792
645,836
644,1092
644,1437
644,1543
645,1582
644,1598
645,4
645,75
646,166
645,253
645,427
645,480
645,524
645,657
645,742
645,748
645,806
645,831
645,898
645,940
646,948
645,995
645,1000
645,1217
645,1259
645,1277
645,1344
645,1426
646,1458
645,1537
645,1547
645,1565
645,1605
645,1636
646,17
646,58
646,156
646,188
646,221
646,261
646,285
646,301
646,437
646,465
646,487
646,547
646,571
646,652
646,760
646,803
646,850
646,904
646,932
646,1053
646,1056
646,1116
646,1161
646,1268
646,1288
646,1348
646,1392
647,1417
646,1570
647,62
647,86
647,100
647,178
647,359
647,655
647,679
648,752
647,771
647,780
647,843
647,877
647,920
647,973
647,984
647,1002
647,1045
647,1086
647,1095
648,1407
647,1470
647,1575
647,1620
647,1633
648,15
648,25
648,30
648,39
650,50
648,56
648,115
649,158
648,171
649,192
648,268
648,598
648,606
648,745
648,852
648,913
648,1009
648,1220
648,1224
648,1262
648,1270
648,1539
648,1640
649,7
649,42
649,82
650,88
649,143
649,200
649,206
649,307
649,338
650,392
649,408
649,498
649,576
649,656
649,700
649,735
649,802
649,829
649,835
649,889
649,938
649,979
649,1194
649,1239
649,1305
649,1556
649,1631
650,71
650,197
651,251
650,444
650,489
650,532
650,609
650,616
650,664
650,676
650,691
650,712
650,783
650,916
650,1012
650,1048
650,1209
650,1312
650,1402
650,1413
650,1577
651,1580
651,169
651,181
651,187
651,222
651,230
651,439
652,537
651,601
651,649
651,774
652,805
651,824
651,857
651,938
651,996
651,1017
651,1254
651,1305
651,1388
651,1431
651,1554
651,1588
651,1602
652,34
653,82
653,110
652,145
652,267
652,346
652,448
652,625
652,693
652,708
652,723
652,920
652,1062
652,1247
652,1339
652,1607
653,5
653,60
653,99
653,148
653,170
653,488
653,642
653,665
653,683
653,793
653,862
653,950
653,958
653,991
653,1072
653,1258
653,1291
653,1368
653,1411
654,1538
653,1576
653,1592
654,21
654,161
654,194
654,227
654,249
655,299
654,331
654,436
654,569
654,576
654,590
654,601
654,705
655,932
654,1046
654,1097
654,1117
654,1283
654,1615
654,1618
654,1636
655,29
655,50
655,295
655,326
655,344
655,379
656,388
655,394
655,456
655,716
655,736
655,761
655,791
655,923
655,1137
655,1584
655,1612
656,85
656,114
656,172
656,219
656,476
656,533
656,566
656,572
656,727
656,730
657,744
656,891
657,1001
657,1063
656,1076
656,1212
656,1215
656,1230
656,1273
656,1298
656,1454
657,19
657,62
657,66
657,97
657,104
657,107
657,197
657,383
657,454
657,558
657,665
657,895
657,1046
657,1068
657,1081
657,1242
657,1253
657,1279
657,1286
657,1462
658,52
659,152
658,155
658,229
658,375
658,594
658,675
658,714
658,727
658,780
658,1132
658,1191
658,1315
658,1374
658,1431
658,1532
658,1576
658,1592
659,26
659,86
659,142
659,165
659,197
659,463
659,479
659,775
659,843
659,1046
659,1233
659,1270
659,1385
659,1555
660,91
660,100
660,113
660,168
660,300
660,329
660,539
660,622
660,668
660,690
660,872
660,940
660,991
660,1069
660,1096
660,1193
660,1224
660,1249
660,1265
660,1312
660,1338
660,1449
660,1459
660,1467
661,1625
661,69
661,76
661,156
661,376
661,535
662,655
661,736
661,798
661,884
661,1037
661,1125
661,1366
662,1392
661,1470
661,1536
661,1629
662,24
662,30
662,49
662,52
662,235
662,348
663,478
663,565
662,573
662,578
662,646
662,758
662,826
662,924
662,937
662,943
662,1041
662,1053
662,1072
662,1217
662,1372
662,1406
662,1416
662,1551
662,1573
664,19
664,154
664,274
663,378
664,397
663,590
664,660
663,690
663,1064
663,1084
663,1191
663,1213
663,1219
663,1260
663,1282
663,1320
663,1429
664,1564
663,1614
663,1617
665,36
664,237
664,453
664,701
664,822
664,867
664,875
664,893
664,902
664,915
664,1014
664,1329
664,1363
664,1388
664,1557
665,6
665,100
665,199
665,403
666,539
665,654
665,729
665,732
665,747
665,752
665,760
665,800
666,859
665,886
665,929
665,935
665,1073
665,1089
665,1230
665,1310
665,1360
665,1412
665,1422
665,1454
665,1527
665,1573
665,1594
666,2
666,47
666,470
667,483
666,544
666,585
666,644
666,684
666,693
666,712
666,840
666,941
666,1064
666,1352
666,1401
667,1436
666,1597
667,96
667,98
667,102
667,119
667,134
667,152
667,158
667,197
667,243
667,248
667,324
668,344
667,353
667,384
667,394
667,750
667,758
668,869
667,1000
667,1082
667,1135
667,1225
667,1308
667,1404
667,1461
667,1559
667,1622
667,1633
668,13
668,42
668,71
668,682
668,705
668,727
668,879
668,919
668,1279
668,1323
668,1349
668,1364
668,1376
668,1387
668,1442
668,1566
668,1612
669,50
669,84
669,105
669,376
669,383
669,448
669,565
669,585
669,658
669,669
669,771
669,795
669,1274
669,1558
669,1582
669,1609
670,15
670,122
670,160
670,195
670,198
670,250
670,263
670,350
670,355
670,470
671,478
670,538
670,555
670,581
670,649
670,802
670,844
670,855
670,1278
670,1362
670,1474
671,24
671,77
671,86
671,89
671,102
671,141
671,188
671,212
671,378
671,410
671,562
671,683
671,768
671,863
671,1052
671,1100
671,1250
671,1315
671,1353
671,1457
671,1479
671,1628
672,39
673,46
672,112
673,137
672,153
672,240
672,252
672,277
672,281
672,337
672,368
672,420
672,488
672,583
672,746
672,776
672,787
672,798
672,939
673,1014
672,1049
672,1221
672,1229
672,1545
672,1586
672,1605
672,1612
673,353
674,458
674,680
673,690
673,872
673,1021
673,1232
673,1306
673,1370
673,1446
674,1562
674,71
674,189
674,248
675,391
674,686
674,731
674,735
674,737
674,784
675,810
674,836
674,1121
674,1222
674,1283
674,1426
674,1432
674,1449
674,1548
674,1558
674,1611
675,150
675,264
675,285
675,416
675,452
675,655
675,720
675,915
675,1058
675,1196
675,1257
675,1287
675,1444
675,1452
676,124
676,129
677,207
676,244
676,305
676,344
676,561
676,630
676,643
676,675
676,793
676,841
677,1021
676,1183
676,1244
676,1466
676,1565
676,1633
677,144
677,147
677,322
677,331
677,351
677,496
677,591
677,658
677,682
677,701
677,716
677,759
677,768
677,854
677,885
677,1446
678,1609
678,68
678,132
678,256
678,268
678,310
678,367
678,573
678,774
678,801
678,832
678,1123
678,1126
678,1186
678,1259
678,1319
678,1365
678,1376
678,1415
678,1439
679,9
679,25
679,142
679,181
679,216
679,349
679,557
680,576
679,718
679,745
679,798
679,913
679,1029
679,1036
679,1045
679,1112
679,1238
679,1285
679,1333
679,1379
679,1421
679,1568
679,1613
679,1631
680,184
680,324
680,404
680,565
680,653
680,676
680,712
680,766
680,824
680,828
680,834
680,1086
680,1304
680,1418
681,1447
680,1467
680,1591
682,3
681,28
681,116
681,200
681,329
681,372
682,388
681,413
681,442
681,447
681,533
681,747
681,844
681,1471
681,1553
683,23
682,193
682,584
682,650
682,678
682,715
682,765
682,781
682,814
682,917
682,1098
682,1194
682,1306
682,1443
682,1460
682,1570
682,1574
682,1630
683,16
683,103
684,202
683,314
683,349
684,522
683,529
684,545
683,557
683,707
683,831
683,881
683,1035
683,1073
683,1362
684,1407
683,1587
685,195
684,273
684,283
685,425
684,537
684,728
685,799
684,1030
684,1063
684,1071
685,1086
684,1191
684,1246
684,1296
684,1307
684,1343
685,1353
684,1368
685,1440
685,1562
684,1638
686,13
685,64
685,110
685,321
685,352
685,379
685,500
686,790
685,842
685,906
685,920
685,1023
685,1116
685,1178
685,1259
686,1464
685,1586
685,1626
685,1633
686,7
686,114
686,135
686,185
686,277
686,331
686,489
687,506
686,680
686,1028
686,1082
686,1213
686,1285
686,1358
686,1433
686,1607
687,1636
687,122
687,627
687,759
687,811
687,1064
688,1071
687,1230
687,1395
687,1413
687,1476
687,1570
687,1619
687,1632
688,73
690,117
688,129
688,133
688,202
688,269
688,323
688,395
688,419
688,475
688,546
688,572
688,596
688,743
688,1263
688,1426
688,1483
688,1583
689,59
689,108
689,190
689,346
690,460
689,485
690,527
690,671
689,719
689,725
690,824
689,1237
689,1365
689,1369
689,1379
689,1630
691,23
690,181
690,195
690,477
690,509
690,575
690,665
690,744
690,759
690,841
690,942
690,1019
690,1046
690,1078
691,1191
690,1217
693,1220
690,1254
690,1453
690,1568
690,1594
691,1639
691,6
691,105
691,136
691,207
691,350
691,390
691,601
691,723
691,766
691,798
691,822
691,887
691,1016
691,1074
691,1287
691,1327
691,1340
691,1367
691,1375
691,1411
691,1437
691,1457
691,1588
692,17
692,69
692,199
692,267
692,500
692,614
692,1041
692,1043
692,1202
692,1236
692,1264
692,1269
692,1472
692,1576
692,1614
692,1629
694,5
693,87
693,91
693,176
693,292
693,322
693,397
693,419
693,503
693,521
693,620
693,630
693,668
693,735
694,925
693,940
693,946
694,1229
693,1411
693,1436
693,1555
693,1592
694,101
694,380
694,538
694,586
694,647
694,1081
694,1302
694,1306
694,1396
694,1419
694,1433
695,1445
694,1564
695,1568
694,1603
694,1623
694,1639
695,41
695,52
695,66
695,85
695,89
695,124
695,133
695,175
695,267
695,393
695,584
695,609
695,618
695,636
695,733
695,874
695,1019
695,1239
695,1263
695,1575
695,1609
695,1616
696,23
696,95
696,126
696,334
696,351
696,418
696,632
696,837
696,856
696,943
696,1070
696,1118
696,1246
696,1269
696,1403
696,1642
697,88
697,148
697,154
697,252
697,322
697,341
697,397
697,532
697,536
697,541
697,569
697,685
697,750
697,818
697,827
697,882
697,1021
697,1027
697,1185
697,1191
697,1204
697,1308
697,1368
697,1418
697,1614
699,2
699,8
698,13
698,35
698,52
698,127
698,159
699,174
698,269
698,551
698,571
698,653
698,725
698,815
698,887
698,901
698,1040
699,1045
698,1219
699,325
699,337
699,394
699,508
699,683
699,718
699,782
699,830
699,923
699,935
699,1126
699,1393
700,1427
700,71
700,94
700,103
701,140
700,344
700,565
700,592
701,647
700,690
700,733
700,777
700,861
700,869
700,903
700,1079
700,1239
700,1403
703,21
701,92
701,157
701,231
701,556
702,741
701,807
701,823
701,884
701,944
701,1036
701,1051
701,1115
701,1226
701,1274
701,1277
701,1346
703,8
702,49
702,114
702,177
702,206
703,263
702,460
702,538
702,550
702,579
702,696
702,729
702,851
702,917
702,937
702,1201
702,1207
702,1455
702,1571
702,1618
703,16
703,57
703,108
703,112
703,124
703,132
703,574
703,642
703,665
703,809
703,865
703,885
703,902
703,940
703,1032
703,1064
704,1195
703,1265
704,1343
704,1396
703,1464
703,1595
704,1
704,29
704,116
704,167
704,208
704,238
704,410
704,524
704,629
705,671
704,712
704,737
704,831
704,840
704,873
704,1082
704,1094
704,1118
704,1203
704,1232
704,1306
704,1560
706,63
706,271
705,354
705,568
705,624
706,692
705,803
706,923
705,1211
705,1339
705,1409
706,14
706,60
706,90
706,98
706,132
706,137
706,389
706,503
706,509
706,515
706,583
706,592
706,677
706,682
706,710
706,809
706,908
706,1043
706,1062
706,1314
706,1323
706,1573
706,1621
707,4
707,34
707,53
708,112
707,151
707,233
707,284
707,353
707,469
707,631
707,647
707,738
707,811
707,827
707,913
707,1110
707,1203
707,1302
707,1377
707,1567
707,1581
707,1590
707,1611
708,20
708,38
708,58
708,76
708,134
708,342
708,418
709,475
708,601
708,617
709,642
708,656
708,741
708,785
708,806
708,855
708,870
708,880
708,904
708,1079
708,1088
709,1094
708,1122
708,1310
708,1394
708,1453
708,1553
709,25
712,206
709,577
709,588
709,609
709,634
709,639
709,660
709,727
709,938
709,1063
709,1399
709,1467
709,1564
709,1569
710,1
710,42
710,137
710,179
711,424
710,498
710,506
710,519
710,560
710,670
710,773
710,863
710,934
710,1103
711,16
711,23
711,65
711,79
711,84
711,251
711,393
712,619
711,636
712,650
712,734
711,762
713,816
711,927
711,1069
711,1207
711,1260
711,1410
711,1442
712,150
712,202
713,263
712,279
712,365
714,409
712,588
712,610
712,626
712,707
712,715
712,825
712,917
712,920
712,1066
712,1284
712,1470
712,1564
713,26
713,50
713,135
713,141
713,144
713,176
713,215
713,244
713,257
713,457
713,489
713,501
713,563
713,694
713,723
714,856
713,883
713,897
713,900
713,1013
713,1023
713,1114
713,1238
713,1258
713,1363
713,1417
713,1429
713,1555
713,1568
713,1587
714,32
714,184
714,248
714,399
714,461
714,544
714,607
714,662
714,757
714,779
714,805
714,827
714,832
714,844
714,874
714,922
714,940
714,1039
714,1054
714,1191
715,1249
714,1436
714,1449
714,1470
715,44
715,61
715,93
715,186
715,190
715,202
715,291
715,359
715,484
715,690
715,713
715,755
715,1063
715,1091
715,1143
715,1208
715,1440
715,1563
716,135
716,209
716,333
716,336
716,428
716,493
716,572
716,631
716,846
716,1023
716,1254
716,1281
716,1301
716,1427
717,1569
717,20
718,100
718,183
717,216
718,230
717,443
717,470
717,565
717,646
718,758
717,1008
718,1018
717,1091
717,1360
717,1374
717,1421
717,1434
718,9
719,43
718,71
718,96
718,106
718,118
718,120
718,153
718,206
719,220
720,259
718,266
719,330
719,452
718,507
718,574
718,578
718,581
718,725
718,773
718,809
718,874
718,920
718,1104
718,1118
718,1120
718,1265
718,1293
718,1388
718,1432
718,1624
719,14
719,33
720,49
719,81
719,143
719,213
719,340
719,389
719,406
719,483
720,522
719,568
719,690
720,762
719,765
719,778
719,907
719,1421
719,1445
720,192
720,208
720,283
720,297
720,578
720,601
720,820
720,836
720,888
720,1107
720,1312
720,1405
720,1424
720,1434
721,5
721,79
721,92
721,123
721,136
721,149
721,188
721,240
721,380
721,464
721,473
721,580
721,619
721,1021
721,1027
721,1042
721,1075
721,1122
721,1153
721,1569
722,70
722,128
722,184
722,210
723,316
722,490
722,610
722,630
722,669
722,719
722,1077
722,1110
722,1238
722,1254
722,1272
722,1308
722,1323
722,1365
722,1377
722,1517
723,1629
724,21
723,57
724,61
723,80
723,193
723,197
723,226
723,237
723,251
723,286
723,289
723,473
723,525
723,1024
723,1072
723,1293
723,1310
723,1357
723,1421
723,1589
724,107
724,209
724,255
724,292
724,301
724,305
724,399
724,418
724,443
724,451
724,461
724,521
724,622
724,667
724,866
724,885
724,913
724,1012
724,1132
724,1305
724,1380
724,1435
725,100
726,197
725,407
725,426
725,471
725,491
725,533
725,722
725,820
725,851
725,857
725,1051
725,1145
725,1374
726,94
729,127
726,129
726,132
726,137
726,233
726,262
726,284
727,323
726,361
726,419
726,615
726,906
726,961
726,1047
726,1148
726,1291
726,1361
726,1387
726,1511
727,25
727,64
728,76
727,83
727,85
727,185
728,192
727,226
727,337
727,390
727,439
727,447
727,492
727,580
727,670
727,828
727,880
728,914
727,1016
727,1313
727,1326
727,1338
727,1375
727,1409
727,1440
728,135
728,237
728,271
728,351
728,358
728,415
728,571
728,646
728,719
728,909
728,911
728,1024
729,1110
728,1297
728,1425
729,1620
728,1630
729,54
729,82
729,263
729,320
729,395
729,497
729,502
729,626
729,766
729,948
729,959
729,1010
729,1140
729,1500
730,1589
730,106
730,180
730,215
730,229
730,269
732,309
730,409
730,575
730,632
730,658
730,827
731,1017
730,1077
730,1170
730,1244
730,1253
730,1301
730,1330
730,1429
730,1443
730,1473
730,1480
730,1605
730,1612
732,75
731,133
731,143
731,226
731,285
731,296
731,399
731,436
732,751
731,876
731,1012
732,1150
731,1156
731,1286
732,1451
732,217
732,262
733,317
732,449
732,471
732,719
732,722
732,853
732,949
732,1064
732,1236
732,1255
732,1390
732,1466
733,21
733,57
733,134
733,142
734,214
734,313
733,371
733,391
733,439
733,453
733,485
733,661
734,791
733,901
733,1037
733,1071
734,1104
733,1153
733,1240
733,1353
733,1411
733,1551
734,1623
734,17
734,52
735,77
734,82
734,178
734,220
734,223
734,264
734,272
734,293
734,327
734,350
734,476
734,616
734,642
734,806
734,825
734,953
734,1365
734,1394
734,1464
734,1568
734,1605
734,1613
736,124
735,175
735,186
735,251
735,259
735,321
735,347
735,364
735,446
735,661
735,851
735,924
735,1151
735,1285
735,1304
735,1316
735,1323
735,1399
735,1417
735,1425
736,1498
736,6
736,46
736,50
737,92
736,104
736,133
736,144
736,420
736,747
736,760
736,828
736,1008
736,1018
736,1061
737,1470
736,1516
737,58
737,115
737,217
737,250
737,254
737,270
737,282
739,309
737,330
737,369
737,455
737,464
737,515
737,535
737,572
737,668
737,772
737,1003
737,1338
737,1363
737,1384
737,1404
737,1581
737,1592
737,1609
737,1616
738,65
738,187
738,383
738,418
738,591
738,712
738,728
738,808
738,843
738,911
738,931
738,951
738,1141
738,1144
738,1151
738,1168
738,1320
738,1345
738,1553
738,1625
740,16
739,24
739,99
739,109
740,191
740,208
739,294
739,302
739,460
740,938
739,1231
739,1353
739,1439
739,1502
739,1519
739,1561
740,62
740,231
740,339
740,348
740,372
740,425
740,527
740,805
740,901
740,958
740,1013
740,1067
740,1226
740,1367
740,1374
740,1384
740,1397
740,1474
740,1585
741,24
741,149
741,184
742,234
741,260
741,281
741,305
741,333
741,343
741,359
741,435
741,750
741,761
741,832
741,845
741,1148
741,1154
741,1259
741,1331
741,1347
741,1466
741,1599
743,11
742,112
742,298
742,518
742,532
742,545
742,650
742,776
742,837
742,915
743,960
742,1046
742,1178
742,1234
742,1402
742,1482
742,1572
742,1617
743,26
743,141
743,249
743,351
743,380
743,466
743,718
743,743
743,1040
743,1100
743,1131
743,1135
743,1165
743,1239
743,1259
743,1316
743,1372
743,1508
743,1527
743,1565
743,1620
745,23
744,40
744,51
744,217
744,225
744,238
744,253
744,287
745,448
744,462
744,646
744,680
744,710
744,765
744,810
744,850
744,899
745,951
744,966
744,1045
744,1170
744,1492
745,19
746,27
745,213
745,231
745,240
745,264
745,266
745,376
745,435
745,452
746,675
745,724
745,755
745,759
745,840
745,911
745,1074
745,1097
745,1444
745,1452
745,1571
745,1613
746,0
746,53
746,301
747,497
746,657
746,735
746,929
747,936
746,1066
746,1149
746,1234
746,1465
747,1565
747,16
747,44
748,130
747,183
747,201
747,350
747,360
747,546
747,743
747,772
747,784
747,1076
747,1173
747,1240
747,1281
748,1440
748,1469
747,1523
747,1569
747,1590
747,1630
748,107
749,235
748,248
748,260
748,408
749,468
748,738
748,760
748,787
748,963
748,1105
748,1161
748,1187
748,1225
748,1256
748,1328
748,1403
748,1494
748,1573
748,1623
749,2
749,104
749,151
749,270
749,292
749,624
749,629
749,689
749,699
749,828
749,851
749,961
749,1138
749,1141
749,1152
749,1261
749,1277
749,1325
749,1362
750,1396
749,1430
749,1478
749,1568
749,1588
749,1613
749,1626
750,212
750,250
750,472
750,511
750,544
750,546
750,681
750,819
750,903
750,906
750,933
750,1080
750,1132
750,1198
750,1221
751,1231
751,1236
750,1243
750,1313
750,1428
750,1473
750,1531
751,100
752,300
751,307
751,336
751,381
751,402
751,443
751,461
751,540
751,604
751,633
751,757
752,1109
751,1136
752,1142
751,1175
751,1185
751,1327
751,1405
752,1466
751,1499
751,1630
751,1637
752,54
752,94
752,146
752,189
752,523
752,684
752,737
752,749
752,773
752,914
752,925
752,933
752,941
752,1101
752,1248
752,1286
752,1305
752,1310
752,1355
752,1529
752,1567
753,296
753,356
753,571
753,661
753,677
753,690
753,804
753,902
753,939
753,954
753,1059
754,1114
753,1127
753,1137
753,1198
753,1264
753,1296
753,1323
753,1440
753,1548
754,2
754,29
754,71
754,121
754,125
754,135
754,161
754,202
754,222
754,401
755,405
754,470
754,549
754,669
754,735
754,755
754,826
754,846
754,854
754,911
754,944
754,1017
754,1148
754,1173
755,1188
754,1271
754,1284
754,1293
754,1410
754,1430
754,1459
754,1471
754,1498
754,1582
755,140
755,192
755,437
755,558
755,610
755,773
755,823
755,937
755,1026
755,1040
756,1228
755,1233
755,1304
755,1321
755,1452
755,1521
755,1551
755,1579
755,1633
756,12
756,20
756,57
756,127
756,221
756,311
756,319
757,367
756,461
757,496
756,757
756,759
756,761
756,810
756,851
756,928
756,1104
756,1124
757,1243
756,1366
756,1456
756,1513
757,1588
756,1611
758,24
758,40
757,93
757,207
757,233
757,323
757,360
757,385
757,393
757,439
757,567
758,574
757,613
757,665
757,676
757,741
757,799
757,830
757,847
757,875
757,972
757,995
757,1002
757,1057
757,1201
757,1265
757,1300
757,1341
757,1371
757,1526
757,1539
757,1634
759,31
758,124
758,132
758,469
758,520
758,673
758,699
760,861
758,866
758,984
759,1008
758,1012
758,1020
758,1101
758,1310
758,1327
758,1410
758,1518
758,1577
759,8
759,36
759,130
759,336
759,406
759,462
759,504
759,544
759,754
759,936
759,1074
759,1109
759,1184
759,1199
760,1234
759,1358
759,1641
760,53
760,137
760,195
760,198
760,222
760,307
760,517
760,679
761,683
760,779
760,783
760,791
760,828
761,866
760,905
760,1035
760,1149
760,1254
760,1320
760,1363
760,1438
761,1464
761,36
761,42
761,73
761,135
761,208
761,248
761,305
761,342
761,362
762,398
761,570
761,580
761,589
762,625
761,671
761,741
761,823
761,846
761,972
761,1076
761,1117
761,1312
761,1328
761,1427
761,1469
761,1480
761,1497
761,1563
761,1571
761,1587
762,1
762,9
762,23
762,123
762,202
762,334
762,406
762,415
762,500
762,544
762,608
762,696
762,736
762,750
762,764
762,834
762,910
762,939
762,1093
762,1100
762,1243
762,1316
762,1408
762,1506
762,1516
762,1618
762,1643
763,126
763,141
763,240
763,246
763,437
764,553
763,606
763,610
763,854
763,900
763,925
763,933
763,957
763,985
763,1047
763,1051
763,1073
763,1081
763,1111
763,1127
763,1189
763,1323
763,1332
763,1363
763,1493
764,7
765,33
764,211
764,227
764,296
764,303
764,516
764,565
765,571
764,674
764,693
764,739
764,789
764,826
765,881
764,1016
764,1115
764,1209
765,1216
764,1225
764,1358
764,1369
764,1416
765,1429
764,1472
765,19
765,54
765,70
765,87
765,109
765,186
765,194
765,200
765,204
765,218
765,382
766,392
765,408
765,465
765,542
765,576
765,706
765,746
765,778
765,810
765,862
765,868
765,910
765,927
765,936
766,965
765,1060
765,1070
765,1173
765,1241
765,1308
765,1332
766,1395
765,1400
765,1419
765,1501
765,1536
765,1596
766,139
766,171
766,238
766,252
766,420
766,457
766,474
766,501
766,524
766,587
766,771
766,796
766,1028
766,1036
766,1105
766,1154
766,1179
766,1317
766,1322
766,1347
766,1375
766,1617
767,133
767,198
767,255
767,288
767,294
767,338
767,398
767,751
767,818
767,1011
767,1044
767,1398
768,1412
767,1599
768,0
768,10
769,71
768,146
768,171
768,189
768,240
768,316
769,465
768,530
768,587
768,662
768,705
769,733
768,748
769,868
768,901
768,976
768,1064
768,1099
768,1181
768,1242
769,1425
769,1504
768,1512
769,53
769,61
769,114
769,220
769,249
769,290
769,375
769,380
769,399
769,432
769,441
769,491
769,781
769,824
769,960
769,1041
769,1071
769,1186
769,1345
769,1473
769,1533
770,1586
769,1620
769,1638
770,39
770,225
770,454
770,521
770,533
770,589
770,593
770,707
770,717
770,725
770,761
770,821
770,877
770,919
770,928
770,1140
770,1351
771,1508
771,0
771,37
771,142
771,199
771,288
771,362
771,373
771,438
771,655
771,757
771,848
771,905
771,988
771,1065
771,1094
772,1103
771,1116
771,1199
771,1207
771,1314
771,1355
771,1442
771,1480
771,1520
771,1618
772,3
772,34
773,52
772,64
772,227
772,336
772,410
772,427
772,435
772,614
772,678
773,921
772,1000
772,1036
772,1213
772,1339
773,1352
772,1432
772,1573
772,1623
773,112
773,136
773,161
773,233
773,246
774,293
773,305
773,332
773,560
773,630
773,770
773,802
773,906
773,953
773,958
773,990
773,1015
773,1113
773,1314
773,1337
773,1416
773,1428
773,1468
773,1513
773,1577
774,1586
774,1
774,42
774,86
774,155
774,205
775,314
774,348
774,441
774,728
774,846
775,936
774,945
774,1023
774,1038
775,1077
774,1142
774,1177
774,1349
774,1438
774,1570
774,1607
775,244
775,311
775,342
775,384
775,426
775,528
775,555
775,559
775,572
775,588
777,623
775,690
775,737
775,781
775,874
775,1019
775,1092
776,1120
775,1124
775,1187
775,1506
775,1516
775,1598
776,57
776,63
776,88
776,302
776,331
776,388
776,414
777,435
776,477
776,523
776,663
776,758
776,871
776,979
776,1004
776,1031
776,1112
776,1161
776,1178
776,1311
776,1321
776,1350
776,1522
777,12
777,102
777,209
777,282
777,374
777,604
777,687
777,787
777,1027
777,1204
777,1355
777,1405
777,1507
778,1525
778,67
778,312
779,343
778,427
778,462
778,555
778,653
779,707
778,785
778,871
778,1114
778,1439
778,1514
778,1534
779,1582
778,1592
779,183
779,249
779,319
779,332
779,420
779,950
779,977
779,1002
779,1007
780,1038
779,1106
779,1164
780,1174
779,1182
779,1184
780,1348
779,1355
780,1447
779,1463
779,1557
779,1568
780,1604
780,15
780,18
780,147
780,185
780,194
780,223
780,275
780,278
780,347
780,363
780,580
781,654
780,666
780,676
780,807
780,847
780,904
780,913
780,1060
780,1486
780,1511
780,1643
781,36
782,78
781,110
782,153
781,162
781,173
781,217
781,366
781,380
781,406
781,424
781,430
781,439
781,585
781,672
781,844
781,1042
781,1067
781,1192
781,1436
781,1517
782,1
782,48
782,108
782,187
782,263
783,293
782,302
782,535
782,559
782,595
782,622
782,758
782,1003
782,1025
782,1062
783,1076
782,1088
782,1139
782,1144
782,1402
782,1412
782,1426
782,1560
782,1564
782,1620
783,228
783,246
783,305
783,405
783,409
784,412
783,473
783,630
783,910
784,1007
783,1114
783,1129
783,1178
783,1329
783,1358
783,1492
783,1539
783,1571
783,1617
784,208
784,299
784,317
785,335
784,365
784,418
784,678
784,784
784,900
784,935
784,946
784,996
784,1168
784,1189
784,1364
784,1430
785,1489
784,1532
784,1597
784,1643
785,22
785,101
785,331
785,398
785,434
785,551
785,588
785,617
785,725
785,953
785,1015
785,1032
785,1376
785,1387
785,1417
785,1421
785,1510
785,1527
785,1553
785,1611
786,18
786,58
786,82
786,105
786,165
786,340
786,700
786,783
786,854
787,931
786,999
786,1039
787,1335
786,1367
786,1456
786,1494
786,1518
786,1521
786,1538
786,1568
786,1577
786,1615
787,22
787,68
787,74
787,300
787,864
788,870
787,875
787,892
787,942
787,951
787,1005
787,1028
787,1031
787,1043
787,1330
787,1359
787,1391
787,1526
787,1628
788,1632
787,1642
788,53
788,115
788,203
788,287
788,322
788,341
788,346
788,371
788,562
788,607
788,628
788,748
788,752
789,765
788,777
788,939
788,1018
788,1059
788,1082
788,1106
788,1137
788,1145
788,1196
789,1379
788,1400
788,1404
788,1435
788,1459
788,1503
788,1523
788,1625
789,26
789,85
789,95
789,126
790,298
789,683
789,779
789,821
789,827
789,1350
789,1497
789,1514
789,1638
789,1642
790,41
790,90
790,128
790,139
790,247
790,259
790,309
790,336
790,387
790,411
790,421
790,475
790,695
790,867
790,903
791,915
790,923
790,966
790,1044
790,1149
791,1157
790,1163
790,1182
790,1371
790,1402
790,1501
790,1558
790,1567
790,1592
790,1605
791,11
791,155
791,203
791,217
791,240
791,295
791,433
791,686
791,860
791,952
791,1035
791,1631
792,1641
792,18
792,77
792,124
792,182
792,286
792,307
792,560
792,586
792,591
793,656
792,737
792,771
792,824
792,1104
792,1171
792,1353
792,1520
792,1530
793,53
794,91
793,128
794,143
793,159
793,246
793,377
793,385
793,407
793,581
793,629
793,635
793,858
793,935
793,963
793,1024
794,1092
793,1118
793,1153
793,1165
793,1361
794,1366
794,1436
793,1445
795,84
794,97
794,132
794,222
794,264
794,300
795,444
794,556
794,588
794,846
794,875
794,919
794,1452
794,1563
794,1627
795,77
795,206
795,271
795,383
795,486
795,574
796,662
795,734
795,772
795,857
795,860
796,947
795,1004
795,1021
795,1030
795,1065
795,1069
795,1082
795,1118
795,1167
795,1395
795,1494
795,1512
795,1541
795,1598
796,46
797,94
796,163
796,237
796,249
796,266
796,289
796,415
796,437
796,615
796,758
796,900
796,1033
796,1109
796,1162
796,1187
797,1552
797,22
797,109
797,145
797,207
797,222
797,275
797,319
797,528
798,538
797,557
797,622
797,625
797,688
797,834
797,1050
797,1055
798,1135
798,1563
797,1588
797,1640
798,152
798,159
798,197
798,239
798,353
798,371
798,373
798,397
798,572
798,578
798,784
798,836
798,856
798,918
798,1098
798,1419
798,1447
798,1505
798,1568
799,191
800,206
799,212
799,332
799,619
799,1123
799,1127
799,1132
799,1176
799,1183
799,1342
799,1412
799,1543
799,1558
799,1624
799,1636
800,27
800,115
800,439
800,455
800,470
800,552
800,562
800,766
801,937
800,1026
800,1060
800,1165
800,1368
800,1590
801,38
801,41
801,58
801,65
801,150
801,155
801,234
801,323
802,382
801,466
801,662
801,779
801,830
801,862
801,897
801,1076
801,1099
801,1389
801,1427
801,1523
803,1539
801,1618
801,1620
802,90
802,229
802,297
802,591
802,625
802,639
802,680
802,857
802,876
802,1159
802,1175
802,1191
802,1436
802,1501
802,1572
802,1577
803,26
803,43
803,60
803,147
803,257
803,551
803,682
803,764
803,844
804,847
803,934
803,951
803,1128
803,1155
803,1364
803,1392
803,1447
803,1520
803,1555
805,33
804,154
804,174
804,192
804,255
804,302
805,336
804,594
804,643
804,660
804,892
804,897
804,1062
804,1093
804,1138
804,1165
804,1375
804,1384
805,51
805,54
805,149
805,233
806,347
806,414
805,420
805,540
805,543
805,555
805,579
805,606
805,610
805,629
805,737
805,756
805,843
805,915
805,1040
805,1075
805,1422
805,1434
805,1490
805,1545
805,1636
806,216
806,382
806,439
806,461
806,588
806,668
806,752
806,826
806,987
806,1163
806,1394
806,1439
809,1576
806,1594
806,1641
807,62
807,291
807,301
807,618
807,660
807,745
807,883
807,928
807,1125
807,1168
807,1447
807,1505
807,1513
807,1551
807,1580
808,1621
807,1632
808,171
808,183
808,252
808,328
808,379
808,395
808,538
808,583
808,611
808,638
808,782
808,860
808,868
808,1059
809,1449
808,1528
808,1540
808,1544
808,1583
808,1587
808,1640
809,2
809,87
809,166
809,219
809,259
809,299
809,496
809,535
809,614
809,648
810,739
809,946
810,959
809,1027
809,1406
809,1566
809,1607
810,36
810,89
810,114
811,161
810,173
810,231
810,549
810,591
810,663
810,759
810,788
810,817
810,827
810,1036
810,1149
810,1168
810,1419
810,1486
810,1523
810,1627
810,1631
811,133
811,146
812,271
811,470
811,642
811,747
812,751
811,837
811,930
812,1113
811,1380
811,1437
811,1526
811,1532
811,1581
811,1590
812,1627
812,44
812,203
812,227
812,308
812,342
812,609
813,635
812,650
812,869
812,919
812,934
812,967
812,985
812,1009
812,1166
812,1357
812,1361
812,1387
812,1503
812,1548
812,1566
813,113
813,116
813,234
813,379
813,600
813,960
814,1077
813,1135
814,1411
813,1519
813,1576
815,1623
814,1641
814,130
814,457
815,745
814,822
814,1148
814,1397
814,1564
814,1610
815,39
816,63
815,86
815,109
815,141
815,203
815,447
815,484
815,521
815,623
815,674
815,855
815,923
815,926
815,935
815,976
815,1026
815,1120
815,1498
815,1528
816,1532
815,1538
816,69
816,81
816,93
816,138
816,150
816,376
816,383
817,388
816,586
816,611
816,638
816,709
816,841
816,866
816,875
816,1087
816,1128
816,1153
816,1155
816,1383
816,1405
816,1477
816,1491
816,1513
816,1550
816,1566
816,1577
817,1632
817,171
817,187
817,254
817,256
817,305
817,414
817,569
817,632
817,693
817,854
818,898
817,903
818,957
818,969
817,1139
817,1151
817,1173
817,1363
817,1414
817,1460
817,1522
818,1555
817,1643
818,44
818,67
818,91
818,299
818,331
818,341
818,362
818,516
818,562
818,577
818,1021
818,1162
818,1409
818,1499
818,1508
818,1535
818,1541
818,1549
818,1595
819,74
819,231
819,455
819,480
819,596
819,616
819,622
819,691
819,917
819,980
819,983
819,1123
819,1400
819,1427
821,1452
820,90
820,109
821,149
820,238
822,250
820,373
820,582
820,647
820,676
820,822
820,962
820,1011
820,1107
820,1112
820,1180
821,1355
820,1373
820,1385
820,1390
820,1411
820,1460
821,1519
821,101
821,136
821,172
821,286
821,299
822,339
821,349
821,395
821,553
821,585
821,624
821,627
821,635
822,805
821,871
821,920
821,1007
821,1022
821,1029
822,1115
821,1118
821,1606
821,1625
821,1630
821,1642
822,52
823,62
822,77
822,210
822,274
822,420
822,468
822,479
822,579
822,751
822,799
822,912
822,971
822,986
822,1046
822,1056
822,1553
822,1604
823,46
823,73
823,84
824,91
823,222
823,229
823,257
823,360
823,374
823,417
823,473
823,564
823,601
823,683
823,773
823,861
823,910
823,1120
823,1138
823,1176
823,1371
823,1394
823,1421
823,1467
823,1505
823,1546
824,1601
824,102
824,238
824,245
824,500
824,518
824,587
824,592
824,623
824,674
824,859
824,1018
824,1132
824,1149
824,1159
824,1368
824,1611
825,66
825,75
825,86
825,133
825,201
826,297
825,392
825,401
825,453
825,475
825,504
825,526
825,580
825,605
825,694
825,757
825,794
825,841
826,923
825,1076
825,1380
825,1397
825,1490
825,1562
825,1634
826,69
826,113
826,175
826,195
826,310
826,345
826,368
826,372
826,482
826,523
826,620
826,651
826,685
826,865
826,885
826,900
826,1087
826,1120
826,1141
826,1371
826,1382
826,1391
826,1478
827,1501
826,1549
826,1622
828,101
827,180
828,234
827,392
827,398
827,403
827,448
827,488
827,809
827,1355
827,1467
827,1484
827,1585
827,1587
828,46
829,55
828,58
829,77
828,84
828,135
828,253
828,475
828,580
829,601
828,641
828,648
828,657
829,768
828,772
828,806
828,827
828,920
828,961
828,985
828,993
828,1002
828,1053
828,1152
829,1411
828,1437
828,1517
828,1619
829,173
829,222
829,247
829,385
829,390
829,416
830,486
829,573
829,594
829,671
830,675
829,1081
829,1083
829,1375
829,1399
829,1469
829,1475
829,1510
830,1524
829,1628
829,1638
830,130
830,227
831,251
830,302
830,304
830,315
830,478
830,519
830,531
830,760
831,854
830,1091
831,1123
830,1129
830,1140
831,1371
831,1446
831,1458
830,1495
830,1503
831,1607
831,52
831,72
831,89
831,113
831,145
831,154
831,183
831,257
831,863
831,917
832,970
831,1110
831,1169
831,1357
831,1402
831,1493
831,1531
831,1590
831,1622
832,1631
832,85
832,174
832,242
832,244
832,350
832,391
834,415
832,442
832,491
832,496
833,584
832,776
832,899
832,1011
832,1029
832,1404
832,1468
832,1521
832,1552
832,1637
833,45
833,58
835,96
834,149
833,230
833,237
833,255
833,307
833,449
833,576
833,630
833,742
834,856
833,881
833,988
833,1078
835,1137
833,1410
833,1453
833,1506
834,1565
833,1628
834,92
834,116
834,119
834,193
834,220
834,299
834,482
834,590
834,686
834,701
835,706
834,729
834,822
834,859
834,875
834,956
834,1040
834,1068
834,1183
834,1466
834,1608
835,52
835,144
835,190
835,207
835,357
835,381
835,397
835,530
835,548
836,813
835,867
835,936
835,1017
835,1083
835,1143
835,1270
835,1366
835,1407
835,1418
835,1435
835,1440
835,1527
835,1555
836,1569
835,1614
836,157
836,316
836,329
836,377
836,481
836,489
836,667
836,675
836,679
836,692
836,752
836,782
836,869
836,904
836,954
836,1038
836,1047
836,1354
836,1472
836,1558
836,1573
836,1587
837,49
837,205
837,260
837,263
837,357
837,402
837,523
837,528
837,542
837,584
837,717
837,764
837,786
837,805
837,918
837,1005
837,1154
837,1178
837,1403
837,1489
837,1504
837,1563
837,1601
837,1612
837,1617
838,147
839,210
839,441
838,497
838,775
838,862
838,1057
838,1059
838,1399
838,1520
838,1558
838,1581
839,66
839,138
839,186
839,200
839,215
840,236
840,248
839,269
839,296
840,428
839,669
839,711
839,761
839,778
839,879
839,916
839,946
839,970
839,1135
839,1162
839,1431
840,1447
839,1544
839,1549
839,1569
839,1599
839,1641
840,57
840,107
840,189
840,407
840,417
840,437
841,467
840,525
840,603
840,671
840,692
840,708
840,908
840,948
840,1000
841,1071
840,1110
840,1189
840,1268
841,1472
840,1594
841,47
841,93
841,122
841,149
841,152
842,213
841,217
841,224
841,284
841,456
841,473
842,532
841,582
841,868
841,886
841,932
841,1159
841,1368
841,1518
841,1528
841,1551
841,1590
842,1600
841,1621
841,1635
841,1639
843,265
842,302
843,349
842,359
842,376
843,402
842,539
842,673
842,690
842,707
843,772
842,799
842,857
842,990
842,1009
842,1017
842,1433
842,1488
842,1502
842,1533
842,1640
844,67
843,111
843,128
843,239
843,257
843,399
843,574
843,591
843,759
843,778
843,1039
843,1055
843,1266
843,1438
843,1478
843,1567
843,1582
843,1588
844,57
844,72
844,95
844,100
844,120
846,124
844,168
844,222
844,229
844,339
844,341
844,445
844,537
845,549
844,579
844,831
844,912
844,928
844,1050
844,1431
844,1609
845,146
846,190
846,232
845,288
846,296
846,357
845,470
845,705
846,720
845,986
845,1000
845,1013
845,1066
845,1428
845,1486
845,1526
845,1536
845,1569
846,114
846,179
846,366
846,413
846,455
846,741
846,1007
846,1048
846,1451
846,1491
846,1579
847,95
848,140
847,171
847,280
848,400
847,432
847,506
847,586
847,698
847,708
847,784
847,832
847,872
847,875
847,1004
847,1177
847,1196
847,1244
847,1261
847,1538
848,1598
848,49
848,217
848,571
848,703
849,919
848,1019
849,1079
848,1089
848,1489
849,53
849,67
849,123
849,304
849,361
849,425
850,577
849,624
849,745
850,785
850,976
849,997
849,1170
849,1257
849,1281
849,1434
849,1437
849,1582
849,1591
850,1618
850,30
850,229
851,236
850,267
850,358
851,410
850,559
850,591
850,662
850,972
850,1132
850,1369
850,1426
850,1450
850,1492
852,106
851,122
851,169
851,182
851,185
851,363
851,406
851,427
851,457
851,471
851,565
851,672
852,681
851,713
851,745
851,797
851,1006
851,1009
851,1013
852,1016
851,1019
851,1278
851,1580
851,1607
852,99
852,118
852,162
852,231
853,276
852,618
852,735
852,762
852,933
852,1027
852,1051
852,1439
852,1492
852,1533
852,1535
852,1586
853,19
853,44
853,129
853,160
853,189
853,225
853,241
853,256
853,330
853,403
853,516
853,581
853,1078
853,1135
854,1190
853,1285
853,1435
853,1595
853,1604
854,60
854,156
854,358
854,377
854,423
855,432
854,443
854,463
854,557
854,579
854,667
854,727
854,1456
854,1534
855,42
855,103
855,118
855,172
855,217
855,243
855,298
855,329
855,341
855,519
855,554
855,676
855,691
855,824
855,1020
855,1043
855,1057
855,1139
855,1157
855,1412
855,1431
855,1491
855,1504
855,1602
856,128
858,163
856,198
857,283
856,417
856,421
856,425
856,427
856,440
856,725
856,871
856,1031
856,1110
856,1198
857,1420
856,1599
857,1606
857,37
857,100
857,139
858,171
857,291
857,294
857,328
857,360
857,564
857,584
857,741
857,790
857,793
857,927
857,1144
857,1457
857,1536
858,91
858,156
858,193
858,232
858,240
858,245
858,313
858,412
858,419
858,472
858,540
858,575
858,676
858,682
858,825
858,833
858,947
858,1137
858,1243
858,1246
858,1257
858,1500
858,1594
858,1636
859,141
859,221
859,229
859,260
859,289
859,332
859,806
859,942
859,1037
859,1063
859,1123
859,1130
859,1187
860,1495
859,1597
859,1625
860,21
860,39
860,74
860,120
861,168
860,175
860,269
860,304
860,324
860,343
860,548
860,554
861,560
860,570
860,655
860,669
860,787
860,927
860,1114
860,1163
860,1454
861,67
861,86
861,99
861,459
861,500
861,508
861,538
861,724
861,802
861,804
861,849
861,991
861,1001
861,1028
861,1066
861,1120
861,1127
861,1150
861,1165
861,1256
861,1548
861,1584
861,1591
861,1622
862,25
862,53
862,71
862,94
862,155
862,210
862,241
862,253
862,437
864,523
862,544
862,580
862,629
862,750
862,798
862,820
863,864
862,917
862,924
862,1024
862,1247
862,1283
862,1332
862,1409
862,1635
863,16
863,64
863,267
863,295
863,407
863,487
863,492
863,506
863,685
863,752
863,762
863,942
863,989
863,1057
863,1244
863,1263
863,1273
863,1420
863,1433
863,1487
864,1532
863,1630
864,122
864,148
864,236
864,326
864,514
865,529
864,538
864,649
864,690
864,712
864,747
864,759
864,1034
864,1081
864,1339
864,1540
865,53
865,55
865,79
865,228
865,278
865,299
865,399
865,419
866,486
865,494
865,504
865,569
865,661
865,664
865,1118
865,1149
865,1169
865,1278
867,1500
865,1638
866,48
867,146
866,161
866,396
866,427
866,435
866,511
866,517
866,541
866,581
866,639
866,644
866,789
866,797
866,881
866,933
866,950
866,1036
866,1064
866,1083
866,1164
866,1362
866,1490
866,1542
866,1544
866,1625
867,35
867,44
867,88
867,118
867,174
867,268
867,460
867,619
867,709
867,748
867,818
867,921
867,939
868,976
867,1007
867,1054
867,1161
867,1424
868,1444
867,1531
867,1581
868,63
869,101
868,108
868,143
868,224
868,231
868,244
868,307
868,328
868,340
868,348
868,358
868,416
868,464
868,492
869,520
868,583
868,699
868,750
868,761
868,777
869,842
868,856
868,867
868,876
868,882
868,1076
868,1088
868,1166
868,1184
868,1195
868,1508
868,1623
868,1639
868,1642
869,25
869,50
869,81
870,272
869,319
869,393
869,428
869,480
870,533
869,566
869,607
870,622
870,780
869,800
869,811
869,1035
869,1065
869,1082
869,1144
869,1325
869,1485
870,248
870,414
871,439
872,475
870,681
870,701
870,804
870,838
871,849
870,957
870,1136
870,1310
870,1457
870,1525
871,42
871,50
871,149
871,169
871,180
872,209
871,302
872,339
871,601
871,604
871,713
871,1045
871,1080
871,1154
871,1191
871,1388
871,1394
871,1397
871,1548
871,1585
871,1636
872,76
872,82
872,118
872,394
873,615
872,648
873,667
872,683
872,836
873,887
872,1073
872,1165
872,1255
872,1284
872,1508
872,1540
874,31
873,121
873,142
873,223
873,233
873,262
874,279
873,359
873,481
874,489
873,508
873,525
874,533
873,574
874,590
874,627
873,674
873,796
873,906
873,949
873,1061
874,1070
873,1162
873,1181
873,1261
874,1269
873,1303
873,1316
874,15
874,48
874,115
874,180
874,236
874,269
874,369
874,436
874,469
874,634
874,689
874,700
874,926
874,930
874,965
874,971
874,984
874,1049
874,1078
874,1150
874,1174
874,1198
874,1251
875,1326
875,1358
874,1450
874,1517
874,1572
875,21
875,55
875,72
875,144
875,169
875,213
875,230
875,251
876,379
875,424
875,508
875,521
875,565
875,664
875,810
875,823
875,826
875,895
875,912
875,945
875,1045
875,1265
875,1288
875,1305
875,1354
875,1370
875,1389
875,1392
875,1398
876,1505
876,48
880,169
876,176
876,201
876,209
876,253
876,345
876,411
876,441
877,512
876,524
878,655
876,719
876,870
876,1064
877,1097
876,1169
876,1296
877,1380
876,1481
876,1535
877,18
877,35
877,293
877,372
877,633
877,646
877,686
878,694
877,703
877,845
877,933
877,1177
877,1186
877,1244
877,1318
877,1333
877,1388
877,1416
877,1450
877,1478
877,1487
878,1527
877,1545
878,74
878,227
878,470
878,501
878,519
878,582
878,629
878,677
878,873
878,880
878,884
878,914
878,982
878,994
878,1081
878,1140
879,1192
878,1268
878,1394
878,1400
878,1513
879,51
879,188
879,212
879,233
879,404
879,437
880,456
879,498
879,530
879,625
879,659
882,813
879,939
879,975
879,1230
879,1274
879,1485
879,1508
880,40
880,134
880,184
881,238
880,245
880,279
880,495
880,509
880,528
880,559
881,593
880,620
880,638
880,667
880,690
881,874
880,879
880,898
880,993
880,1120
880,1162
880,1168
880,1183
880,1251
880,1268
880,1303
880,1461
880,1497
881,26
882,142
881,190
881,206
882,260
881,288
881,424
881,471
881,501
881,517
881,576
881,584
881,588
881,734
882,838
881,860
882,918
882,1179
881,1259
881,1270
881,1287
881,1367
881,1491
882,43
883,50
883,129
882,316
882,354
882,430
882,491
882,540
882,573
882,605
882,651
882,742
882,786
882,937
882,1096
882,1225
882,1250
882,1332
883,1454
882,1514
883,14
884,82
883,150
883,185
883,216
883,351
883,507
883,558
883,867
883,903
883,934
883,1077
883,1152
883,1272
883,1316
884,1329
883,1349
884,1498
883,1524
883,1577
884,146
884,194
884,265
884,406
884,445
884,470
885,546
884,662
884,675
884,783
884,886
884,983
884,1111
884,1185
884,1242
884,1296
884,1345
884,1358
884,1504
884,1564
885,37
885,53
885,79
886,103
885,206
886,258
886,275
886,332
885,345
886,370
885,415
885,518
885,526
886,541
885,633
885,654
886,722
886,871
885,987
885,1061
885,1127
885,1182
885,1227
886,1272
885,1306
885,1466
885,1549
886,27
886,43
886,112
886,117
886,185
886,246
886,321
887,336
886,350
886,434
886,443
886,490
886,513
886,600
886,672
886,694
886,706
887,881
886,906
886,953
886,1188
886,1247
886,1257
886,1326
886,1418
886,1490
886,1518
886,1551
886,1558
886,1604
888,16
887,41
888,46
887,203
887,223
887,343
887,361
887,367
887,398
887,537
888,621
887,626
887,678
887,747
888,810
887,939
887,1157
887,1199
887,1269
887,1290
888,1310
887,1340
887,1355
888,1448
888,1548
888,38
888,78
888,115
888,165
888,244
888,262
888,271
888,289
888,317
888,324
888,516
888,756
888,914
888,930
888,990
891,1234
888,1281
888,1322
888,1414
888,1432
888,1441
888,1480
888,1539
888,1597
889,11
889,101
889,109
889,132
889,182
889,191
889,225
891,334
889,375
889,393
890,598
889,614
889,791
889,1126
890,1219
889,1293
889,1379
889,1554
889,1606
889,1620
889,1630
890,1
890,157
890,162
890,175
890,297
890,385
890,414
890,416
890,486
890,643
890,667
890,800
890,910
890,1106
890,1109
890,1189
890,1279
890,1287
890,1331
890,1345
890,1446
890,1460
890,1474
891,1495
890,1516
890,1542
890,1558
893,1576
890,1602
891,23
891,71
891,262
892,274
891,320
891,404
892,450
891,551
891,652
891,658
891,700
891,836
891,875
891,901
891,917
891,966
891,1060
891,1223
891,1247
891,1260
891,1368
891,1387
891,1552
891,1628
892,20
894,131
892,183
892,372
892,387
892,418
892,488
892,709
892,747
892,783
893,818
892,958
893,1056
892,1101
892,1196
892,1306
892,1328
892,1346
892,1360
893,1570
893,1620
893,1627
893,80
893,224
893,260
893,359
893,380
893,395
893,401
893,532
893,623
893,913
893,933
893,945
893,1062
893,1066
893,1122
894,1184
894,1324
894,1354
893,1555
894,88
894,119
894,135
895,203
895,209
894,265
895,354
894,361
894,530
894,697
894,790
895,799
894,948
895,1140
894,1147
894,1165
895,1198
894,1223
894,1248
894,1278
894,1368
894,1502
894,1523
895,1561
895,78
896,225
895,299
895,323
895,551
895,604
895,630
895,640
895,725
895,779
895,808
895,854
895,953
896,967
895,1092
895,1113
895,1130
895,1156
896,1271
895,1363
896,1461
895,1499
895,1512
895,1519
896,1547
896,43
896,57
897,83
896,102
896,180
896,187
897,219
896,389
896,450
897,540
896,705
897,714
898,773
897,786
896,829
896,1144
896,1207
896,1345
896,1370
896,1373
896,1469
896,1591
897,4
897,71
897,171
897,315
897,331
898,372
897,381
897,393
899,400
897,468
898,701
897,767
897,912
897,951
897,1047
897,1082
897,1170
897,1201
897,1287
897,1321
897,1329
897,1336
897,1360
898,45
898,60
898,80
898,230
898,324
898,365
898,423
898,618
898,695
898,710
898,724
898,822
898,849
898,899
898,909
898,953
898,1040
899,1187
898,1317
899,1323
898,1342
898,1407
898,1421
898,1444
898,1452
898,1492
898,1507
899,6
899,187
899,346
899,379
899,385
899,517
899,729
899,742
899,812
899,949
899,1113
899,1195
899,1350
899,1462
899,1523
899,1570
899,1588
899,1639
900,47
901,106
900,139
900,240
900,274
900,545
901,787
900,851
900,1038
900,1044
900,1051
901,1180
900,1242
900,1284
900,1334
901,1387
900,1489
901,1560
901,62
901,119
901,185
901,264
901,315
901,377
902,456
901,540
901,764
901,796
901,949
901,975
901,1064
901,1208
902,1249
901,1270
902,1375
902,1421
901,1496
903,16
902,25
902,110
903,131
903,272
902,544
902,608
902,692
902,747
902,903
902,931
902,963
903,1038
902,1195
903,1317
902,1518
902,1588
902,1621
903,1631
902,1635
904,9
903,55
904,174
904,207
903,312
903,421
903,491
903,521
903,524
903,660
903,709
903,720
903,737
903,879
903,958
903,997
903,1077
903,1103
903,1183
903,1200
903,1343
903,1351
903,1364
903,1407
903,1467
903,1576
903,1597
905,4
904,63
904,117
904,194
904,319
904,345
904,546
904,616
904,703
904,766
904,777
904,835
904,1378
905,12
905,55
905,59
905,87
905,142
905,170
905,181
905,200
905,202
905,204
906,216
905,253
905,390
907,420
905,751
905,759
905,822
905,890
906,1036
905,1067
905,1080
905,1246
905,1348
905,1410
905,1453
905,1501
905,1591
905,1607
905,1639
906,16
906,286
906,405
906,408
906,450
906,472
906,851
906,881
906,956
906,1049
906,1167
906,1339
906,1462
906,1466
906,1513
907,10
907,57
907,316
907,353
907,374
907,550
907,697
907,764
907,845
907,1009
907,1119
907,1215
907,1222
907,1274
907,1326
907,1370
908,1404
908,1573
907,1581
907,1631
908,193
908,208
908,308
908,349
908,409
908,461
908,741
908,743
908,761
908,799
908,836
908,847
908,958
908,1060
908,1167
908,1218
908,1454
909,27
909,44
910,56
909,128
909,167
909,182
909,204
909,272
909,425
909,469
909,553
909,732
909,891
909,980
909,1044
909,1055
909,1188
909,1229
909,1235
909,1361
910,1387
910,1458
909,1523
909,1525
909,1564
910,51
911,94
910,120
911,177
910,188
910,259
910,317
910,356
910,368
910,370
910,393
910,407
910,418
910,499
910,535
910,545
910,603
910,630
910,661
910,723
910,759
910,829
911,840
910,881
910,958
910,991
911,1002
910,1068
910,1095
910,1164
910,1282
910,1350
911,1407
910,1487
910,1508
910,1580
910,1591
910,1634
911,130
912,252
912,487
911,495
911,505
911,624
911,641
911,940
911,1041
911,1072
911,1209
911,1275
911,1338
911,1391
911,1394
911,1570
912,24
913,48
912,190
912,206
912,302
913,307
912,315
912,328
912,375
912,384
912,482
912,532
912,619
912,751
912,767
913,770
912,806
912,822
912,843
912,884
912,1134
913,1279
912,1308
912,1362
912,1606
912,1636
913,21
913,38
914,66
913,124
913,156
913,264
913,453
913,502
913,515
913,517
913,735
913,747
913,825
913,987
913,1101
913,1238
913,1247
913,1291
913,1422
913,1486
913,1500
913,1614
914,104
914,117
914,213
914,300
914,317
914,397
914,427
914,432
914,493
914,686
914,895
914,999
914,1055
914,1097
914,1137
914,1157
914,1186
914,1304
914,1348
915,1356
914,1583
915,1601
915,86
915,169
915,177
915,207
916,224
915,277
915,289
915,310
915,385
915,401
915,530
915,640
915,719
915,762
916,835
915,892
915,1145
915,1244
915,1258
915,1395
915,1406
915,1462
915,1491
916,1518
915,1563
916,28
916,101
916,174
916,194
916,239
916,248
916,323
916,352
917,381
916,388
916,521
916,621
916,668
916,681
916,799
916,818
916,1073
916,1270
916,1303
916,1486
916,1524
917,65
917,107
917,185
917,207
917,215
917,295
917,371
918,423
917,484
917,495
918,500
917,526
917,631
917,688
917,698
917,737
917,769
917,1002
917,1038
918,1044
917,1132
917,1234
918,1419
917,1454
918,1594
917,1610
917,1613
917,1638
918,82
918,178
918,192
918,241
918,244
918,267
918,331
918,350
918,497
918,551
918,672
919,808
918,884
918,981
918,1135
918,1153
918,1388
918,1408
918,1451
918,1571
918,1584
918,1642
919,28
919,51
919,147
919,160
920,188
919,221
920,259
919,281
919,348
919,373
919,377
920,390
919,622
920,637
919,641
919,735
919,755
920,830
919,839
919,856
919,1053
920,1066
919,1085
919,1258
919,1266
919,1311
919,1367
919,1393
919,1401
920,1528
919,1631
920,127
920,212
921,225
920,234
920,242
920,283
920,337
920,351
920,431
920,520
920,527
921,560
920,844
920,865
920,939
920,1000
920,1032
920,1048
920,1130
920,1232
920,1255
920,1269
920,1302
920,1378
920,1457
920,1521
920,1586
920,1589
921,166
921,181
921,203
921,490
921,647
921,684
921,735
921,761
921,795
921,1084
921,1108
921,1137
921,1183
921,1308
921,1350
921,1370
921,1405
921,1537
921,1584
921,1607
921,1630
922,10
922,19
922,69
922,120
922,297
922,373
922,387
923,532
922,574
922,670
922,769
922,880
922,891
923,1130
922,1143
922,1158
922,1223
922,1227
922,1295
922,1315
922,1409
922,1424
923,47
923,59
923,124
923,149
923,285
923,304
923,343
923,352
924,360
924,366
923,376
923,383
923,391
923,506
923,515
923,547
923,859
923,899
924,1016
923,1091
923,1155
923,1271
923,1274
923,1299
923,1306
923,1357
923,1367
923,1375
923,1397
923,1470
923,1535
925,1598
924,1633
924,4
924,210
925,263
924,423
924,510
924,650
924,652
924,764
925,766
924,811
924,979
924,1191
924,1199
924,1320
924,1495
924,1522
925,75
926,253
927,279
925,347
925,355
925,379
925,393
925,516
926,538
925,620
925,699
925,749
925,755
926,758
925,838
925,852
925,895
925,934
925,937
925,1045
925,1095
925,1161
925,1185
925,1415
925,1582
926,4
926,68
926,159
926,164
926,190
928,294
926,401
926,633
926,770
926,848
926,914
926,974
927,982
926,1031
926,1069
926,1188
926,1194
926,1210
927,1623
927,104
927,116
928,199
927,384
928,421
927,627
927,680
927,761
927,905
927,1021
927,1027
927,1081
927,1219
927,1279
927,1296
927,1518
927,1591
927,1606
928,146
928,156
928,215
928,340
928,356
929,427
928,457
929,687
928,846
929,930
928,1099
928,1133
928,1154
928,1159
928,1202
928,1263
928,1315
928,1398
928,1462
928,1504
928,1527
928,1576
928,1630
929,1639
929,55
929,81
929,99
929,143
929,179
929,212
930,260
930,388
929,398
929,410
929,462
929,514
929,629
929,632
929,744
929,764
929,1091
929,1146
929,1381
929,1493
929,1554
929,1560
930,1593
930,65
930,134
931,167
930,172
930,174
931,195
931,219
930,249
930,255
930,285
931,290
930,492
930,497
930,548
930,650
930,777
930,894
930,950
930,975
930,977
930,1016
930,1027
930,1068
930,1160
931,1182
930,1296
930,1312
930,1429
931,1456
931,1461
930,1486
930,1515
930,1587
930,1608
930,1620
931,37
931,61
931,101
931,160
931,372
931,463
931,559
931,654
931,780
931,784
931,875
931,878
931,892
931,907
931,967
931,996
931,1023
931,1047
931,1102
931,1107
931,1149
931,1191
931,1259
931,1440
931,1489
931,1495
931,1616
932,2
932,15
932,52
933,56
932,121
932,181
932,187
932,246
932,253
932,337
933,342
932,360
932,508
932,518
932,690
932,765
932,842
932,857
932,896
932,902
932,972
932,980
932,1029
932,1089
932,1128
932,1203
932,1216
932,1272
932,1310
932,1390
934,1625
933,72
933,208
933,268
934,396
933,550
933,554
933,577
933,773
933,782
933,953
933,991
933,1020
933,1105
933,1190
933,1230
933,1234
933,1253
933,1256
933,1292
933,1525
933,1590
933,1600
933,1606
933,1643
934,119
934,152
934,185
934,284
935,336
934,461
934,492
934,496
934,510
934,543
934,648
934,861
934,881
934,884
934,912
934,957
934,969
934,999
934,1168
934,1288
934,1300
934,1388
934,1434
934,1447
934,1508
934,1553
934,1564
935,6
935,101
935,164
935,191
936,198
935,201
935,239
935,252
935,261
935,354
935,400
935,722
936,781
936,854
935,894
935,1002
935,1086
935,1092
935,1155
936,1173
935,1193
936,1212
937,1248
935,1269
935,1397
935,1412
936,1439
935,1512
935,1521
935,1593
936,36
936,157
936,217
936,269
936,359
936,385
936,452
936,627
936,644
936,930
936,1034
936,1199
936,1259
936,1444
936,1462
936,1568
936,1622
937,107
937,127
938,133
937,160
937,173
937,234
937,248
937,273
937,287
938,348
937,367
937,472
937,480
937,498
937,504
937,641
937,716
938,953
937,976
937,1005
937,1126
937,1152
937,1266
937,1296
937,1317
937,1390
937,1404
937,1423
938,1489
938,76
938,136
938,166
938,190
938,232
938,242
938,255
938,336
938,621
938,652
938,733
938,775
938,948
938,1097
938,1129
938,1144
940,1178
938,1200
938,1227
938,1236
938,1288
938,1394
938,1416
938,1452
938,1587
938,1636
939,38
939,79
939,121
939,196
940,244
939,330
939,345
939,367
939,381
939,455
939,476
939,576
939,726
939,742
939,786
939,845
939,1006
939,1217
941,1252
939,1378
939,1465
939,1558
939,1613
940,13
940,98
940,105
941,161
940,193
941,212
940,237
940,276
940,322
940,363
940,389
940,392
940,434
940,470
940,501
940,508
941,756
940,879
940,971
940,1206
940,1242
940,1262
940,1270
940,1294
940,1426
940,1437
940,1445
940,1610
942,72
941,144
941,270
941,317
941,319
941,343
941,374
941,427
942,477
941,490
941,688
941,736
941,934
941,1008
941,1114
941,1121
941,1166
941,1196
941,1234
941,1451
941,1467
941,1615
942,42
942,104
942,145
942,148
943,174
942,219
943,266
942,284
942,324
942,333
942,380
942,454
943,481
942,500
942,566
942,621
943,650
942,725
942,869
942,939
942,947
942,991
942,998
942,1102
942,1141
942,1215
942,1286
942,1413
942,1584
942,1608
943,5
943,24
943,96
943,141
943,150
943,196
943,229
943,276
944,341
943,375
944,430
943,438
943,449
943,465
943,746
943,789
943,896
943,1051
943,1133
943,1386
943,1471
944,1545
943,1606
943,1629
944,113
944,180
944,217
944,321
945,395
944,400
944,451
945,569
944,632
944,914
945,1003
944,1032
944,1039
944,1179
944,1408
944,1560
944,1568
944,1614
945,95
945,183
945,195
945,224
945,227
946,231
945,246
945,271
945,278
947,311
945,324
945,388
945,446
945,484
945,684
945,686
945,704
945,708
945,728
945,950
945,1049
946,1151
945,1189
945,1199
945,1420
945,1428
945,1453
945,1472
945,1494
945,1576
945,1601
945,1618
946,45
946,88
946,112
946,124
946,166
946,169
946,178
946,210
946,268
946,304
946,320
946,334
946,359
946,398
946,469
947,564
946,772
946,796
946,842
947,899
947,939
947,1020
946,1032
946,1269
946,1286
946,1380
946,1388
946,1432
946,1480
946,1611
946,1634
947,122
947,142
947,224
947,287
947,295
947,351
947,355
947,508
947,524
947,722
947,746
947,943
947,970
947,989
947,1007
947,1011
947,1043
947,1417
947,1455
947,1566
948,1598
948,18
948,35
948,43
948,52
948,66
948,74
948,90
948,129
948,172
948,180
948,227
950,391
948,401
948,446
950,457
950,543
948,574
949,929
948,1014
948,1034
948,1058
948,1127
949,1258
948,1267
948,1434
949,1556
948,1580
949,1588
949,1593
948,1615
948,1629
950,55
949,116
949,146
949,184
949,279
949,297
950,332
950,359
949,560
949,739
949,889
949,891
949,1002
949,1023
949,1052
949,1261
949,1278
949,1282
949,1395
949,1437
949,1493
949,1612
950,62
950,226
950,291
950,347
951,373
950,377
951,433
950,521
950,633
950,757
951,1028
950,1212
950,1256
950,1290
950,1391
951,1411
951,1459
950,1522
950,1567
951,1572
951,30
951,40
951,162
951,168
951,230
951,241
951,256
951,402
952,453
952,510
951,528
951,562
951,656
951,979
952,1097
951,1381
951,1417
951,1426
951,1483
951,1503
951,1509
951,1515
951,1542
951,1580
951,1633
953,15
952,61
952,120
952,233
952,235
952,294
953,300
952,351
952,400
952,502
952,680
952,723
952,754
952,794
952,804
952,809
952,850
952,1004
952,1041
952,1104
952,1169
952,1187
953,1271
953,71
953,87
953,181
953,243
953,336
953,338
954,347
953,436
954,486
953,516
954,655
953,660
953,790
953,836
953,969
953,997
953,1032
953,1049
953,1154
953,1235
953,1365
954,1467
953,1515
953,1532
953,1578
955,2
954,28
954,40
955,78
954,112
954,159
955,229
954,238
954,333
954,369
954,397
954,524
954,576
954,583
954,674
954,703
954,708
954,752
954,825
954,893
954,1171
954,1367
954,1378
954,1411
954,1420
955,1423
954,1471
954,1583
955,25
955,96
955,143
955,152
955,259
955,297
956,308
955,390
955,472
956,502
955,506
955,724
955,843
955,902
955,1034
955,1125
955,1523
955,1555
956,59
956,65
956,75
956,118
956,210
956,267
956,314
956,341
956,355
958,371
957,446
956,551
956,554
956,664
956,689
956,782
956,798
956,855
956,860
957,1049
956,1112
956,1117
956,1156
956,1172
956,1386
956,1502
956,1508
958,1515
956,1563
956,1570
956,1584
956,1594
956,1635
956,1639
959,52
957,264
958,275
957,410
957,453
957,457
959,509
957,524
957,541
957,650
957,712
957,716
957,829
957,983
957,1045
957,1179
957,1214
958,1232
957,1236
957,1420
958,1528
958,1605
957,1622
957,1637
958,8
958,44
958,107
958,118
958,179
958,211
958,213
958,299
958,334
958,339
959,388
959,497
958,532
958,700
959,759
958,887
958,891
958,905
958,964
958,1149
958,1376
959,1407
958,1483
958,1563
958,1573
958,1577
959,57
960,220
959,233
959,303
959,461
959,521
959,549
959,573
959,1001
959,1263
959,1387
959,1396
959,1489
959,1505
959,1551
959,1591
959,1611
959,1618
960,104
960,336
960,352
960,409
960,417
960,437
960,479
960,565
960,718
960,722
960,729
960,774
960,908
960,976
962,981
960,1035
960,1055
960,1064
960,1116
960,1141
960,1239
960,1256
960,1371
960,1574
960,1579
961,1600
960,1626
961,3
961,10
961,36
961,53
961,67
961,142
961,182
961,185
961,206
961,215
961,262
961,294
962,299
961,342
961,358
961,431
961,522
961,545
961,575
961,675
961,732
961,788
961,837
961,985
961,1066
961,1133
961,1222
961,1298
961,1413
961,1480
961,1491
961,1497
961,1506
962,1616
961,1639
961,1642
963,16
962,55
962,74
962,101
963,169
963,444
963,448
962,529
962,554
963,724
962,759
962,829
962,902
962,973
962,978
962,1123
962,1264
962,1635
963,34
963,48
964,129
964,210
963,224
964,286
963,318
963,374
963,424
963,517
963,547
963,583
963,655
963,700
963,727
963,754
963,832
963,1042
963,1048
963,1088
963,1100
963,1118
963,1203
963,1231
963,1453
963,1494
963,1628
964,80
964,124
964,164
965,241
964,270
964,278
965,306
964,343
965,382
964,402
965,415
964,421
964,441
964,493
964,526
964,531
965,574
964,579
965,713
964,895
964,988
964,1039
964,1145
964,1379
965,1487
964,1501
964,1543
964,1550
964,1591
964,1609
964,1637
965,8
965,72
965,77
965,142
965,248
965,284
966,352
966,360
965,392
965,423
965,475
965,505
965,518
965,827
965,848
965,976
965,1004
965,1044
965,1051
965,1132
966,1171
966,1193
965,1208
965,1277
965,1371
965,1383
965,1394
965,1450
965,1504
965,1511
966,1633
966,55
966,222
967,234
967,258
966,419
966,556
967,723
966,727
966,752
966,771
966,970
966,1103
966,1200
966,1226
966,1236
966,1300
967,1376
966,1544
966,1557
966,1595
967,1624
966,1636
967,8
967,135
967,229
967,275
967,335
967,349
967,427
967,446
967,515
967,529
967,561
967,664
967,732
967,765
967,866
967,953
967,974
967,979
967,1031
967,1318
967,1334
967,1371
969,1478
967,1552
967,1579
967,1591
968,4
968,10
968,36
968,129
968,139
968,213
968,344
968,398
968,449
968,474
968,666
968,705
969,803
968,839
968,845
968,889
968,967
968,988
968,1025
968,1127
968,1262
968,1394
969,1466
968,1506
970,1518
968,1601
968,1637
969,14
969,85
969,313
969,359
970,546
969,731
969,751
969,836
970,1138
969,1236
969,1278
969,1317
969,1495
969,1501
969,1508
969,1560
969,1582
970,1590
970,1632
970,58
971,103
970,166
970,204
970,322
971,337
970,454
970,542
970,708
970,977
970,1028
970,1034
970,1089
970,1312
970,1400
970,1416
970,1522
971,1548
971,69
971,118
971,129
971,178
971,194
971,224
971,234
971,260
971,326
971,412
971,432
971,460
971,554
971,595
971,646
971,700
972,743
972,787
971,864
971,1043
971,1253
971,1281
971,1297
972,1327
971,1498
971,1526
971,1598
971,1621
972,89
973,154
973,265
972,384
972,449
972,471
974,490
972,522
972,565
972,619
972,781
972,790
972,820
972,870
972,877
972,912
972,964
972,996
972,1055
972,1058
972,1171
972,1201
972,1246
972,1267
972,1318
972,1605
973,34
973,40
974,77
973,92
973,130
973,200
973,235
973,305
973,315
973,319
973,324
973,451
973,462
973,488
973,698
973,724
973,921
973,979
973,1033
973,1179
973,1204
973,1313
974,1391
973,1403
973,1480
973,1511
973,1590
973,1612
975,15
974,55
974,98
975,166
974,217
974,257
974,274
974,359
975,516
974,556
974,623
974,654
974,659
974,734
974,816
974,868
974,887
974,964
974,1039
974,1110
974,1320
975,46
975,74
975,229
976,321
975,354
975,380
975,382
975,395
975,833
975,850
975,860
976,912
975,971
975,981
975,1113
975,1247
975,1266
975,1526
975,1541
975,1594
976,1613
977,38
976,120
976,175
976,192
976,270
976,336
976,431
976,510
976,584
976,707
976,760
976,782
976,852
977,877
976,882
976,976
976,1002
976,1273
976,1300
976,1401
976,1411
976,1481
977,1617
977,182
977,217
977,239
977,274
977,314
977,407
977,413
978,425
977,472
977,546
977,569
977,819
977,857
977,870
978,907
977,1036
977,1114
977,1175
977,1197
977,1540
979,83
978,96
978,121
980,231
981,402
978,433
978,519
978,522
978,567
978,650
978,678
978,738
978,816
978,874
978,968
978,1121
978,1243
978,1274
978,1312
978,1465
978,1530
978,1534
978,1552
978,1557
978,1626
979,135
979,173
981,177
979,184
979,189
979,199
979,240
979,409
979,469
979,701
979,763
979,1022
979,1392
979,1484
979,1555
979,1601
979,1611
980,31
980,52
981,93
980,105
980,273
980,276
980,332
980,354
980,421
980,448
980,508
980,642
980,704
980,710
980,714
980,808
980,848
980,869
980,877
980,884
980,1142
980,1253
980,1270
980,1295
980,1317
980,1462
980,1474
980,1520
980,1622
983,38
981,99
981,152
981,223
981,242
981,261
982,346
981,391
981,399
981,461
982,476
981,491
981,505
981,530
981,580
981,779
981,953
981,1122
981,1287
982,1549
982,25
982,158
982,209
982,259
982,356
982,437
982,589
982,867
982,909
982,969
982,985
982,1044
982,1112
982,1141
982,1174
982,1230
983,1261
983,1512
983,74
984,80
983,96
983,101
983,109
983,121
983,155
986,179
984,236
983,253
983,350
983,387
983,391
983,406
983,430
984,446
984,522
983,563
983,690
983,822
983,833
983,850
983,880
983,891
983,900
983,912
983,973
983,1012
983,1036
983,1318
983,1468
983,1475
983,1494
983,1559
983,1587
983,1591
984,53
984,94
984,141
984,165
984,183
984,223
984,257
984,441
984,450
984,558
984,587
984,601
984,639
986,736
985,784
984,854
984,872
984,874
984,955
984,1151
984,1204
984,1289
984,1507
984,1516
984,1529
984,1551
984,1577
984,1610
984,1622
987,106
985,112
985,119
985,267
985,395
985,434
986,516
985,563
985,633
985,687
985,717
985,720
985,742
985,776
985,814
985,829
985,835
985,904
985,967
985,996
985,1038
985,1097
985,1126
985,1167
985,1281
986,1526
985,1535
985,1587
986,51
986,77
987,91
986,124
986,130
986,162
986,198
987,227
986,290
986,317
987,344
987,363
986,540
986,581
986,726
986,763
986,791
986,868
986,872
988,877
986,991
986,1029
986,1069
986,1109
987,1252
986,1297
986,1465
986,1509
986,1532
986,1579
986,1594
986,1620
987,22
987,37
987,69
987,135
987,209
987,412
987,526
987,556
987,561
988,593
987,609
987,687
987,693
987,814
987,962
987,996
987,1019
987,1134
987,1482
987,1496
987,1543
987,1585
987,1613
989,17
988,187
988,445
989,563
988,632
988,789
988,820
988,971
988,979
988,1015
988,1125
988,1148
988,1160
988,1177
988,1301
988,1472
988,1516
988,1538
988,1560
989,1593
988,1625
989,5
989,43
989,82
989,85
989,133
989,140
989,163
990,199
989,289
989,313
989,327
990,331
989,382
990,407
989,415
989,438
989,582
989,626
989,666
989,669
989,834
989,837
989,993
989,1020
989,1098
989,1199
989,1394
990,1415
989,1576
989,1604
989,1618
989,1629
989,1641
990,36
990,53
991,67
990,122
990,157
990,181
990,187
990,207
990,237
990,269
991,349
990,391
990,480
990,489
990,509
990,515
990,528
990,636
990,678
990,781
990,802
990,1017
990,1058
990,1064
990,1172
990,1195
990,1225
990,1243
990,1256
990,1388
990,1462
991,1478
990,1558
990,1565
991,25
991,77
991,87
991,213
992,229
991,251
992,266
991,274
991,401
991,604
991,629
991,651
991,656
991,747
992,790
991,794
991,831
991,896
991,991
991,1027
991,1041
991,1141
991,1207
991,1283
991,1313
991,1391
991,1400
991,1457
991,1492
991,1500
991,1508
991,1531
991,1545
991,1588
992,125
992,134
992,137
992,165
992,216
992,227
992,383
992,440
992,451
992,546
992,548
992,560
992,569
992,606
992,611
992,698
992,734
992,899
992,976
992,1065
992,1109
993,1134
992,1148
992,1181
992,1218
992,1291
992,1408
992,1502
992,1559
992,1567
992,1573
992,1601
993,1
993,9
993,33
993,52
993,104
993,123
993,185
993,241
994,334
993,512
993,527
994,566
993,601
994,730
993,876
993,957
994,1016
994,1097
995,1101
993,1201
993,1209
993,1226
993,1285
993,1484
993,1486
993,1621
994,15
994,63
994,73
994,154
994,207
994,271
994,299
995,412
994,458
994,463
994,507
994,661
994,785
994,1039
994,1185
994,1246
994,1273
994,1290
995,1318
994,1410
994,1506
994,1512
994,1539
994,1593
995,25
999,69
995,106
995,167
995,172
995,190
995,232
995,287
995,316
996,341
995,357
995,437
995,478
995,516
995,619
995,778
995,1037
995,1140
995,1208
995,1221
995,1324
995,1412
995,1465
996,1484
995,1519
995,1582
995,1607
996,111
996,130
997,143
996,218
996,251
996,347
996,447
996,530
996,560
996,628
997,742
996,844
996,867
996,874
996,961
996,967
996,1052
996,1058
996,1071
996,1112
996,1115
996,1191
997,1280
996,1393
996,1493
996,1497
996,1505
996,1563
997,1575
996,1628
997,16
997,157
997,210
997,223
997,232
998,351
998,457
997,540
997,565
997,614
998,619
997,661
997,789
997,793
997,856
997,1000
997,1090
997,1196
997,1206
997,1294
997,1405
997,1413
997,1555
997,1571
997,1596
998,54
999,87
998,95
998,104
998,194
998,258
998,294
998,401
998,441
998,780
998,883
998,1038
998,1062
998,1085
998,1179
998,1220
998,1233
998,1396
998,1418
999,1465
998,1585
998,1625
999,13
999,27
999,62
999,173
999,249
999,278
999,290
999,308
999,315
999,405
999,444
999,466
999,476
999,494
999,570
999,626
999,791
999,810
999,859
999,892
999,955
999,962
999,979
999,988
999,1000
999,1093
999,1183
999,1194
999,1472
999,1491
999,1500
999,1552
999,1564
999,1598
999,1629
1000,24
1001,105
1000,235
1000,256
1000,267
1000,327
1000,341
1000,403
1000,412
1001,416
1000,487
1001,522
1000,565
1001,750
1000,813
1000,969
1000,1117
1000,1233
1000,1299
1000,1398
1000,1511
1001,1516
1000,1525
1000,1590
1000,1609
1002,31
1001,56
1002,83
1001,130
1001,216
1001,263
1001,297
1001,303
1001,331
1001,463
1001,474
1001,500
1001,605
1001,633
1001,741
1002,1047
1001,1246
1002,1414
1001,1504
1001,1536
1001,1568
1001,1575
1001,1583
1002,1605
1002,1614
1001,1632
1001,1636
1002,21
1002,40
1002,79
1002,126
1002,204
1002,225
1002,257
1003,304
1002,406
1003,490
1002,625
1002,658
1002,669
1002,739
1002,795
1002,852
1002,960
1003,977
1002,991
1002,998
1002,1109
1002,1151
1002,1174
1002,1203
1002,1402
1002,1480
1002,1492
1002,1523
1002,1561
1003,66
1003,89
1003,97
1004,100
1004,108
1003,147
1003,155
1004,168
1003,199
1003,237
1003,277
1003,314
1003,345
1003,395
1003,504
1004,537
1003,599
1003,621
1003,727
1003,814
1003,1104
1003,1141
1003,1191
1003,1289
1003,1466
1003,1474
1003,1548
1003,1573
1005,1580
1004,3
1004,9
1004,212
1005,309
1005,318
1004,409
1004,447
1004,476
1004,609
1005,715
1005,745
1004,804
1004,1017
1004,1085
1004,1188
1004,1270
1004,1309
1005,1400
1004,1422
1004,1497
1004,1508
1004,1515
1005,1545
1004,1618
1004,1626
1004,1630
1006,56
1005,81
1007,139
1005,150
1005,209
1005,237
1005,271
1005,349
1005,619
1006,628
1005,779
1005,819
1005,877
1006,1035
1005,1070
1005,1113
1005,1249
1005,1395
1005,1502
1005,1539
1006,193
1006,197
1006,306
1007,312
1006,323
1006,339
1006,398
1006,662
1006,848
1006,860
1006,867
1006,909
1007,954
1007,1245
1006,1272
1006,1466
1006,1472
1007,1567
1006,1608
1007,1625
1007,5
1008,12
1007,25
1007,27
1008,69
1008,73
1007,123
1007,180
1007,228
1007,247
1007,254
1008,296
1007,334
1007,341
1007,401
1007,453
1007,492
1007,503
1007,535
1007,544
1007,636
1007,979
1008,1137
1007,1146
1007,1150
1007,1158
1007,1403
1007,1574
1007,1614
1007,1630
1009,20
1008,121
1008,234
1008,265
1008,267
1008,282
1008,293
1008,350
1008,360
1009,416
1008,548
1009,632
1008,650
1008,808
1008,998
1008,1042
1008,1082
1008,1091
1008,1123
1008,1202
1008,1305
1008,1387
1008,1413
1008,1528
1010,8
1010,16
1009,52
1009,99
1009,106
1009,112
1009,154
1009,250
1009,307
1009,480
1009,485
1009,551
1010,564
1009,622
1009,643
1009,755
1009,823
1009,863
1009,889
1009,993
1009,1012
1009,1073
1009,1239
1009,1417
1010,1548
1010,1554
1009,1571
1009,1598
1009,1608
1010,2
1010,25
1011,34
1010,57
1010,121
1010,158
1010,259
1010,282
1010,322
1010,342
1010,386
1010,403
1010,527
1010,542
1010,711
1010,725
1010,748
1010,892
1010,985
1010,1202
1010,1273
1010,1296
1011,1401
1011,1536
1010,1633
1011,129
1011,177
1011,213
1012,303
1011,310
1011,313
1011,488
1011,529
1011,539
1011,661
1011,667
1013,730
1011,776
1012,863
1011,1052
1011,1083
1011,1107
1013,1132
1012,1186
1011,1305
1011,1544
1012,1581
1011,1600
1012,1636
1012,63
1012,65
1013,74
1012,101
1012,123
1012,138
1012,153
1013,163
1012,324
1012,332
1012,347
1012,393
1012,463
1012,471
1012,512
1012,518
1014,544
1012,652
1012,699
1012,709
1012,738
1012,828
1014,921
1012,1004
1012,1234
1012,1372
1012,1514
1012,1619
1012,1625
1013,4
1013,95
1013,199
1013,355
1014,397
1013,496
1013,571
1013,832
1014,850
1013,894
1013,989
1013,1052
1013,1059
1014,1142
1013,1406
1013,1435
1013,1509
1013,1542
1013,1588
1013,1602
1014,8
1014,19
1014,31
1014,46
1014,59
1014,68
1014,92
1014,116
1015,119
1014,136
1014,150
1014,172
1014,178
1016,221
1014,239
1014,280
1014,286
1014,328
1014,358
1014,389
1014,457
1014,480
1014,523
1014,529
1014,623
1014,669
1015,720
1014,868
1014,910
1014,982
1014,1077
1014,1223
1015,1307
1015,34
1015,42
1015,102
1015,166
1015,169
1015,228
1015,338
1015,407
1015,521
1015,569
1015,740
1015,760
1015,762
1015,841
1015,880
1015,1064
1016,1091
1015,1097
1015,1119
1016,1234
1015,1244
1015,1279
1015,1292
1015,1473
1015,1497
1015,1511
1015,1525
1015,1544
1015,1546
1015,1592
1016,1608
1017,1619
1016,19
1016,32
1016,70
1016,83
1018,113
1016,134
1016,160
1016,265
1016,447
1016,465
1016,471
1016,525
1016,647
1016,674
1016,708
1016,716
1016,725
1016,783
1017,826
1016,924
1016,952
1016,1012
1016,1158
1016,1183
1016,1399
1016,1584
1016,1604
1017,100
1017,122
1017,202
1017,251
1017,283
1017,305
1017,358
1017,394
1017,399
1017,532
1017,750
1017,758
1017,917
1017,1044
1017,1301
1017,1463
1018,1470
1017,1538
1017,1566
1017,1572
1017,1623
1018,11
1018,17
1018,30
1020,55
1018,90
1018,107
1019,136
1018,174
1018,207
1019,227
1018,290
1018,336
1018,373
1018,406
1018,522
1018,566
1018,929
1018,1040
1018,1237
1018,1365
1018,1378
1018,1409
1018,1526
1018,1625
1019,8
1019,21
1019,39
1019,70
1019,82
1020,349
1019,621
1019,674
1019,682
1019,712
1019,727
1019,757
1020,952
1019,1015
1019,1017
1019,1065
1019,1157
1019,1212
1019,1228
1021,1269
1019,1304
1019,1383
1019,1407
1019,1413
1019,1509
1019,1548
1019,1582
1019,1614
1019,1642
1020,25
1020,91
1020,151
1020,271
1020,313
1020,366
1020,410
1020,454
1020,667
1020,686
1021,787
1021,877
1020,928
1020,1009
1020,1097
1020,1109
1020,1115
1020,1218
1020,1274
1020,1292
1020,1360
1020,1364
1021,1403
1020,1501
1020,1532
1020,1602
1021,2
1021,13
1021,61
1021,79
1021,86
1021,159
1021,197
1021,263
1021,370
1021,396
1021,435
1021,499
1021,725
1024,794
1021,868
1021,888
1021,1094
1021,1178
1021,1253
1021,1506
1021,1553
1021,1565
1021,1581
1021,1583
1021,1595
1021,1633
1022,49
1022,57
1022,73
1022,108
1022,114
1022,121
1022,261
1022,283
1022,328
1022,344
1023,364
1022,436
1022,447
1022,531
1022,681
1022,735
1022,755
1022,827
1022,941
1022,1039
1022,1147
1022,1197
1022,1218
1023,1417
1022,1462
1022,1470
1022,1511
1024,18
1023,154
1024,213
1023,280
1024,333
1023,391
1023,498
1023,521
1023,567
1023,722
1023,963
1023,1388
1023,1477
1023,1607
1023,1629
1024,11
1024,61
1024,98
1024,117
1024,132
1024,187
1025,249
1024,275
1024,315
1024,394
1024,401
1024,445
1024,485
1024,540
1024,662
1024,679
1024,684
1024,802
1024,910
1024,929
1024,1018
1024,1034
1024,1204
1024,1239
1025,1275
1024,1285
1024,1408
1024,1465
1024,1467
1024,1557
1024,1561
1025,1595
1024,1599
1024,1617
1025,6
1025,9
1025,109
1027,266
1025,534
1025,715
1025,755
1025,888
1025,1012
1025,1054
1025,1177
1025,1222
1025,1299
1025,1379
1026,1384
1025,1425
1025,1506
1026,1531
1025,1550
1025,1554
1025,1580
1026,13
1026,44
1026,98
1026,154
1026,222
1026,255
1027,370
1026,444
1026,524
1026,526
1026,736
1026,817
1026,823
1026,831
1026,859
1026,869
1026,1006
1026,1048
1027,1267
1026,1304
1026,1461
1026,1474
1026,1566
1027,16
1028,33
1027,75
1027,123
1028,142
1027,148
1027,185
1027,197
1027,218
1027,226
1027,384
1027,450
1027,489
1027,493
1027,510
1027,661
1027,721
1027,762
1027,821
1027,864
1027,882
1027,960
1027,1052
1027,1074
1027,1112
1027,1587
1027,1601
1027,1613
1028,5
1028,40
1028,95
1028,119
1028,161
1028,311
1028,313
1028,324
1028,337
1028,398
1028,411
1028,442
1028,447
1029,483
1028,678
1029,838
1029,1003
1028,1009
1028,1041
1028,1176
1028,1459
1028,1503
1028,1537
1028,1549
1028,1563
1029,17
1029,30
1029,52
1030,136
1029,179
1031,359
1029,377
1029,426
1029,712
1029,834
1029,858
1029,1157
1029,1212
1029,1278
1029,1284
1029,1389
1030,1412
1029,1532
1029,1545
1029,1567
1029,1590
1029,1597
1029,1639
1030,37
1030,73
1030,111
1030,125
1030,150
1030,187
1030,272
1030,352
1030,371
1030,387
1030,503
1030,531
1031,808
1030,827
1030,921
1030,957
1030,963
1030,1024
1030,1027
1030,1044
1030,1206
1030,1225
1030,1253
1030,1331
1030,1395
1030,1547
1030,1576
1030,1600
1030,1608
1030,1621
1031,5
1031,103
1031,158
1031,214
1031,245
1031,401
1031,479
1031,486
1031,494
1031,539
1031,672
1031,705
1031,796
1031,880
1031,916
1032,1168
1031,1180
1032,1373
1032,1475
1031,1552
1031,1611
1034,8
1032,23
1032,128
1032,143
1032,146
1032,155
1033,173
1032,179
1032,182
1032,228
1033,259
1033,378
1032,483
1033,685
1032,785
1032,862
1032,1059
1033,1218
1032,1333
1032,1363
1034,1536
1033,1592
1032,1641
1033,2
1033,58
1033,84
1033,153
1033,165
1033,190
1034,351
1034,398
1033,422
1033,447
1033,462
1034,487
1034,503
1033,516
1033,536
1033,671
1033,695
1033,809
1033,959
1033,1062
1033,1468
1034,1520
1033,1550
1033,1636
1034,105
1034,185
1034,241
1034,366
1034,441
1035,491
1034,497
1034,852
1034,1080
1034,1165
1034,1233
1034,1257
1034,1426
1034,1428
1034,1431
1034,1555
1034,1559
1035,1606
1034,1639
1035,18
1035,62
1035,82
1035,108
1036,272
1035,340
1035,382
1035,406
1035,414
1035,434
1036,451
1035,470
1035,534
1035,547
1036,804
1035,1112
1035,1182
1035,1203
1035,1343
1035,1377
1035,1402
1035,1410
1036,1418
1035,1506
1035,1526
1035,1550
1035,1588
1038,24
1036,125
1036,137
1036,152
1036,208
1037,320
1036,384
1036,439
1036,445
1036,691
1036,726
1036,755
1037,809
1036,1025
1036,1261
1036,1274
1037,1357
1036,1387
1036,1481
1036,1516
1036,1599
1037,51
1037,64
1037,77
1037,139
1037,231
1037,417
1037,457
1037,495
1037,509
1037,707
1037,709
1037,916
1038,1252
1037,1310
1037,1331
1038,1365
1037,1534
1037,1553
1037,1597
1037,1601
1037,1613
1038,14
1038,100
1038,175
1038,249
1038,266
1038,393
1038,466
1038,516
1038,529
1038,724
1038,739
1038,745
1038,839
1038,1002
1038,1065
1038,1174
1038,1178
1038,1180
1038,1213
1038,1296
1038,1400
1038,1424
1038,1507
1038,1578
1038,1580
1038,1586
1038,1620
1038,1634
1039,7
1039,44
1040,69
1040,102
1039,147
1039,165
1039,346
1039,377
1040,397
1039,402
1039,418
1039,427
1039,435
1039,442
1040,481
1039,509
1039,683
1039,704
1039,824
1039,852
1039,1160
1039,1205
1039,1269
1039,1314
1039,1404
1040,1411
1039,1421
1039,1470
1039,1500
1039,1523
1039,1555
1039,1560
1040,136
1040,154
1040,199
1040,242
1040,278
1040,356
1040,362
1040,366
1040,459
1040,530
1040,702
1040,741
1040,773
1040,1017
1040,1058
1040,1172
1040,1219
1040,1244
1040,1278
1041,1399
1040,1467
1041,1486
1040,1582
1040,1634
1040,1640
1041,19
1041,52
1041,128
1041,139
1041,172
1041,181
1041,330
1041,401
1041,454
1041,824
1041,956
1041,973
1042,1008
1041,1012
1041,1063
1041,1083
1042,1154
1041,1370
1041,1392
1041,1472
1041,1575
1041,1616
1042,17
1042,95
1043,138
1042,255
1042,425
1042,463
1042,512
1042,679
1042,689
1042,707
1042,728
1043,785
1042,894
1042,920
1042,975
1042,1306
1042,1379
1042,1427
1042,1571
1044,19
1043,33
1043,36
1043,50
1043,64
1043,151
1043,159
1043,163
1043,205
1043,229
1043,277
1043,316
1043,384
1043,407
1043,432
1043,749
1043,835
1043,857
1043,969
1043,1087
1043,1174
1043,1190
1043,1261
1044,1295
1043,1302
1045,1514
1044,1548
1043,1551
1044,5
1044,28
1044,39
1045,47
1044,57
1044,86
1044,143
1044,188
1045,245
1044,253
1044,257
1044,259
1044,372
1044,393
1044,420
1044,484
1044,813
1044,827
1044,896
1044,986
1044,1120
1044,1200
1044,1222
1044,1257
1045,1267
1044,1354
1044,1464
1044,1554
1044,1565
1044,1616
1045,2
1046,23
1046,67
1045,71
1046,81
1045,93
1045,111
1046,133
1045,210
1045,265
1045,383
1047,388
1045,405
1045,414
1045,455
1045,496
1046,505
1045,519
1045,751
1045,773
1045,1038
1045,1043
1045,1101
1045,1288
1045,1397
1047,1506
1045,1540
1046,31
1046,89
1048,100
1047,152
1047,167
1046,185
1046,239
1046,250
1046,284
1046,423
1046,460
1046,536
1046,573
1046,753
1046,794
1046,908
1046,961
1046,1117
1047,1299
1047,1379
1046,1392
1047,1401
1047,1565
1046,1622
1047,76
1047,105
1048,158
1048,195
1047,256
1047,296
1047,403
1047,476
1047,515
1047,562
1047,747
1047,761
1048,974
1047,999
1047,1058
1047,1098
1047,1200
1047,1273
1047,1451
1048,1478
1047,1517
1047,1557
1047,1608
1047,1619
1048,1638
1048,19
1048,74
1048,96
1048,204
1048,231
1048,250
1048,282
1049,292
1048,346
1048,395
1048,416
1049,464
1048,535
1049,577
1048,591
1048,609
1048,755
1048,785
1048,813
1048,827
1048,858
1048,951
1048,1036
1048,1069
1048,1081
1048,1146
1049,1231
1048,1311
1048,1342
1048,1384
1048,1410
1048,1455
1048,1483
1048,1493
1048,1496
1048,1548
1049,1569
1048,1610
1052,1622
1049,27
1049,35
1050,110
1049,170
1049,187
1049,235
1049,569
1049,604
1049,692
1049,919
1049,1003
1049,1086
1049,1092
1049,1105
1049,1127
1049,1246
1049,1319
1049,1350
1049,1390
1049,1463
1050,1517
1050,1634
1050,3
1050,14
1050,16
1050,67
1050,74
1050,143
1052,192
1050,206
1050,215
1050,264
1050,585
1050,961
1050,969
1050,983
1050,1077
1050,1253
1050,1293
1050,1336
1050,1347
1050,1353
1050,1399
1050,1404
1051,1449
1050,1491
1050,1520
1050,1558
1050,1562
1050,1565
1050,1629
1051,54
1051,82
1051,94
1052,98
1051,165
1051,201
1051,414
1052,427
1052,479
1051,544
1051,730
1051,758
1051,909
1051,1034
1051,1105
1051,1175
1051,1275
1051,1308
1051,1365
1051,1384
1051,1390
1051,1413
1051,1488
1051,1500
1053,1572
1052,1577
1051,1618
1051,1638
1053,11
1054,24
1052,40
1052,50
1052,91
1052,253
1053,378
1052,417
1054,465
1052,531
1052,559
1052,573
1052,583
1052,591
1052,681
1052,789
1052,854
1052,930
1052,1039
1052,1119
1052,1158
1052,1266
1053,1290
1052,1322
1053,1402
1052,1466
1053,1490
1052,1502
1052,1567
1053,59
1053,71
1053,127
1053,203
1053,225
1053,258
1053,294
1053,514
1053,526
1053,556
1053,611
1054,615
1053,769
1053,843
1053,895
1053,965
1053,1022
1053,1090
1054,1114
1053,1123
1053,1147
1053,1171
1053,1334
1053,1356
1053,1456
1053,1556
1053,1585
1054,1607
1054,1613
1053,1616
1053,1640
1054,15
1054,38
1055,65
1054,79
1054,85
1054,145
1054,167
1055,210
1054,266
1054,412
1054,505
1054,540
1054,580
1054,619
1054,688
1054,1032
1054,1108
1054,1175
1054,1220
1054,1242
1054,1314
1055,1600
1054,1627
1054,1635
1055,20
1056,100
1056,124
1055,184
1055,227
1055,259
1055,383
1055,455
1055,508
1055,512
1055,583
1055,630
1055,747
1055,751
1055,824
1055,900
1056,954
1055,1017
1055,1039
1055,1051
1055,1156
1055,1188
1055,1228
1056,1254
1055,1262
1055,1272
1055,1348
1055,1441
1055,1471
1056,1475
1055,1550
1056,1578
1055,1583
1056,48
1056,72
1056,111
1056,379
1056,412
1057,460
1056,525
1056,565
1057,612
1056,711
1056,732
1056,813
1056,856
1056,865
1056,1006
1056,1150
1056,1177
1056,1223
1056,1317
1057,1379
1056,1430
1057,1457
1056,1495
1057,1513
1056,1527
1056,1543
1056,1592
1056,1641
1058,41
1057,55
1058,59
1057,131
1057,158
1057,222
1057,281
1057,386
1057,420
1058,429
1057,492
1057,536
1057,573
1057,650
1057,902
1057,950
1058,969
1057,1011
1057,1033
1057,1051
1057,1112
1057,1124
1057,1217
1057,1367
1057,1394
1061,1403
1057,1411
1057,1436
1057,1504
1057,1562
1058,1582
1057,1594
1057,1636
1058,2
1058,5
1058,13
1060,21
1059,29
1058,115
1058,128
1059,144
1058,169
1058,180
1058,182
1060,199
1058,226
1058,255
1058,379
1058,471
1058,482
1058,562
1058,584
1058,691
1058,708
1058,843
1058,987
1058,1009
1058,1024
1058,1092
1058,1147
1058,1152
1058,1190
1058,1245
1058,1276
1058,1382
1058,1545
1059,1549
1058,1568
1059,1605
1059,1615
1058,1620
1060,8
1059,67
1060,68
1059,99
1060,109
1059,120
1060,172
1059,208
1059,224
1059,233
1060,245
1059,258
1059,277
1059,464
1060,502
1059,508
1059,628
1059,647
1059,704
1059,869
1059,1182
1059,1256
1059,1554
1059,1600
1060,1632
1059,1635
1061,15
1060,33
1061,126
1060,130
1060,156
1060,252
1060,392
1060,415
1060,422
1060,489
1060,518
1060,621
1060,641
1062,720
1060,727
1060,734
1060,739
1060,744
1060,881
1060,1054
1060,1108
1060,1162
1060,1188
1060,1307
1061,1424
1060,1487
1062,1504
1060,1533
1060,1565
1060,1578
1060,1637
1061,83
1061,166
1061,283
1061,385
1061,420
1061,426
1061,555
1061,763
1061,765
1061,840
1062,1029
1062,1046
1061,1120
1062,1193
1061,1289
1061,1367
1061,1438
1062,1443
1061,1464
1061,1483
1061,1490
1061,1589
1061,1597
1061,1609
1062,48
1062,51
1062,79
1062,113
1063,145
1062,221
1062,228
1062,233
1062,378
1062,417
1062,560
1062,578
1062,829
1062,872
1062,875
1062,888
1062,948
1062,1059
1062,1101
1062,1112
1062,1139
1062,1188
1062,1230
1062,1340
1062,1446
1062,1509
1062,1557
1062,1576
1062,1640
1063,54
1063,70
1063,89
1063,132
1063,136
1064,154
1063,402
1064,483
1063,530
1063,548
1063,551
1063,614
1063,640
1063,725
1063,743
1063,767
1063,958
1063,1004
1064,1109
1063,1130
1063,1148
1063,1180
1063,1236
1063,1282
1063,1415
1063,1436
1064,1459
1063,1528
1063,1548
1064,7
1064,64
1064,121
1065,250
1064,274
1064,382
1064,394
1064,454
1064,458
1064,490
1064,496
1064,584
1064,604
1064,705
1064,733
1064,863
1065,1073
1064,1225
1064,1447
1064,1494
1064,1519
1064,1542
1064,1576
1064,1595
1065,1604
1065,19
1065,27
1065,34
1066,114
1065,129
1065,141
1065,186
1065,191
1065,195
1065,236
1065,370
1065,399
1065,418
1065,434
1065,504
1065,508
1065,718
1065,763
1065,1070
1065,1086
1065,1162
1065,1167
1065,1169
1065,1288
1065,1296
1065,1388
1065,1408
1065,1434
1065,1498
1065,1525
1065,1582
1065,1608
1065,1623
1066,40
1066,145
1066,225
1066,294
1066,338
1066,406
1067,431
1066,494
1066,517
1066,535
1066,548
1066,1000
1066,1026
1066,1116
1066,1153
1066,1257
1066,1442
1066,1510
1066,1564
1066,1568
1066,1600
1067,13
1067,28
1067,449
1067,510
1067,590
1067,870
1067,944
1067,1205
1067,1216
1067,1367
1067,1398
1067,1401
1067,1598
1068,178
1068,207
1068,244
1068,263
1068,691
1068,827
1068,963
1068,1335
1068,1501
